municipio,categoria,titulo,fonte,data,resumo,link
Água Clara,Educação e Negócios,Arauco capacita operadores e mecânicos florestais - Hojemais.com.br,Hojemais.com.br,"Mon, 10 Aug 2026 07:00:00 GMT",Arauco capacita operadores e mecânicos florestais  Hojemais.com.br,https://news.google.com/rss/articles/CBMipgFBVV95cUxQX2tNN25WdDBEMGpicE5DTmJNNVVCUzNBblBwc1ZCclFSenRwQTlkN2ZxMlFvdzFvR3QtaFhfT2huaHBQNWsySE1lYmVXellIQWhvak9INmRaSXRpLWV5N19QSVYwRUlCSGNJbTdQaGs5QkpJSU5FeWRwcnhYbUhsNXFXZXZDaWRES3NYLTFnNjZfNmJlOUR3Q21CVFdMdHRXUkNxX2JR?oc=5
Água Clara,Educação e Negócios,SESI-PA promove capacitação para professores e SENAI-MS oferece curso com bolsa de R$ 1 mil - Agência de Notícias da Indústria,Agência de Notícias da Indústria,"Fri, 20 Dec 2024 08:00:00 GMT",SESI-PA promove capacitação para professores e SENAI-MS oferece curso com bolsa de R$ 1 mil  Agência de Notícias da Indústria,https://news.google.com/rss/articles/CBMi7wFBVV95cUxPNmlhZUtSSUdPcV9LblZDNldQRm44Q21iQ3p1Ri13MkFyQUQ3bXZ4c00xRTlkWmZHWTZFeUw0X0hjUHZzNjZtMFQyeXVvbDVzWFZyU08zS1dKamMwRDRHa2F6N0N5cVZKY3B4b25TUDlwY29oaXhfMUFwM200NDNwZzRybW0xNTRoUTJVYjFSemhKVG5Sd2pnNG9aNkx0RXJ1R2JTcUp5OHIycTRxeGxHXy04MC1rMTlFVnRyTmxISVBTUVNNdHY3T0x0MWRLaHlSU0xZUWFYRnVRTnRjWFgyNElWLU1RRUZhWExFMFJPQQ?oc=5
Água Clara,Educação e Negócios,GIRO FUNTRAB DE NOTÍCIAS – 19/07/2025 a 29/07/2025 - funtrab.ms.gov.br,funtrab.ms.gov.br,"Sat, 19 Jul 2025 07:00:00 GMT",GIRO FUNTRAB DE NOTÍCIAS – 19/07/2025 a 29/07/2025  funtrab.ms.gov.br,https://news.google.com/rss/articles/CBMihgFBVV95cUxNOHBuSjhObGNFM3VINTBfUW12S3ZIb2hWZ25wdGZxWWdZT29VQjZoYUE3VE4yNzhZZ3ZRVFRBTjlESTNlZTdtbmwyY3RIa0N3VklscllrbTZjVV9JdVplQjM0dDlWc1VJNGVndEJwZy1wV0Vzb0Z1T3hIMjBheTdxczN1QjI2UQ?oc=5
Água Clara,Educação e Negócios,"Ri Happy, Bracell, Embraer e mais: empresas têm mais de 14 mil vagas de emprego, estágio, trainee e jovem aprendiz - G1",G1,"Wed, 06 Sep 2023 07:00:00 GMT","Ri Happy, Bracell, Embraer e mais: empresas têm mais de 14 mil vagas de emprego, estágio, trainee e jovem aprendiz  G1",https://news.google.com/rss/articles/CBMinAJBVV95cUxOVmxyM2VGMHRhRU15QndSV2RhLWNKSXNxTmQwbk9JYXNiUWRqVEp4Q0VlZE0tamJTRG5SdnhmTUx5WWh4X1RXaEoyd2xvWWhZaEpjamxQRjRHZGN2STZ2NVBQY0l0azBUNVhqTXdTRFZOMzVwd0NuOGZEaHRGdC13Nkh2dnJGWW5SQVBESEoxZWRwVzNyRDdBOHRwM0tCTGNvVzA4YzV0cm1URm5oaXplME8yN2VBVkxlQmpmb2NHVXhqU1AtZ044RHVhSWwtU3lvaHZRbmxFbmRCRHA1dGpzaGZabnFJQWNadl8yVDdZa0ZTTUktOXFDb3BfZU5FV2txTGhVenV0OEEzVS1JemFwV2VtU0NjanpsbnVZONIBqwJBVV95cUxQcHJYVTNQa1VydzI3aV9kRTBTRG5YNmd4VHNOWDJCVWZycVB4MkxvQWkzVTNlSHhlRmdKMk9kZUc2cDVNdmJwMVNNVVg2SHp1Y25IM09DbWZHYTRkTlpPQUFDbkYzQldfd08yczhSRTBkb2JxU3Q3S3E5LWxORlFzSTlnQ21zOEYzRDhseVpGTXpCQzEyRU1EQWp5NlprTkJKNHdzVDVSQmNja1BKUmNfbHlzX1EtSG5zanBob1NPU2EwaVFkbmxBNUlZYkZzNlJvUlhWVFBRN1hXOWotbGptR2JNbW5KMHhRN1VjUmNNbVdOLXM4V2tnVlMyS21XTWgyeDBzOXNqenoySjRFZ1RjSGNWQ2Q2bGxmX05waUhla1VlNW9NVTcyOEk5Zw?oc=5
Água Clara,Educação e Negócios,Suzano abre processos seletivos em quatro cidades de MS - diariodigital.com.br,diariodigital.com.br,"Sun, 12 Apr 2026 07:00:00 GMT",Suzano abre processos seletivos em quatro cidades de MS  diariodigital.com.br,https://news.google.com/rss/articles/CBMipwFBVV95cUxPd1hMQzV6bzN0Sl9XMnB3a0tuNmRzN3hSY3JyR2hsc0NkTWo5c2VRNC1RdFZteUZYN2JkWGdHekUybnZYNml0bFdQeF9mZVE3NDdHYnd5d1hGRFdCY0Z2N0x1WVA4LXNGMUR2Qlk1UFFGdk1UZnNBS2ZCSFd3WkRhLS1uTXdEdGZ3TEZHNU9oTXNjUWN1b3d0SXViZTEySDVXRXJpdTAtSdIBpwFBVV95cUxOVkN1VlFmdjVSQmtuZExBTDdEalhYLXppanV0MHIzcFlBRFdveUdxRW5Lb2RYSUVSNVd0dmwwSVVMdkJtYXFrQTlMeUdVZ0RTTkFFSUVCbWdiQmhMNXdYcC1GTFN3M0pZenVUd1ZoaUplbHVrOXYyLTVnbXE2RG9OOXkzTnVkRUZwdnBTOUZjNVRFNVB5dWFocGlnYXNKWjM5dXdqbTBfZw?oc=5
Água Clara,Política e Institucional,Município de Água Clara prorroga contratos de saúde e engenharia por R$ 506 mil - O TEMPO,O TEMPO,"Tue, 11 Aug 2026 07:00:00 GMT",Município de Água Clara prorroga contratos de saúde e engenharia por R$ 506 mil  O TEMPO,https://news.google.com/rss/articles/CBMiwAFBVV95cUxObFpuOFMwZzFDNVlYbVpaYXZ4cXFZX1VONG81X2V1TVowZEx2Nlljd0pmbDZXM1FuQkl1a2RkWEZKdXJHZVdZTmRIS2xzRkYtLXBQdVU2VHczaHRKLXdnaVNjbzUwdEZDbjd0OE1oWmE0TXRpX2djeU5kRzZHNTFNZFNRalhhZVlxbjc4eVpid3R4a0tlVXZvMjF6SmFydm1lX0UtMzNOZWlkWEZLbjZJeG9TYVQ1QW5YYUQtUmZmc3jSAcYBQVVfeXFMUEVoQkpnRzM0YTB5Wk5BMHdubDFrU1RISnBTOXc2VThFYmpOdkh2aW9wLVhjRnN1NXhXemtKTHRkZjJVTjgzRlpheEFYZVNqTzZUcGR1dXBUY3lGS3dBMm1uQmJVSzc1aDBraUJSamttVTg0LU1PREJYT2dBeVNXZVJBYnhuUWtYaVpaWjZvR1dxZzZiUS1yalVRZUotNEgtQndOSXJBZGF1QWZJdTR2RUJnbDFpNXF0NWNVWXVHQnJ3Y052TENn?oc=5
Água Clara,Política e Institucional,Água Clara cria ‘voucher’ de R$ 3 mil para vereadores gastarem com internet e combustível - Midiamax,Midiamax,"Wed, 29 Apr 2026 07:00:00 GMT",Água Clara cria ‘voucher’ de R$ 3 mil para vereadores gastarem com internet e combustível  Midiamax,https://news.google.com/rss/articles/CBMisAFBVV95cUxNX21ZNy1nTEpocE9JQUZ5ekxJc0FDLXN0Zzl5ZkNSWjhPNEtBbXBSUURlVnBtbjRvcWszTHJhdFVxV2VnSzVvQ05WRk1OSkJXY3hDdERwdldkeEZ3X2dEVzVLSWhjZzhwRXU5SkJXaGNDMVpubHJkU2VsR3QzWFpjZVVYcDExSmxIN21rbFRKQnIxQUVFaWMwMzFzNTFxLVBkNk0xTTlMRlJoR3k2bVhCYw?oc=5
Água Clara,Política e Institucional,TCE-MS rejeita contas da prefeita de Água Clara por falhas fiscais - Midiamax,Midiamax,"Mon, 04 May 2026 07:00:00 GMT",TCE-MS rejeita contas da prefeita de Água Clara por falhas fiscais  Midiamax,https://news.google.com/rss/articles/CBMirgFBVV95cUxPU2Z4cFl4WlNoR3FYYktiWHhGSy1MNDdzc0loM1lzRW5ZdjAyUFVmNFU3LWF4MS1lLVhESHppaVhrSlJNLXhJVHRsLW5DM3FjeGpzMVIyY2F6a0pUeDNiT0h5TF9hSWhFT0hVQ2FRVnBxUTdxLWN6c0RneGg0SWRLYXdEYy1GVk1Bc0ludjY4a2IwelZvNTFmNEVkTm9lcDlHcVhtdFQ0VGtqSUNJVWc?oc=5
Água Clara,Política e Institucional,"Polícia Civil inaugura a 53ª Sala Lilás do MS, em Japorã - sejusp.ms.gov.br",sejusp.ms.gov.br,"Fri, 24 Oct 2025 07:00:00 GMT","Polícia Civil inaugura a 53ª Sala Lilás do MS, em Japorã  sejusp.ms.gov.br",https://news.google.com/rss/articles/CBMijgFBVV95cUxPbExxTDdpU3U2U1otclpkdE9rRjJnTGNvNHoxd1JMOUNsLVFPUlhFSUFUVUNpb05rN2doZlFqc2FwSmhKTGhMN0JnYzZrN1ZWUFByWUhmMG5KSUFVOHJBQy1HM0xkdlMtbWlXXzZVc0w3Yk1Jb015MGk0c2VCN1ZrVXBaMVU4dXNfTGVGRFpn?oc=5
Água Clara,Política e Institucional,REFERÊNCIA: Almoxarifado Central de Bataguassu recebe visitas técnicas das Prefeituras de Água Clara e Brasilândia – Prefeitura Municipal de Bataguassu - Prefeitura Municipal de Bataguassu,Prefeitura Municipal de Bataguassu,"Wed, 02 Jul 2025 07:00:00 GMT",REFERÊNCIA: Almoxarifado Central de Bataguassu recebe visitas técnicas das Prefeituras de Água Clara e Brasilândia – Prefeitura Municipal de Bataguassu  Prefeitura Municipal de Bataguassu,https://news.google.com/rss/articles/CBMi7AFBVV95cUxQa1gxRkNJSUxsY3EzV1lkWFFCbFFiSWNKakNqTE16QjZxQkttZnZpaDdjS3FGYmRkSDI2YU90eGdyOVpZaFYzdTd2dWcyWHgzdUk5NldpWFpkRFJPb2sweDJxR2JKeHNlZkpRMHdtcUdDeUR6Y1pJM1FpNWpGSjkzb2c4bngzT2ZldzlBZjAtLUM3bjVuMERZaWZETGwwVjJZY2RBZWJvbTBIMDdxbWdxZTFFcTJxS1cyLXp1V0FrY1lpd3NhZ3UtLXdNaU5xX1NrVEVQcldoRWo5RVlwWEVwdzNLMHNnYXpmdG5mbg?oc=5
Amambai,Social e Cultura,"Cine Sesi Cultural finaliza 3ª etapa com 101,6 mil pessoas em 32 cidades - Agência de Notícias da Indústria",Agência de Notícias da Indústria,"Mon, 12 Nov 2012 08:00:00 GMT","Cine Sesi Cultural finaliza 3ª etapa com 101,6 mil pessoas em 32 cidades  Agência de Notícias da Indústria",https://news.google.com/rss/articles/CBMi2AFBVV95cUxPb2s0TFZTN1VsNUxCcm5kdFdhMzBnMjJIdWFITFkxa0Iza0Q0SGlMem9TeGdkU2FDeHZZUE1WR3VxVGV0T08temhMVmRwempUbW5Cdm9YN3N0aF9zYUJNZkVTTzRmbXlZc1NhZmtGUE9CbG0zblRyejhPbU5Va2ltdUU5TlJ2Zy1Gb3VJdU9oY1hSN0pBdy1ua1ZETFkxb0VfejFNLXctS0VIekNYQWNYYnBiQk5QRDJoV01uM3NRNHUxOTZyTWp0NkUyLUw3T2JhTzNlazRJNDU?oc=5
Amambai,Social e Cultura,"Semana Nacional dos Museus foi aberta nesta segunda com mesa redonda sobre museus, educação e pesquisa - Correio de Corumbá",Correio de Corumbá,"Mon, 13 May 2024 07:00:00 GMT","Semana Nacional dos Museus foi aberta nesta segunda com mesa redonda sobre museus, educação e pesquisa  Correio de Corumbá",https://news.google.com/rss/articles/CBMi6AFBVV95cUxNNWJGZV9udnVBejBFTFdqTzg5VEdKczEzcm9iVDIzOXNXVVFxTi1CYzZVSmQ3c3lxNkNoNlBzRV80SDdnZFRLSlVXbVBFT1dJQ3pBWXgtT0J6WWYxYWRqY2lUck41VHZFVGI4MGF3LWFPcjhrU3V6b2VOTjV0ajdZcGsxVnA5X2Q3SWUwdzVhbFJyS1dHSnFkNVc3b2NMeGNDeEhpLU1XWl83d0Z5TjhyeE1KdVFKSnBXRXBzb2wxU0E3UXByNlprNUF3Y0k4VjNZWXpGU3owUWxvYUhTZWhFbGFfZ25IZ3g30gHoAUFVX3lxTE0yc0NyZDRRNEVlQkg4ZWZFRHhUZ0pOUkRXSGgtc1Zya2UwdzhlQzNhc0JzV0dwb0lPWS1hVkFsLTFNUUxSTHdsTU5ZSWdiMl9pS1AxY1NkRkQ3NmRjMDFsVkZlN1p4bmFmcmVVNWNBWnlxTVpreXItNEtXbjl5WlJfWXFUcUZSMVZwWlJYOU9BcUxzU3pPaFUtSlBjU0gxdHR5NXB2Rml0MlJFUmNDZUZ2MzN6S0lXbXVOWXU3cUwxZjRjZ3NlaEU5YVo1bE5tLWlyclBjaENXbFJubnYwTmV5VEozOFUzV1c?oc=5
Amambai,Social e Cultura,"Agendão: fim de semana tem MS Fashion Week, Festa do Leitão no Rolete, exposições e muito teatro - Idest",Idest,"Fri, 06 Sep 2024 07:00:00 GMT","Agendão: fim de semana tem MS Fashion Week, Festa do Leitão no Rolete, exposições e muito teatro  Idest",https://news.google.com/rss/articles/CBMiyAFBVV95cUxQQkJVNThTWks5V2FBVjMzR2VmclJoTFBHWnlSaU1Md3lHWmk0cU1VUFN3dkhFQlVya2ZmYzlRZFBHZ1RXR001dG1mUUY0d191dlFFY0FRN3VQVGdSOFlHSDFENmR2dExSN19pN0xpclZUelJtTWtfSzhIVXZoN0JWNkZIRG9GUktRVVp2aFRFU3RROUZQQkIza1F1Z1Bjd2RxaFZUWUhQaDQ2b25yR1JBWU9VY3l5VUxLTy1SVHNNU2txVzN4d2tZQg?oc=5
Amambai,Social e Cultura,"Cine Sesi tem 2º maior público do ano em Bonito com 4,9 mil pessoas - Agência de Notícias da Indústria",Agência de Notícias da Indústria,"Tue, 25 Sep 2012 07:00:00 GMT","Cine Sesi tem 2º maior público do ano em Bonito com 4,9 mil pessoas  Agência de Notícias da Indústria",https://news.google.com/rss/articles/CBMi0gFBVV95cUxQNHRsNkdrcS1vTGxMOUFyR0d1UmtSc0ZNZ1FEN1ZhZHNSRzh0XzBsUml5MENpYVZ2RXcweFdEMHh2cFBZbEYxMU5iV1k5Z3B2cmlLU0QzRDZtbGVFWkpQcmwwb2UtaUZXMDRZTm5QUlNBOWJ0azBnV01zbjNvYmRWcHZKbkRYN2doRElyZHNRQUFjMlBiUDJERWRQN1ROOHZUVmExUkJLZm5HWmFDNHNMQ2xVdktYd25hZ0ZKbnBPTEV3REJIWFlSU3ZlVE0tM05pN3c?oc=5
Amambai,Social e Cultura,Amambai e Aparecida do Taboado celebram 78 anos de história nesta segunda-feira - Rádio Caçula,Rádio Caçula,"Mon, 28 Sep 2026 10:35:34 GMT",Amambai e Aparecida do Taboado celebram 78 anos de história nesta segunda-feira  Rádio Caçula,https://news.google.com/rss/articles/CBMisAFBVV95cUxObnR1MjRLOW15ZEZwXzAtRm9KQThrdE5rWE9BbUJJVGZ6TktOZHRXNWxNQTQ0ZUkzRE1Ua1ZmOWotT2lBakI3cW10NjN2cXlIYWhoWURPdmZEMU56bkRHWWVqblVrUkZ2TURNaExHN2tDUjFZNnFyWjRIUG9GNjlCai0yakFYdlJVRHBXc3FTaTNCcDE0YUU3TUVqYktPNGJQUEhZaDBkMlRnNk85OHZqcA?oc=5
Amambai,Educação e Negócios,Senai-MS abre 410 vagas com auxílio de R$ 300 mensais - Campo Grande News,Campo Grande News,"Fri, 28 Aug 2026 07:00:00 GMT",Senai-MS abre 410 vagas com auxílio de R$ 300 mensais  Campo Grande News,https://news.google.com/rss/articles/CBMiwAFBVV95cUxOcVg5UHFJTTRuNU9LdnA1Ri1Ia2F3UE5maHdYZmF2ZkpVQkJHeFRHRVlhdTFpTnRlM05fUDBRb1RVQ1RobHlzc0UzZzNOenZHeURmOFMzbGhzM0pYMDZhR21tcHk3ZGI5aHUzZk9sTGdxSS11TDN0NWRqR0FKVS1wajktakdvVkRielBYY2REQWVyMlU2VnJsNXRWemNicE9fOW12S1JsS1JCdWRxb1J0YU16Y0tENTlheXJTUzQ5U1XSAcABQVVfeXFMTjE3Rm5yMVJKRnktNE8wTzRkUDE4Q2h3eXlxLUZtdEJIUThjZDBxc3c0LXQ2NmlmQkQ1RkJCX25hd0NNUERmS1NXaGthaEZlSlFQN2NsVU5rTE8wdGJjazU2S3JJWUVsb2E1eHdkV3pHOG9XX0xNQjVQU3VxY2dqcEQxNmVZVzNfQkZDUlNkb1lMNDdTdzduM3JuRFZIUzVzNE40SzhhTVQ5YmR4T1I1ZE9aU3R1clp6S3RJekg4eHFR?oc=5
Amambai,Educação e Negócios,"Acabou a desculpa! SENAI tem mais de 8,3 mil vagas em vários cursos pelo Brasil - Agência de Notícias da Indústria",Agência de Notícias da Indústria,"Fri, 26 Apr 2024 07:00:00 GMT","Acabou a desculpa! SENAI tem mais de 8,3 mil vagas em vários cursos pelo Brasil  Agência de Notícias da Indústria",https://news.google.com/rss/articles/CBMiyAFBVV95cUxNcFlwckpLcUVCNG9lUVVHa1JzeWtNNFFaSVllNk9hYWVqQzRkSXdhbW85Qk1ua3oyXzJDTFowWldzZDZiWUVtbVVyVFFxWGMwNmJkWWVuNVd5MFQyT0VwYUFDQ3BqcGM0VVdFMWRZOHhQS1ExVFE1amhwRUdmdUI2UkVHdHhuSmdwRndGbWRBM1c0Njl2X29Lb3hKN3haWloxaVFKYWp1QS1NMk1rWW1RNnZwQ3J5WmtMd29MVU9jSXBkcGVlOVZFWg?oc=5
Amambai,Educação e Negócios,Notícia - Casa do Trabalhador oferece 89 vagas de emprego e reforça parcerias para desenvolvimento profissi... - Prefeitura Municipal de Amambai,Prefeitura Municipal de Amambai,"Mon, 20 Jan 2025 08:00:00 GMT",Notícia - Casa do Trabalhador oferece 89 vagas de emprego e reforça parcerias para desenvolvimento profissi...  Prefeitura Municipal de Amambai,https://news.google.com/rss/articles/CBMi7AFBVV95cUxQSUdhNkg4NHNkSHpxczBwczNhaW1NbUtBN3ZGa3pRSm44SS1EREhqak9HcjJ2TUtXaVhfZUE4azVuSHJjVGdTbzMwQ3VfRjgtUTNGQmwtRTlma2p2WU11LURsYjFmUVR1TE1fU1N0dm1XbllqVTFYeGozLTFfajFPSWl4VE5oT0o3Mm85azNiVmpPTjkxbG9oR1YxbTV3SWNXbjhHVHZ5RkhhTnV0VzhiQXhGbGxtN25qNFlRblF1UEpCbEwwN3JpME9yZ0NETVMzaUFUVG02NldZaV9kb19ISnNTSllNbTNaYjNvag?oc=5
Amambai,Educação e Negócios,Funtrab e Biosul anunciam 2ª Rodada de Empregabilidade do Setor de Bioenergia com mais de 630 vagas em 15 municípios de MS - funtrab.ms.gov.br,funtrab.ms.gov.br,"Mon, 13 Oct 2025 07:00:00 GMT",Funtrab e Biosul anunciam 2ª Rodada de Empregabilidade do Setor de Bioenergia com mais de 630 vagas em 15 municípios de MS  funtrab.ms.gov.br,https://news.google.com/rss/articles/CBMi6AFBVV95cUxQY2luaWFYendqZk94aV9XR2trY08tdEJ6TlVmUmZwaHEtNHpydzFIczlDcVZFdmtQdVllMThTcnh5U2FLZGpfbVh2dlI5ODZVQWx4bmdPTk9McXBfaDZvTmE5dHNtM0xlVndwM3JaQTVkWkswMjduYm5CVmlDel9jTE9DazQtWERyNE9iM3ktWVNfS3A1UGFqbVlyT3AxN3l4dVF1OWk3TjhISkxhX3kyWVBWaXJiTHhzd1JDS3dIMUNaZVVkUzBNTkF2MUJ5OE1pcG9VRm9HeURTc1NjSDdfalhZZjNHMXhC?oc=5
Amambai,Educação e Negócios,Instituto Federal abre novos cursos técnicos em Amambai e Paranaíba - diariodigital.com.br,diariodigital.com.br,"Sat, 09 May 2026 07:00:00 GMT",Instituto Federal abre novos cursos técnicos em Amambai e Paranaíba  diariodigital.com.br,https://news.google.com/rss/articles/CBMiswFBVV95cUxPNnhzVjlPQ1NHTUo0eExwd2c2Uy01QVZSVHZHZTM5R3hPcTdyUVpGYnUyNDlnenBHdDNhNlE3YkNQQ1dYMGVXdWZjUmdydDRaR1FrcFktWUZYY2dCUnFwVExyb1N0SktqdS1HN3hlNjM5N1R0c29DU2hORV84VjV3azNRSnQtRnFxQmxVbXAwYW9aaEJYWkNqTXZwcEpia3B3c2w3MU1lQ295OTdzT2NvOEtxTdIBswFBVV95cUxONU9XTXpxT2RSSHVEcm9GYThoYU0yV01Tc2FJVkVTcnpuQ3hQUXNqVDR2czFreW15ellLbTFsU3RYcU9nY1JiU3ZpZDk4cDJELWdVOGRfamhqSHdEMDJEY3VlV2FSdVIxS1FFX3Q1VXZ3RzdYSzVmTHE3dGR6MzlEREpNRWdxTUVVcHhpT3lkLVFjal9GazM0TjJHZFBQMXpyU3ZxRFlQRHowRmI0dDZBRmpxNA?oc=5
Amambai,Política e Institucional,Prefeitura de Amambai firma convênio com o CTG Sentinela ... - Prefeitura Municipal de Amambai,Prefeitura Municipal de Amambai,"Wed, 15 Jul 2026 14:49:11 GMT",Prefeitura de Amambai firma convênio com o CTG Sentinela ...  Prefeitura Municipal de Amambai,https://news.google.com/rss/articles/CBMi2AFBVV95cUxOV1E5Y1ZUS18wa0xoSzNrV1VFZGY4V3A1T2UzZU9kQlZqYl8ydVhyaWQwX21DNFhsbC11Si1tc1R6alNVVGJzMlp3VDdFdnVuRTJnOHdESkgtT3pBSi1qWU9WQUg5bUJrS1hOSVBISUhGY1pqMlFQVU14RHhZSDBjOC0yRFE2MF9KNEVsYjRleUFPYmJuVHhXX1NUbHpWLTNXX0RMOUx6V050Y1A4T25DeFJMWUdBbnAzeGlJODlza1dBUkgwNTNKMjB0LTJpNEFMdXhxa0RiYmE?oc=5
Amambai,Política e Institucional,"Coronel Sapucaia e Amambai ""adotam"" uso do nome social na administração pública - Dourados Informa",Dourados Informa,"Fri, 11 Sep 2026 07:00:00 GMT","Coronel Sapucaia e Amambai ""adotam"" uso do nome social na administração pública  Dourados Informa",https://news.google.com/rss/articles/CBMiwgFBVV95cUxQZEVNajlHSkpRV292S3UtaTBiYXlzWE5qNkhpbzE4YXZUNkQ0dVlMb0R0TVlReDFjeFRVTGsySjEyb2xYTTBSY0hyRWh4Z1lxaW5GNjJLUldvTU1lMlp1Ny1zVHJWQWY5TnN1ZUprTHpLeW5uQnJoRkg3b09WY3A5NE91LTF4UnJQajY0azVES1BHWk9KaTU1QmJVdmktOUppX19IeW5OY3ZJNWFYd3J0bXdFSGVLWnJoT2x2b01JSEVOUQ?oc=5
Amambai,Política e Institucional,Projeto Acolhida: MPMS firma cooperação para acolhimento de vítimas em Amambai - mpms.mp.br,mpms.mp.br,"Wed, 20 May 2026 07:00:00 GMT",Projeto Acolhida: MPMS firma cooperação para acolhimento de vítimas em Amambai  mpms.mp.br,https://news.google.com/rss/articles/CBMiugFBVV95cUxQSEpDSTd2QW41ME9jNGU5b19GR0EteHlpa1FfbThpZS1qM1BJVW9iOVpEVnAxNFRfYjJtX1dqOTRHTDRlRlZJcjNXa3NqVlYzbnJKSHFMLV9vZHZMTFJYN25EMDIzWFVPLWFjM3FiYmt1TkFKbEVUZ3d5NXNXVjFNZmlReWJZcmt1MXotZm9pNkxtbEVCUHdBczFobC1JMEdZLV8zZjBUNVBHOEVxZzl6ZGZIbjVGSy1NUkE?oc=5
Amambai,Política e Institucional,Prefeitura de Amambai anula licitação para reforma de escola após falhas em edital - Midiamax,Midiamax,"Mon, 03 Aug 2026 07:00:00 GMT",Prefeitura de Amambai anula licitação para reforma de escola após falhas em edital  Midiamax,https://news.google.com/rss/articles/CBMiqwFBVV95cUxQa196SzNyazJBT2Uxb2tIaEs2eGRCdUl6RE90ZEJlODJZSzNBZjFsNW5pR2tKSEJhb29lWjZfOHNSWUF5dktjSkdMSkF2Yy15OG1hbHk2YmNXb0pnMzE0UzhYdjVoMU05RUplVURnb25yWGVCQUFYUmp5bURxWmpuRzRkSmsyQXdvcF9jZnFjVVNPT2E2YlQ0YkxUbUtrdUM3QnpndXNXRDM4cnc?oc=5
Amambai,Política e Institucional,Prefeitura de Amambai anula licitação para reforma de escola após identificar erros no edital - capitalnews.com.br,capitalnews.com.br,"Thu, 06 Aug 2026 07:00:00 GMT",Prefeitura de Amambai anula licitação para reforma de escola após identificar erros no edital  capitalnews.com.br,https://news.google.com/rss/articles/CBMi7wFBVV95cUxOSXVoRGt1aVl3SW9CWWVCY3pZZlVGQlp3c0UtOHB4N0lsdzF5WHpQRTdzZWc5TDZDdlNFbFI2WEw5VS1mVGV6R2QyZFNDaGplSUFiNzEzeXVsVkFpMDg5OEVyd3ZfRUxzUG1DVlppTWlUR3IwUmJaaFZtQXdoRVZhSmhUR0VHZFp0Qy01QTdVLXRCR05KMlFzOWJVZEhMMno4cjVnVGhzRkctMTIybW96RWE5Z3FsOFNLMFpDd3daWjAycjhEWXMwNGZqN19ReGEyVDgzYTVYZ1d4SkNwSW5pZmxvWk1wdVJ1TExsWDdlUQ?oc=5
Anastácio,Social e Cultura,Turismo de MS busca ampliar roteiros e levar desenvolvimento a novas regiões - - Folha de Campo Grande -,Folha de Campo Grande -,"Fri, 25 Sep 2026 09:35:34 GMT",Turismo de MS busca ampliar roteiros e levar desenvolvimento a novas regiões -  Folha de Campo Grande -,https://news.google.com/rss/articles/CBMirAFBVV95cUxOWUhySzlraUx2UGVzeXd2MDdmX3VUTVRwU0I1S3RUbFFudDhUUmhiWUkwVmR5eTBwd0xpSWk0eXNOSmFyYVdEY1hNa05LRkptY2JZNjlWZEQ0OXl6VXdpMkRrUUdfRGliOWZodHNRYldwalNBZHd2Nl80ZVZQZkZHWEJQeDZpMFBXelhoX196cTZXVkowNGRaamdNMnExNHJ5X3I2QU9kb3VPY0Zu?oc=5
Anastácio,Social e Cultura,"Cine Sesi tem 2º maior público do ano em Bonito com 4,9 mil pessoas - Agência de Notícias da Indústria",Agência de Notícias da Indústria,"Tue, 25 Sep 2012 07:00:00 GMT","Cine Sesi tem 2º maior público do ano em Bonito com 4,9 mil pessoas  Agência de Notícias da Indústria",https://news.google.com/rss/articles/CBMi0gFBVV95cUxQNHRsNkdrcS1vTGxMOUFyR0d1UmtSc0ZNZ1FEN1ZhZHNSRzh0XzBsUml5MENpYVZ2RXcweFdEMHh2cFBZbEYxMU5iV1k5Z3B2cmlLU0QzRDZtbGVFWkpQcmwwb2UtaUZXMDRZTm5QUlNBOWJ0azBnV01zbjNvYmRWcHZKbkRYN2doRElyZHNRQUFjMlBiUDJERWRQN1ROOHZUVmExUkJLZm5HWmFDNHNMQ2xVdktYd25hZ0ZKbnBPTEV3REJIWFlSU3ZlVE0tM05pN3c?oc=5
Anastácio,Educação e Negócios,Corpo de Bombeiros divulga novo resultado da seleção para bombeiros temporários - Midiamax,Midiamax,"Fri, 17 Oct 2025 07:00:00 GMT",Corpo de Bombeiros divulga novo resultado da seleção para bombeiros temporários  Midiamax,https://news.google.com/rss/articles/CBMiwwFBVV95cUxOZHdRQVgzaklJd20tdFM1cUFkNFc5ZVR0TnZ3NTBqUGlwNXhJT1F0c0ZRQnBUMFFvaTVSNXRZODBwaDl4ZmxLVm1nbUhoNUwyeUZBYVExVkliUE54NU93S25Bc3gzeWNxcDhUMFBqcUdlUjNZMTRVMVBtMWdraFNNTkZCNGZQYTJLY3g1bzJDZWRHaVA2dXNwQlIydGhRdmFlY1pxYkYxQy15UmhGSHBqLThraW5zc2hvNC02cmZfdXgyN00?oc=5
Anastácio,Educação e Negócios,"Na Capital, EJA é ofertado em 16 escolas e na modalidade à distância; veja lista - Campo Grande News",Campo Grande News,"Tue, 19 Nov 2024 08:00:00 GMT","Na Capital, EJA é ofertado em 16 escolas e na modalidade à distância; veja lista  Campo Grande News",https://news.google.com/rss/articles/CBMitwFBVV95cUxPQjhET21SdTVfS09xSHpIMEo2d21QQ0pCcjBxbW5QZWZtanAwbDItcGdVc2Ywb2FUZWtTLTZNc3h0QjFldHBNeHEzVmxXUzluYlJJRVlMZzVnd25XUXlKa1hyTE9fZFRDNkRjRWlBMzhscDFYalk0LTV2dThWalZWWDhudW9HazVCV0xRVnBMYXg1dWJxYWl0Q0NvdVFMblFDY0l6dTZBTWdXMmNSLVVDWFZmTlpBRDTSAbcBQVVfeXFMTzFTUGVSdVVmTmczWE96eFZ5ODI5bjhmTVN1cDJfQXYxZzFKOWVaVzd6TmdRYnhWUHVsaGtfNmc1cDMwU2o3Ui1YZ0ZTWjFmdXhnRmxZQUlINzZieHpsNUxLQkVCRE9GLVgyTTFYS3pMamtOc3owSjJIUUo5SDNsaEJaVmNDUF9vVXN5UWliX2k1N1pvYkhvMzQ5bWJfY05GRlJJdWlReXhJRGxzNTF2T1IzZ0JPdmJn?oc=5
Anastácio,Educação e Negócios,Concursos Contabilidade 2021: confira aqui as previsões! - blog.grancursosonline.com.br,blog.grancursosonline.com.br,"Tue, 09 Nov 2021 08:00:00 GMT",Concursos Contabilidade 2021: confira aqui as previsões!  blog.grancursosonline.com.br,https://news.google.com/rss/articles/CBMidEFVX3lxTE8tWlpQbllBSnI1ZVJPSUd0RTEwSF9Hd1o4WDFfNDlXUmFFWGJXeUxFOVhpajJfTS1tOW1XYjJPRHNXa2FpRHpKaWpwaE43dFhDWHFDWE5nb1BEWVpJbVZaUlFIMzUxbFVGRXhOaDcxN2s5bkJu?oc=5
Anastácio,Educação e Negócios,Correios publica edital com 62 vagas para jovens aprendizes em Mato Grosso do Sul - Costa Leste News,Costa Leste News,"Tue, 21 Mar 2023 07:00:00 GMT",Correios publica edital com 62 vagas para jovens aprendizes em Mato Grosso do Sul  Costa Leste News,https://news.google.com/rss/articles/CBMid0FVX3lxTE1wVGdUekJvbk1Ic1pKX3hZeklBVGt1Z05jV21palRvdnk3LXF3OF8zcGlfV0FwYy05bHZsQlpvanVIaE1JWWhyQzczTHJ0NG5WRWhyVjU5bUd3RUs2VEgzMG5saXJKR2RtQ3lYSUtfd0pweTNwOFhZ?oc=5
Anastácio,Educação e Negócios,Terceira semana de junho começa com sete editais abertos em MS; confira a lista! - Enfoque MS,Enfoque MS,"Mon, 16 Jun 2025 07:00:00 GMT",Terceira semana de junho começa com sete editais abertos em MS; confira a lista!  Enfoque MS,https://news.google.com/rss/articles/CBMirAFBVV95cUxPUXVIX21ENWhBSkFRUTNQZUZhb3ludDliUmd0SGdXeXpSU0o5NlBqMk5PNkpyOE84TjlrZDlNb2ZQTTlWRXRQYTQyZktlU3VmcWZ3dlg4QUVVdUVRam1VZVlsUllRMEdlQkZtNmdFbWZvMUxRWGJLWTVkOWpaWk5CeURKa0htYnE1dWFabE0yUC0wTzFlT0RTdU9DbmpKdlR3V0ZKVktVSVRGUlB20gGyAUFVX3lxTE1pTVZ0MFlMZkhnZzk3YnhfNlpndUc1QnEyaTRSVnNfZkNtUnRvTGlTRjE4M29tTmZzOHpxR2ZUSmNhQWtvelNTeldVd3I0WlZCcHZLV1hUZ0RSSmlSY3d6dFFxdnZZUncxTmpRUDVIUTdWQ3RPWi1FclNvOVNfbXl0cWFOc1o5MFBGa2NFbWcyeVZQeDY1NXd5aDUwN2lvQjFXNnNaRmZ1cl9DbHJNS3I4SFE?oc=5
Anastácio,Política e Institucional,Estudantes de Anastácio são incentivados ao empreendedorismo com metodologia especial de ensino - Agência Sebrae de Notícias,Agência Sebrae de Notícias,"Wed, 03 Jun 2026 07:00:00 GMT",Estudantes de Anastácio são incentivados ao empreendedorismo com metodologia especial de ensino  Agência Sebrae de Notícias,https://news.google.com/rss/articles/CBMi5AFBVV95cUxOR2FUQTc5VUowR0Y5VHpFeUxzZ0cxSkxmX1BydXFhT1FSZi1aUnZCZTBSNVdNdWoyV2ExZVdPbm1uQ1p0SDAxS0lpbWlkWmZfTTd4ekFOOG9wWHZERm9oUXZNY0I2TzEwbFlTeXZjVDYwNGczcTZWVjNPbXY0OVBwSzR6VFZ4UHlDWl9MX2M0Y3ZsbG1qWEpKdjg3WWh5TU1ENWR6QXZHbTdyYzQ0Q0FDYzA4dWk5RVZEZzFRRUVTeDJzcVBXdDZrMDl6QTFyWE5zcEVMb2lrRW5xQklDVzJvSm0wekE?oc=5
Anastácio,Política e Institucional,Anastácio participa de capacitação para elaboração do novo Plano Municipal de Educação - O Pantaneiro,O Pantaneiro,"Fri, 24 Jul 2026 07:00:00 GMT",Anastácio participa de capacitação para elaboração do novo Plano Municipal de Educação  O Pantaneiro,https://news.google.com/rss/articles/CBMi2wFBVV95cUxPMVRFZm9adDdRdW1Vc0MxSUpQRmdEWmxKMnNXVWRLcjlKdDVfa2pCZ1p5TlVQYXdYYU5FX2xzOUtxN3FybklFMjIxTlhTdUx0eDRJVzd3ekRVMkR3TVk3TmpzMk5kOUoxbFE4dXFtcW9jOVVseGgza2FoVjY4T1Rob3ZsOHNILWxiTEFmN2JjbGhPWEVfX0tibmJfRWYzLUktZF85cjVyQzQ2WmdpbFBYMlZEaURjeHg5c0hzU2dZUFZJLTltTk5YVVhhOEREMFFYX1IyNEVOT0lhNEU?oc=5
Anastácio,Política e Institucional,Concurso Anastácio MS: processo seletivo de 2026 - Estratégia Concursos,Estratégia Concursos,"Sat, 11 Jul 2026 07:00:00 GMT",Concurso Anastácio MS: processo seletivo de 2026  Estratégia Concursos,https://news.google.com/rss/articles/CBMif0FVX3lxTFBPa2ZHbFB4SEh0djVtUmFnWlRKTzhLZVBKV1hOZ3RuSnRyb2JMclExaWs3WmprSTZtbkxHNkRvdnRmUUM4VmZ0OEt1ck5fZURQdS1rWHlfbWZ1TGUwcVh6TmZBVHRhY0tGOW5UWjlxMjNYRWxyZHJJOUNDdW5MVUXSAYQBQVVfeXFMTnF1Vjl6RHRNcXBKOWhJenlrV1JVUkpVMHBOcGNTRi1zX0llMFJKY0NCR3daNE1iSnVhQU9lcjROWmlsZTk5cTlRbzI5NGptMUlmMm9Ua2dMTEpVQXBzZ0N1cHl5YXFJOGhwcDRLa1pKdUNWeTg3WlFhNlMxektQd1ZOS2oy?oc=5
Anastácio,Política e Institucional,Pacote de R$ 10 milhões prevê de ambulâncias no interior de MS - Midiamax,Midiamax,"Tue, 14 Apr 2026 07:00:00 GMT",Pacote de R$ 10 milhões prevê de ambulâncias no interior de MS  Midiamax,https://news.google.com/rss/articles/CBMipwFBVV95cUxNZmtuUGRfLWQ2Z04yYUUwX1FZblVFV3l5OXV6Z0EtQ2dGZXZFMDB2RmJRNUR5UXN0Z0VWNFN4RndxZENXUkExRC1vTl9HcWMxZHJSODI2dU1udHpFTWRYeHp4R1ZrM3hkRFhVUGNYRGk2MWp1S05GTlpqQ091cFdXRzFYeXlHc2ZsTzJITW5nTWFwYW1JcG9mZEY3ZGZxbWJfc3RONWNfVQ?oc=5
Anastácio,Política e Institucional,Três homens são presos após roubo de caminhões e carro do pátio de Obras da Prefeitura de Anastácio - Idest,Idest,"Mon, 10 Aug 2026 07:00:00 GMT",Três homens são presos após roubo de caminhões e carro do pátio de Obras da Prefeitura de Anastácio  Idest,https://news.google.com/rss/articles/CBMitgFBVV95cUxOSUJFTVExdGEyZGF4YTdYNGVPcG9aLTZKem5DQS1aMXNmVWhQcVU5OFVCTHY2S29sV0Q1U09HNERxSDkzbW11blBQWllwb3pPNkFXSUlxNnRLWDRyQmNWa3czX29TOUZkaE4za3hUelNDSHJFQ0xKeldORm1kUHV4dlFVUExvQS1xVWFWazZDVmx0ZDc3bGxvVW04LTF4Y3B2cXVnTzY4a2tvTVRSdEVwU2traVdKZw?oc=5
Angélica,Social e Cultura,"Cine Sesi tem 2º maior público do ano em Bonito com 4,9 mil pessoas - Agência de Notícias da Indústria",Agência de Notícias da Indústria,"Tue, 25 Sep 2012 07:00:00 GMT","Cine Sesi tem 2º maior público do ano em Bonito com 4,9 mil pessoas  Agência de Notícias da Indústria",https://news.google.com/rss/articles/CBMi0gFBVV95cUxQNHRsNkdrcS1vTGxMOUFyR0d1UmtSc0ZNZ1FEN1ZhZHNSRzh0XzBsUml5MENpYVZ2RXcweFdEMHh2cFBZbEYxMU5iV1k5Z3B2cmlLU0QzRDZtbGVFWkpQcmwwb2UtaUZXMDRZTm5QUlNBOWJ0azBnV01zbjNvYmRWcHZKbkRYN2doRElyZHNRQUFjMlBiUDJERWRQN1ROOHZUVmExUkJLZm5HWmFDNHNMQ2xVdktYd25hZ0ZKbnBPTEV3REJIWFlSU3ZlVE0tM05pN3c?oc=5
Angélica,Social e Cultura,Governo de MS prestigia entrega das novas instalações do Forúm de Angélica - ArapuaNews,ArapuaNews,"Mon, 11 Dec 2023 08:00:00 GMT",Governo de MS prestigia entrega das novas instalações do Forúm de Angélica  ArapuaNews,https://news.google.com/rss/articles/CBMiowFBVV95cUxQS2RUYTVmWnZXZkZPdjZhdEpSYXhKX3l2Z3ZZeHVubEZhM2NmWS0xMllHUFJEWmxWMy1hREFXQm5YTWpSTU56YVl6Z0Y4RXAyaVlFY3ppcGc1R2NiNWpTclA1ODd5bmhOdUlReV8weW4yWU94WVpGa1h2YXZBeDRxWTBqSjc0SnU5ZE05RlBGSHpWY29TM2xpaTZTcWhoM0pZRWhZ?oc=5
Angélica,Educação e Negócios,Capacitação profissional fortalece autonomia de mulheres vítimas de violência em Campo Grande - RCN67,RCN67,"Mon, 13 Jul 2026 07:00:00 GMT",Capacitação profissional fortalece autonomia de mulheres vítimas de violência em Campo Grande  RCN67,https://news.google.com/rss/articles/CBMizAFBVV95cUxQbGFwT1phNnN3bEh0Qy1hZWNhcVFEQ2d0Nnl6QnNTOFRGMzA2UzRSNnhSVUI5RWNUSS03d0ljZXFyRkRrWWM1T0tEZ3djV3lsUXc5Ql9DN09vUWtsZjRXbnRHVTBkWmlCd3lBRWRXX1djdFN4bi1aZkR0R1VpRXo5VnNubzF6VDllTjJoWEs0cWpQNUVfWU8xd284NnFTLWtsRWYwc09vWldJa01kRFJ2TGV4M0s0cmdZRHpBTUU1N184a0ktQndSTkZ0Z3o?oc=5
Angélica,Educação e Negócios,Adecoagro inicia Programa Jovens Talentos Aprendizes com Deficiência - JornalCana,JornalCana,"Wed, 31 Jul 2024 07:00:00 GMT",Adecoagro inicia Programa Jovens Talentos Aprendizes com Deficiência  JornalCana,https://news.google.com/rss/articles/CBMirAFBVV95cUxPMGRwc0M5ZzlHS3U4QTRmT3pSampQSVl1N2xXSmJ2eXo3bEVqSEU2ZHNsMjExRHJiOGJVNENsTThrRzh1bDBvdWNLWUYyMUE5WjZ5cVhjemdtYVdTWnVCWko4dGwxSEd1Q05Gc2RVWHpTNW83OUZlYWtQcmRseGUydThwNk9FSmFWbEhfei16ejVtN2VSMXpkZE0yczdGblphRkVYNUdtQlBXOFVf?oc=5
Angélica,Educação e Negócios,Secretaria de Educação-MS abre 415 vagas para Assistente de Atividades Educacionais - Ache Concursos,Ache Concursos,"Tue, 10 Sep 2024 07:00:00 GMT",Secretaria de Educação-MS abre 415 vagas para Assistente de Atividades Educacionais  Ache Concursos,https://news.google.com/rss/articles/CBMi0AFBVV95cUxQR2RPcHZBOGdsUjNsYzM2Q09vVUN3ZW5rdHhnMFJUZ3JiZU5hbVdRemxJZ0NpQm5sby1kQWllVHkyS0JoM0xtWjN0VnA4U0JKdGdQbWJvUDJxeFdxSFUxQ1ZNWGhOLU1CeWhDQVZLaGY2eHhaakZuR0RuN1J0WVNxLV9iaWtnNVZ5eXZ2TzJkVXJsdkM3VnpMTXZ0OTFlYktWRHRzSHNkNG5oSE9JalZuVFZoRVFkVlNzUTJ0a2RtSVNFRXFKQWVNSTdoY254eFRD0gHWAUFVX3lxTE1MVk44Z1J5aXhtQUpvWDhCLWlEMjQ1eG92ZnhnQnVDWmFycEtMc3Q5cjRxOFZId1BSWWJZZkRZdWMzV3VMbzd0LTYyZmQtR0RMeXctSkI2eWZaWXlPaTg2VU5OalVva2IxQUpGOWVrcEZ0Q2hmMTFwaXZha2lRUllIczh6NS15czFMRkthbzlESFlNbnBwU1c4a1lfdC1CcHVBcmtKd094Vlc3WkRLd1dqeDU2R2lYa3JJX01ZaS1yb0RXLVZ0RFkwQmNoa2pYeVg5bFVIWVE?oc=5
Angélica,Política e Institucional,"Previdência de Angélica que investiu no Master é autônoma, diz prefeitura após operação - Midiamax",Midiamax,"Wed, 27 May 2026 07:00:00 GMT","Previdência de Angélica que investiu no Master é autônoma, diz prefeitura após operação  Midiamax",https://news.google.com/rss/articles/CBMiswFBVV95cUxOZXlLajhMb3lqSWNKMTNKUC1CSlN6Y0hZOVZVSV9Dcjh6MWZPakJEMnhIZTk2eHFnTjZvUlNfRm12cVRLdENvbFlwR0hEVGxRT2MybGt1VXlsdndJaDdyVHVFWU5YeFo1MFBSMTZYSzQ3Um5qazFxTUE4RFo4akwxWG9MdnVUaEtpWmlhMmxjaUJRbkdnR3U3X19UMlBZSWd2azN4S0Y0UDU5UGZLQUFfU1JaNA?oc=5
Angélica,Política e Institucional,Presidente Marcelo Bertoni participa da 1ª edição da Feira AgroAngélica | Agropecuária MS - portal.sistemafamasul.com.br,portal.sistemafamasul.com.br,"Fri, 08 Dec 2023 08:00:00 GMT",Presidente Marcelo Bertoni participa da 1ª edição da Feira AgroAngélica | Agropecuária MS  portal.sistemafamasul.com.br,https://news.google.com/rss/articles/CBMi0wFBVV95cUxPakZuTUUyS01tX2t4Y0paNlB5UXR3ek1ELVRfUjFEMlR5eThmNUp4Vzc1OEtGRDRvOS1DUGU4cmZDbmZIMFFzY2xJOXdGMGtuRUlwTnZVZmJZMXFiUUJEZDNVXzBKckd1OEpwalpxZmpYQjhwdUNCSm1mWHNNdGNKbDNvdml0SHdJelNVLUt0amVIYmdsbjAzSFFfM3h6cF9USVk5TnEyRUlCSTk1XzhiWkl0ZVJEYmE4cHRNY3FlaEd1cG9iLWpYOUhKRGpVajE4a0FR?oc=5
Angélica,Política e Institucional,Prefeitura empossa novos membros Conselho Municipal dos Direitos da Mulher - Município de Corumbá,Município de Corumbá,"Mon, 30 Jun 2025 07:00:00 GMT",Prefeitura empossa novos membros Conselho Municipal dos Direitos da Mulher  Município de Corumbá,https://news.google.com/rss/articles/CBMirgFBVV95cUxOcDQ3ZnlzYU04eGJVM2FERk1QUDlIckwyLUJMd0ZGTGg5SVlTRENqUllpVGlHNzEtVnZHSkJwOGVkSUlFdUJoTFEtN0FCT2ZZbGFwekQzekZDdVRIZkpvaDd2N1pQS2U4YXFnZlV4ejNxQkUzaDNtUXJSa1BUakVMd0lrOTNBQXRZdm10RUJ5QTcwRW5NUnFpOXpKR2JUdDRTY2FvSU1JT2pKWEQ3RFE?oc=5
Angélica,Política e Institucional,Conheça os perfis e atribuições dos novos secretários e diretores da Prefeitura de Campo Grande – CGNotícias - Prefeitura de Campo Grande,Prefeitura de Campo Grande,"Mon, 13 Jan 2025 08:00:00 GMT",Conheça os perfis e atribuições dos novos secretários e diretores da Prefeitura de Campo Grande – CGNotícias  Prefeitura de Campo Grande,https://news.google.com/rss/articles/CBMi4wFBVV95cUxOZ014X3pjV2xaREE1RmJTNklHRlFVV2Q2ZDZTYTgzNzhxLTlWZ3lVa0gtRDRqZHh1UGhSTWtQV2laV0VPY3lLcjBuX040bEF4d2h5RmpkRGh0bi1uN3VkSVhWWjlYOXJXWWdBdnFIQ2lNX0VCUkNFWmc0VHpVNXJ1ZThibGxTNFo3dkgzeHBkY3dzeWtQTzcyWE02QVhaYUZGemVNRmhDOHo4dEFfNmdzeVRyZlM0RUhyT1JUXzNhZWIyTUVFUVpmcnlrOGhkU1d5bURsUTc5NVRYMWhnNnRPUWY5UQ?oc=5
Angélica,Política e Institucional,MPMS acompanha auditoria em contratos públicos de Angélica - mpms.mp.br,mpms.mp.br,"Tue, 24 Mar 2026 07:00:00 GMT",MPMS acompanha auditoria em contratos públicos de Angélica  mpms.mp.br,https://news.google.com/rss/articles/CBMinwFBVV95cUxQZXpfMGtGQ3h5QWlYTnFDY2lBQTU2ejFMdTVnUUJuT0ZNTENEajk3dnNCVDEwNFI5QlNBQmJudU1KMkdkZ09iRXRBZEZOQVl4SXJqZzAyRXlhdDJBVmlBNUk4UWp5eGtYaHpTby14cFVEdVZtVmNQZnYwWUd6OTZETFF5MTBBYjFlSk1obzA1aEI4ODNFRDRhZ2dEOHZXVUE?oc=5
Aparecida do Taboado,Social e Cultura,Estudantes do SESI apresentam inovações no maior evento científico da América Latina - Agência de Notícias da Indústria,Agência de Notícias da Indústria,"Thu, 25 Jul 2019 07:00:00 GMT",Estudantes do SESI apresentam inovações no maior evento científico da América Latina  Agência de Notícias da Indústria,https://news.google.com/rss/articles/CBMi3gFBVV95cUxNM3RMRkU3ZU9DTzJHYzJIeFRKcXhwQXFRdlc1VS1YUkdZNFMtM29kdmpnZVJKWHktQzduWE1mdG1nRGVReC1Rc2hYOWl4RU9NRVdjYTZsSGY2ejZ5LVkxOGtsYUpqZk1fYmdiN1c3S2Z6eDZJWXVNY3h3aEdZNmh2TGZDdkpOajQ1SmVDUHJzZVlSTWQ2R2g2SVZoZWpkNVl4dmxhOEU0bFotNTVzRHYxT0pMZThZQlRJNnFmZUxaVER4MWk3NmotSWNkdWlCYlByU29xeVh4YzVVRFFFMXc?oc=5
Aparecida do Taboado,Social e Cultura,Taboadão 2026 reforça tradição e impulsiona economia em Aparecida do Taboado - Notícias do Cerrado,Notícias do Cerrado,"Mon, 04 May 2026 07:00:00 GMT",Taboadão 2026 reforça tradição e impulsiona economia em Aparecida do Taboado  Notícias do Cerrado,https://news.google.com/rss/articles/CBMivwFBVV95cUxNU1Q5dllJWm5vbFB1MkVFNlUtRVFBaFl2eV9jWlFNZG9rQVZidk1JTk83RlM4YlN5Q2ZMWTh4Nnk3eTRpYVppVjBzVW5FOXhQVDNuTUxKcnRKY1VZQTNhNmxzOWhRNWc4S0REOEV6a09CdW1EQUVVX3F4ZDFES0VVa3U3eFZVQTFJN2xuS19TaGh2Y0xmekUzMW42SW9oSGE2c1FaNElQRFZ1QjlKbnlGTV9MWC13WW1iRVVyX1VWaw?oc=5
Aparecida do Taboado,Social e Cultura,"Neno Razuk destina R$ 5,3 milhões para cidades do interior - capitalnews.com.br",capitalnews.com.br,"Wed, 09 Jul 2025 07:00:00 GMT","Neno Razuk destina R$ 5,3 milhões para cidades do interior  capitalnews.com.br",https://news.google.com/rss/articles/CBMiwAFBVV95cUxPaEhnUG1TSmFvaGwwMF9SZjBDaDk3OFZVbEN6cHZYWlhLc3pUeGNmZkJrOHpqRXpvOVpHaVl6d2thelpXUUptTmVPT3Y5ZGo5c2RjUFh6bUZOUTg0WTV1M1ZoN2ZWS2d0QkFxblRUMHppMWRpVzg2aE1aTTBIMERObTV2Sno0Y01ReXFQWDBqWHZaRmUwSlNxS0lMZ3YtNG5Od3paenNEWE1VbGw2VW1tQU5qbDROVW9ZejZlMlZGU3M?oc=5
Aparecida do Taboado,Social e Cultura,Turismo de MS busca ampliar roteiros e levar desenvolvimento a novas regiões - - Folha de Campo Grande -,Folha de Campo Grande -,"Fri, 25 Sep 2026 09:35:34 GMT",Turismo de MS busca ampliar roteiros e levar desenvolvimento a novas regiões -  Folha de Campo Grande -,https://news.google.com/rss/articles/CBMirAFBVV95cUxOWUhySzlraUx2UGVzeXd2MDdmX3VUTVRwU0I1S3RUbFFudDhUUmhiWUkwVmR5eTBwd0xpSWk0eXNOSmFyYVdEY1hNa05LRkptY2JZNjlWZEQ0OXl6VXdpMkRrUUdfRGliOWZodHNRYldwalNBZHd2Nl80ZVZQZkZHWEJQeDZpMFBXelhoX196cTZXVkowNGRaamdNMnExNHJ5X3I2QU9kb3VPY0Zu?oc=5
Aparecida do Taboado,Social e Cultura,Escola Sesi dá a oportunidade de seu filho construir um futuro cheio de realizações - Hojemais.com.br,Hojemais.com.br,"Mon, 14 Aug 2023 11:49:01 GMT",Escola Sesi dá a oportunidade de seu filho construir um futuro cheio de realizações  Hojemais.com.br,https://news.google.com/rss/articles/CBMi2AFBVV95cUxPVDIzUnBoNGNJX0VPVlFsSWhVNlhxVHYzdlBEeTZ2Y3U2VC1OM3lUcHNraTVwbml4dVlESmhaTGFFYlMyblJXNDNhN2hsb1VSVHdqek9RelZlVjFNNzlFN09VR3Q1YzlubUFocl93OXV3R2ZHa3BGa1RxR09jUU9lYllUbjAxLU4wakw1WkFINTNDWW9CTEhxczNkUHItMHVzNDIxVU55eC1wWTVmQURfaWxnTDlhazVvd2dNVWZxcFVPSmRueXZXUm5PTXJFQU13Mmx4RW5Ed0g?oc=5
Aparecida do Taboado,Educação e Negócios,SENAI oferece 60 vagas em cursos técnicos gratuitos em Aparecida do Taboado com auxílio mensal - Costa Leste News,Costa Leste News,"Thu, 16 Apr 2026 07:00:00 GMT",SENAI oferece 60 vagas em cursos técnicos gratuitos em Aparecida do Taboado com auxílio mensal  Costa Leste News,https://news.google.com/rss/articles/CBMiwwFBVV95cUxQUjBUNDVaTlhyTXBYN3BvcTg3REhSTnczeGJaWl80bUZJckdRbnB6Q2dhY0pxWEFqY0xNSHZYb184X2ZPT085X0pyR2ZSN3B1RUNhSlhEa0hJQzJwNW1kMldEelgyZmRCTlJMRTFUOWVOQ2w0ZXBRNmx4SE9ZU2FVYUdkMzB4QlhlOTlDMUExam1DVHhRdmpVTURwdlBkYURBdTZBMmU0dGItTG9sNy1uMHM3cE5ja3pqVVVGaHBZaWVHa28?oc=5
Aparecida do Taboado,Educação e Negócios,Senai MS: 2 mil vagas em cursos técnicos com bolsa de R$ 300; inscreva-se - Campo Grande News,Campo Grande News,"Fri, 13 Feb 2026 08:00:00 GMT",Senai MS: 2 mil vagas em cursos técnicos com bolsa de R$ 300; inscreva-se  Campo Grande News,https://news.google.com/rss/articles/CBMiygFBVV95cUxOWHVYVm1BR1ZyVVlueW43X1VYM3ZFMEU1ZlRfU0xfLTY3bmZFaHM1ZlZXNGFwMzJKRFhPajF1WDI1VjZ6ZWh2QkZacmtMSFlEMEJJOEI5VnN3c1Jab05rUjRCQW1ncUpoNmpBSGZnTlcwRlc5dFl6dXAySEV4bE4xZ1ViVjF2N2x0anBPNmZlTVFMQ014dVJqendPRnJLSlEtMk1vbEtkTUlEUTQzMEpUTWU2dG9ZeWI4eDEzUWtmblBOMmFxVS1SeklB0gHKAUFVX3lxTE1kbU4yTTRfSGxJMkRSUHljYThnRHh4WlppSHkwclI1Q0EyN0VVNVR1aDM2YTBpeWJvZU5hNWtBcnVoQ0xFbTBsTHBjLTg1d2dRTDM4TllLa0lEZXA2TnpPT0cxZWtrWXJtWGZJS0JveEZPVVhnTnFlT3ZfaHo1Q0JMRmt4YjI4QXdtTGQxV2UxSG1SejFEZ0hIOUVGZHNDeTlDeElucE11RG0tUUhaWm9JcHMxV2NydVgxekljWUlRQTdRWjdDVm9wSHc?oc=5
Aparecida do Taboado,Educação e Negócios,SENAI oferece 60 vagas em cursos técnicos gratuitos em Aparecida do Taboado com auxílio mensal - Rede Jota FM,Rede Jota FM,"Mon, 20 Apr 2026 15:21:42 GMT",SENAI oferece 60 vagas em cursos técnicos gratuitos em Aparecida do Taboado com auxílio mensal  Rede Jota FM,https://news.google.com/rss/articles/CBMixAFBVV95cUxOaHRSXzNwREhYM0JMZzRJbG9ZSVROZ0FoZ1lZWGFzSVNoWFhnNmNJU004TzVvdHJfM1M0RUZQbjV1YU1tbE9ieGFzMHNkV1JFTjhxTjgzWmo4U0NWY2pENmQ5MnJoX1ZRSWJjN1dGTnJkT1Q1amVDU0ZrVnpCT09lX0RmSnB6ZlJxaG44cmZ3d3ZVaTlKRXpkMmdWRWdRV0M0R1dhYW82T1NYVEZTY0NMdlZ6b0pwZ2FZLTZTYTJBR1ctUGNi?oc=5
Aparecida do Taboado,Educação e Negócios,Funtrab e Biosul anunciam 2ª Rodada de Empregabilidade do Setor de Bioenergia com mais de 630 vagas em 15 municípios de MS - funtrab.ms.gov.br,funtrab.ms.gov.br,"Mon, 13 Oct 2025 07:00:00 GMT",Funtrab e Biosul anunciam 2ª Rodada de Empregabilidade do Setor de Bioenergia com mais de 630 vagas em 15 municípios de MS  funtrab.ms.gov.br,https://news.google.com/rss/articles/CBMi6AFBVV95cUxQY2luaWFYendqZk94aV9XR2trY08tdEJ6TlVmUmZwaHEtNHpydzFIczlDcVZFdmtQdVllMThTcnh5U2FLZGpfbVh2dlI5ODZVQWx4bmdPTk9McXBfaDZvTmE5dHNtM0xlVndwM3JaQTVkWkswMjduYm5CVmlDel9jTE9DazQtWERyNE9iM3ktWVNfS3A1UGFqbVlyT3AxN3l4dVF1OWk3TjhISkxhX3kyWVBWaXJiTHhzd1JDS3dIMUNaZVVkUzBNTkF2MUJ5OE1pcG9VRm9HeURTc1NjSDdfalhZZjNHMXhC?oc=5
Aparecida do Taboado,Educação e Negócios,Inscrições abertas para processo seletivo de cursos técnicos em Agronegócio e Fruticultura do Senar/MS - portal.sistemafamasul.com.br,portal.sistemafamasul.com.br,"Sat, 10 Jul 2021 07:00:00 GMT",Inscrições abertas para processo seletivo de cursos técnicos em Agronegócio e Fruticultura do Senar/MS  portal.sistemafamasul.com.br,https://news.google.com/rss/articles/CBMi7AFBVV95cUxPWThpZ0tUOEp2eEJ0ZmtzenBSVG1zYnF2LVppVGViMS1IbnAzMXowazRvRWhvakpld2s0Ni1iVjNqUkl6VjFqZkVtdWRUN1dsYS0yek9uVmt5OUZyRTlHWjk5NXBhY2ZNQlRGUGdBYmhMbXl0dUlJeVF2cHZKVFRHQUI2Q0xTWUEyZ21QTmpBcld6R0Z3OEI3MlMxbjJiblNxQV9yRXhES3BWbXdMOUlGZFBsTUZvRURYMG42RDJ4VHE3ZTNscEtpZTM5N0doazI3Vzk2MDNEZlJHSEp1VXJyWDg4OHR1S3o2WmFJXw?oc=5
Aparecida do Taboado,Política e Institucional,Prefeitura e Programa Em Conta promovem plantão para adesão que pode garantir até 20% de desconto na conta de energia em Aparecida do Taboado - Costa Leste News,Costa Leste News,"Tue, 21 Jul 2026 07:00:00 GMT",Prefeitura e Programa Em Conta promovem plantão para adesão que pode garantir até 20% de desconto na conta de energia em Aparecida do Taboado  Costa Leste News,https://news.google.com/rss/articles/CBMigAJBVV95cUxOMlJ5Q3I2RlRCRmFzbF9ZcWxHRHpiY0FyajRxZlRScHdRYkE0RF9HbU9RYUZVUk9WZ2ZvWjI2QjlxcmNES3Z3NFh5ZDdfRVdtYjVCQkdQUXVLUmRqR014U2tua1poMmU0bUtrX095SVJ0eXBJSlNPdXVTVUVSREc4X2k2WFZGVDM3OEstd052d2NYZkxVd3kxN0RlY0p6M0k1VW1qRlZfMFl2SEI0NXprQU5BdTBIWm1vcW5MNE1ONGhCUVlZVjA0QmpoUEhLLWhrVnBOUHlaem9PTFhCT1FKN3RxMW9lV1lEWDhaTkwxMTgtQmQ3bzBHaV9TdTZGTjk4?oc=5
Aparecida do Taboado,Política e Institucional,Pacote de R$ 10 milhões prevê de ambulâncias no interior de MS - Midiamax,Midiamax,"Tue, 14 Apr 2026 07:00:00 GMT",Pacote de R$ 10 milhões prevê de ambulâncias no interior de MS  Midiamax,https://news.google.com/rss/articles/CBMipwFBVV95cUxNZmtuUGRfLWQ2Z04yYUUwX1FZblVFV3l5OXV6Z0EtQ2dGZXZFMDB2RmJRNUR5UXN0Z0VWNFN4RndxZENXUkExRC1vTl9HcWMxZHJSODI2dU1udHpFTWRYeHp4R1ZrM3hkRFhVUGNYRGk2MWp1S05GTlpqQ091cFdXRzFYeXlHc2ZsTzJITW5nTWFwYW1JcG9mZEY3ZGZxbWJfc3RONWNfVQ?oc=5
Aparecida do Taboado,Política e Institucional,"Reforma, manutenção e conservação da Escola Agrícola ""Benedito da Silva Queiroz"" são iniciadas em Aparecida do Taboado - Costa Leste News",Costa Leste News,"Thu, 30 Jul 2026 07:00:00 GMT","Reforma, manutenção e conservação da Escola Agrícola ""Benedito da Silva Queiroz"" são iniciadas em Aparecida do Taboado  Costa Leste News",https://news.google.com/rss/articles/CBMi3wFBVV95cUxQUGZGYlFBWEREWW5USEpXemZRT2pPTm9UV3dXenlqbjBFX1VhdVVKdnNQR25Za2Y1WVNrNjlPby1xVmp4MUJUZ0ljLXVIZHJ3RzZLN2c3aHJ0VHJIUFN5aEdVRjIyV2hwaWdYa2JuLU1TX05TeVRib1RvTkhxYTNGYzVsdTNvNW5iTllfZGEyTGVTZ1RUM0xJbjNFWFVUWHpRSnZ3RmI2aU8ybkpZejBhR3VMdUhxVzZnblFzcWEtX1p3bnFNRTEzR2tRS09NU1FMangxWUlmZkdIZy1oTm9J?oc=5
Aparecida do Taboado,Política e Institucional,"Polícia Civil inaugura a 52ª Sala Lilás do MS, em Aparecida do Taboado - pc.ms.gov.br",pc.ms.gov.br,"Fri, 26 Sep 2025 07:00:00 GMT","Polícia Civil inaugura a 52ª Sala Lilás do MS, em Aparecida do Taboado  pc.ms.gov.br",https://news.google.com/rss/articles/CBMimwFBVV95cUxNcDJaUFVMLUVBSnVkVlVadlpERHk4RnRxR1F2RERtd2NTUG1vZm9hRnVlMGV3LThrZEEtdzlkWlo2MHhMWFJzeTVpMGJYZV9ubk80X2tsZWptVkNEZU5iTXhTQkFqdWM4X1hGazRLa0c5NlRiam0zbjloMkFWQ0l0WWxkUFVGTGhOTmU5bEVzV2ZRS0V2anpDQ2xocw?oc=5
Aparecida do Taboado,Política e Institucional,Aparecida do Taboado pagará R$ 1 milhão para instalar 649 lâmpadas de LED - Midiamax,Midiamax,"Mon, 23 Feb 2026 08:00:00 GMT",Aparecida do Taboado pagará R$ 1 milhão para instalar 649 lâmpadas de LED  Midiamax,https://news.google.com/rss/articles/CBMitAFBVV95cUxPazI2ZVBuYzFkZWhSXy1wb3FqTEhrRTFDaXFsU2dKMXFWcUh2WnlJRFRYS1Iwbjctb0UzUkpkTHZwNmxyZWRzVk5PYVBsSlEzQWYzb2FBVmFmN2h6RGNGSWx5SXdWRzQ0cXJVMzB5RjhjWGxwbUpLS3BIclFrRENLVWRrQ204LWZReWo1aWtiNGVRbFI5YVBfTDFUdkRqV1VNcEtXQlRHcm9GLW5ydDlTa2N5Wjg?oc=5
Aral Moreira,Social e Cultura,"Com investimento do FIC, Grupo UBU chega com teatro em nove cidades na região sul-fronteira de MS - fundacaodecultura.ms.gov.br",fundacaodecultura.ms.gov.br,"Tue, 30 Apr 2024 07:00:00 GMT","Com investimento do FIC, Grupo UBU chega com teatro em nove cidades na região sul-fronteira de MS  fundacaodecultura.ms.gov.br",https://news.google.com/rss/articles/CBMi0wFBVV95cUxPTFYyMGdEbkduREwxQlZYdkJQMFppS0lRTkZuWm5hVE1rd2hwTGVFRmpyU2VHU2NkZ0NjdzlGa1Jqdlhza2tLOXU1MnFDZEF3cGNETTIzZmZpcjZYbXlCWTNXX3hmeklRanFDRVpOTmV2djNMYUctNFljaTZsd1BfNnlOS2pnZ1JUMS1fd1Q2TUpnc0phNW9jNzdwak1OU0VQMVBzQ3M2SjBkTFVCeG9VeXNUWEhiYnFia04tem9Cd2ZzV0ZjQnQxQ2NwMm9ncTVMSndV?oc=5
Aral Moreira,Educação e Negócios,IFMS: Inscrições abertas para cursos gratuitos a distância em 2026 - Campo Grande News,Campo Grande News,"Sun, 08 Feb 2026 08:00:00 GMT",IFMS: Inscrições abertas para cursos gratuitos a distância em 2026  Campo Grande News,https://news.google.com/rss/articles/CBMixgFBVV95cUxPR1BqRVBteDVQbzVKTmZia0VmUTliM3NZcVA5UlZRcUFGYjJJZ3BzRG55RU9pbHZ4elpjeXpIMEFETU51Y0tkeTlxVmlIRWZOTHQwMTM4ZWw1VmZoTkNnXzBuWmRjX3VQRVFWTGNzUUVBMUFtSGVsQ2xIRTI0VUdzZW9rWHh2LXo5NlV5d3pKQno1TV9ZUW53M0dycFYwNUdvSFJCakRaNWFVbHYyTGtUUUtzenMwaXRmUy1ocTZMajRnVmt5Y0HSAcYBQVVfeXFMTmc2b242cmlLUXFKOE1SX1lSYkFQZkgyNTQwZXBXNE0tM3ZYUHNIUXhqcFdhbTNHWDJ4aEk1cHlsb2NXamlKVkx3WHBEVXcyZU1FbFBBcmkwMFJKU0Q0SWE3bUp4bUlZTXB3YUlHMmU3NlJGdDVpTXNycVRTYm9MSXJrVllLYXptcDVpdzg5OG9LXzZuZVplckRyLXZ3ckM5N1YwbUdKbEloSkxjdW9GWjRybnZQandoRENfbXVhMWdFQ0ZXdklR?oc=5
Aral Moreira,Educação e Negócios,IFMS abre seleção para cursos de qualificação profissional a distância - diariodigital.com.br,diariodigital.com.br,"Fri, 06 Feb 2026 08:00:00 GMT",IFMS abre seleção para cursos de qualificação profissional a distância  diariodigital.com.br,https://news.google.com/rss/articles/CBMitwFBVV95cUxQSDk0ZXdTdTFtMFZsR3ctZHo5U1o3eU14VkR5b3pHMmJjajRYczBpYzQ0Y2diVm43Z2tmYWhiaTdnLXhiQVpKUnJ3RWN1OG5MQ0VpQldRUHZzOFVSR2MxZFg1YUxSN2FlbGhWNGpYaC1zeG54cWxfeTFRUG9SSVByVktSX2VHem9vSGhCMXpXb0ExWnB1dWl6bkZwS2FrcFFtUE9FdngzY3lHUldhbE9Fdy1GY2hHd3c?oc=5
Aral Moreira,Educação e Negócios,IFMS Abre Centenas de Vagas em Cursos de Qualificação Profissional Totalmente EAD Com Seleção Por Sorteio! - pebsp.com,pebsp.com,"Wed, 24 Jun 2026 07:00:00 GMT",IFMS Abre Centenas de Vagas em Cursos de Qualificação Profissional Totalmente EAD Com Seleção Por Sorteio!  pebsp.com,https://news.google.com/rss/articles/CBMizAFBVV95cUxNMEF5NEVMbkZERm0yTGhSZ2VKZDl3SDkyR3lGMWlhOGlmZ1VmQUxhS1padzNzbGF0QTF4VV9zQUUwbXNlOENYdVZNcWFIVW1WTW4yUWxkcnlCejdRQkF6OWVKVGpRSklXdUhZT0hkOXNtdFE1elZhX1E1bVFzU0ZWZ1V0c0tnOF9fQkJhODYwX2NZbEJ5Q0I4aVpBZjlGajM3VGF3VF8zU0FNVlRMUUVKd3ZUYm41TFh0NWhfeEhXZXJFYjlTSTljN2FRR2w?oc=5
Aral Moreira,Educação e Negócios,"Quer se qualificar sem sair de casa? Cursos EAD gratuitos do IFMS para assistente, operador e vendedor têm inscrições abertas e exigem apenas CPF - CPG Click Petróleo e Gás",CPG Click Petróleo e Gás,"Mon, 18 Aug 2025 07:00:00 GMT","Quer se qualificar sem sair de casa? Cursos EAD gratuitos do IFMS para assistente, operador e vendedor têm inscrições abertas e exigem apenas CPF  CPG Click Petróleo e Gás",https://news.google.com/rss/articles/CBMijwJBVV95cUxOWk9Gb2ZoVVMzU3BZcjVKbmxqRkpaRVJzQlA5SWRTTDdLVFpueUhzTXd5WEhPaVo4cm1KU2VOSlAwdGRBejJtTkNHeDVoVUg5QmxibGx3VG00Q29IZXhlY1ltM01jckVYTVF4RTdGSGRWSHBabUZpa3dpNlRPTHF3VFN1SjRfbHRrWFJ3QUFpc20tYmFLQTdaSXNqTTZSR3ZiVDVtQlctQVo2OWZDdGhDd1ZYRmMxWjRjclRWb2ItTUpSUlM3SEJiQ3F0bU5nOEJYLXUtcjRURG13Vm80c1J3cnZkVThDd1BtcTBjQV8xWjFqWkNMenNYMWk3UDFiZzNuem5VMVZwbWV6S05GeUdr?oc=5
Aral Moreira,Educação e Negócios,IFMS abre inscrições gratuitas para cursos EAD de qualificação profissional - Campo Grande News,Campo Grande News,"Wed, 04 Feb 2026 08:00:00 GMT",IFMS abre inscrições gratuitas para cursos EAD de qualificação profissional  Campo Grande News,https://news.google.com/rss/articles/CBMiuwFBVV95cUxQTmNqWkhjSjN4bnpvaVRqNG9vRHc1eDNKWURISXd3ZmFRcEhNMVNsZ0JXRERXNllvZlJMMG9vSHQyd0hva3E3eERqTVh4eXFXdGZRa19EYVpydDNidVBMeGl4clRZMzlaM2YzRXFmQ0phczlmQ3I5aFhCY3FHSDZ2WjhHZnRURDlUWmo1aE1wN3ZnVlBKZWFVWnRtZ2hVbFlESGV0NEJDMWI4U1JlV0Q2XzN3ZUFURFpnWEJr0gG7AUFVX3lxTE5rUlh5cThPNm0tWjFUMS1udm40alM5MkdXVmhDVEh1dEJaTV9TOF9pZEZ5TjRfTjVhX1J2Z2lGTjRZSkVnMEJUbk1tc1RiTEJJOERpYjdVZ2txN0dOanZHSDRKX2FjRGZKWEdZNHVPZGZfNGRIVGJoNm9WM3JYV0lQUXZDVnRVc2hGYml0MXhiVjNSbGhPZGZ1OC1qWHZJdWpOeWt5dkZYVDFwajBfWHhOVnMzRl9DX1h1Vzg?oc=5
Aral Moreira,Política e Institucional,Notícias - Página 24 de 259 - Prefeitura Municipal de Ponta Porã,Prefeitura Municipal de Ponta Porã,"Thu, 12 Mar 2026 07:00:00 GMT",Notícias - Página 24 de 259  Prefeitura Municipal de Ponta Porã,https://news.google.com/rss/articles/CBMiXEFVX3lxTFBEanZJVFZFTTVMek03TWczYkI2WDlSUkhzRHJsYVp1czBJUm5mRWEzNXhEdUpvYTVyWnZPbU1ldTduMlVlZVRWVmZtUDg0aUplMFlYQ3hpbElpRVpp?oc=5
Aral Moreira,Política e Institucional,"Polícia Civil inaugura a 53ª Sala Lilás do MS, em Japorã - sejusp.ms.gov.br",sejusp.ms.gov.br,"Fri, 24 Oct 2025 07:00:00 GMT","Polícia Civil inaugura a 53ª Sala Lilás do MS, em Japorã  sejusp.ms.gov.br",https://news.google.com/rss/articles/CBMijgFBVV95cUxPbExxTDdpU3U2U1otclpkdE9rRjJnTGNvNHoxd1JMOUNsLVFPUlhFSUFUVUNpb05rN2doZlFqc2FwSmhKTGhMN0JnYzZrN1ZWUFByWUhmMG5KSUFVOHJBQy1HM0xkdlMtbWlXXzZVc0w3Yk1Jb015MGk0c2VCN1ZrVXBaMVU4dXNfTGVGRFpn?oc=5
Aral Moreira,Política e Institucional,"Morre Irimar Carvalho, ex-prefeito de Aral Moreira - Midiamax",Midiamax,"Sun, 02 Nov 2025 07:00:00 GMT","Morre Irimar Carvalho, ex-prefeito de Aral Moreira  Midiamax",https://news.google.com/rss/articles/CBMioAFBVV95cUxPQnJwbEVLRjQxZjYtX1BSaE9IUGVNNzNZbjJIQTVxMy1pMVJINF8tYmRBRGNBcGlHb0ZVSHZrS3FMZTFrMXBiRy1uYUhJYVlPM3dzYURpRVByUWh0bTFUbWV0SGQ0alBwbkRRUGRtdFFHY1F0UVpqVjlXSTVwMFZXQzFERnFvTzdJUGE5cVJ4REFRUHczSV9DMHlQcWR0R1VQ?oc=5
Aral Moreira,Política e Institucional,"Salgadinho, fome, diabetes e AVC: o novo vocabulário dos Guarani-Kaiowá - intercept.com.br",intercept.com.br,"Mon, 18 Nov 2024 08:00:00 GMT","Salgadinho, fome, diabetes e AVC: o novo vocabulário dos Guarani-Kaiowá  intercept.com.br",https://news.google.com/rss/articles/CBMi2wFBVV95cUxOT2E5Q2RBY0RUSjVPdHlQejZxRXd0bWxmVUkyOS1Mc2VNWHc3SThmaWo1MGZoUlZqQ2lRY0lSS1J5d3liTmxucV9iWHJHaVlDWlJJMGZ3NGpSXzRoMC1yNi1pOGpuR1pXclNMNXlucGpEYzVHRUZTNll4T3RUNnBWRm1MRW81ZS1JTHJTTWRYazFjcUdtai14NnJOc2RSdEJKblg4QmdOb2paZ3UzSXBKVk40SXdQeGJWM1poYUZ6cTlJRjcyQmJJejdUMVhyeFhuTjdKNXlveVJLVE0?oc=5
Aral Moreira,Política e Institucional,Retomada de obras em Aral Moreira: MPMS acompanha processo - Campo Grande News,Campo Grande News,"Sat, 17 Jan 2026 08:00:00 GMT",Retomada de obras em Aral Moreira: MPMS acompanha processo  Campo Grande News,https://news.google.com/rss/articles/CBMixAFBVV95cUxNUmpjeE5yelVRMjRscGZBYjlyVHE5Q3VEaTM4TWpDd1dOb2Qtalo0LWVObnNyMnJrRGstRU1vdVk4UEpzWUU4eG9LSkxIMzh5bUFyRG0wS0pIcEhER3VwVVZMRDl3S2JtOXdQQjJkNEcxMkN2endvQ0tzY0tHTWJCNzlmS1FIS3Y4d1YxVzU4TF9mb29JMW84bmVmX08wWDlMTVcyYUFjdkhZM1NudWY1V0NJUVQ0eThLRENfcG5Ca3Zib1Ax0gHEAUFVX3lxTFBraFljN2g4YmVTaGh6SDhMc1lzX3RKalhGZzJjbjlYWWR1SlJOWVBscDN4NV85ZU1FR1hrLVB0aVhKMWUxM0ZyZUgxZHZNck85VmJkalMwLWdsRGRtQzY5dklnbWh2Z2tKdm1fTGlsdHRZV0FKRFljT2RwcUVSSmxfSDNHaTMzdVYwbTB6MU9RcEZFdDMxLTNSZkpsQS15SUVzSWpqc2ZsR0N2dVZIOXFsT1V2ZW5Cd2p0dmtFNGwzb2VsZVU?oc=5
Bataguassu,Social e Cultura,Festival de Dança Coreografada da Melhor Idade define campeões - fundesporte.ms.gov.br,fundesporte.ms.gov.br,"Fri, 05 Dec 2025 08:00:00 GMT",Festival de Dança Coreografada da Melhor Idade define campeões  fundesporte.ms.gov.br,https://news.google.com/rss/articles/CBMingFBVV95cUxOejF5QU42UU41bFdMVmxDbDBBbDNSMFVkSTZYRHcxb3ZDVGF1OUw2NmN6ZEFQN1g0MkFyN251VjV1Mi1ldW81SHN5VnFYZnhEVDhNT2tzdnZpT3F5VGFMVnhSSEl2bVNfc1FCRkE3SUtlbVFwbW82WUp5MFM4d3JlSTJ6dUlxaGNLMWR2Ry1fMW5DMHVMa3dRMHhXeGVHUQ?oc=5
Bataguassu,Social e Cultura,Centro de Esporte e Cultura oferece atividades gratuitas em Campo Grande - Campo Grande News,Campo Grande News,"Mon, 16 Mar 2026 07:00:00 GMT",Centro de Esporte e Cultura oferece atividades gratuitas em Campo Grande  Campo Grande News,https://news.google.com/rss/articles/CBMivAFBVV95cUxPWnBOYTNjOE94NXJlWk1sNEZteVpUU2ZFMm9nMUxLVi1CTWxKNVRjaW5lX0hGTGRZY1VQOFRkRkxmdEIwQ2Q5LVdBZFN1QlR5MkVjTjE5ajlZdDJpRlc5MDFTZWtxWDdvQ0R1MnUwUXJqc3E3eWwtQ2lhYjZBd3VSNldMSlpDQ0NMOXU5LU1qbnlNT1JWTWR3WkFRanZxN2VHdG5XTEJ1S01qbjFmNExmdlpKWFY5UDZaRmdzcNIBvAFBVV95cUxPYkNkS0luV1l2dmJjUkZVQTl5ZmlpRXg2V0ZTcDd5WlRJZ05RUUtHNWlwYkItZE83MEJXRmxnbWo4cGF0WTI3R05kd3NnamxPQmZDM0dNWlJuNGtPMFVYUGw5dGRLZVI2Z3hCRm82SW9tUXBiVzdhN05PeGhHWmNrQjR0cVFsUmUwZWJaYXN1Nnd6cUk4QXllcW1ZZVlBeE5xbjhaaGpsTl9CNlVyN2tTYm9Vbl9nZG1WdzJnOA?oc=5
Bataguassu,Social e Cultura,"Semana Nacional dos Museus foi aberta nesta segunda com mesa redonda sobre museus, educação e pesquisa - Correio de Corumbá",Correio de Corumbá,"Mon, 13 May 2024 07:00:00 GMT","Semana Nacional dos Museus foi aberta nesta segunda com mesa redonda sobre museus, educação e pesquisa  Correio de Corumbá",https://news.google.com/rss/articles/CBMi6AFBVV95cUxNNWJGZV9udnVBejBFTFdqTzg5VEdKczEzcm9iVDIzOXNXVVFxTi1CYzZVSmQ3c3lxNkNoNlBzRV80SDdnZFRLSlVXbVBFT1dJQ3pBWXgtT0J6WWYxYWRqY2lUck41VHZFVGI4MGF3LWFPcjhrU3V6b2VOTjV0ajdZcGsxVnA5X2Q3SWUwdzVhbFJyS1dHSnFkNVc3b2NMeGNDeEhpLU1XWl83d0Z5TjhyeE1KdVFKSnBXRXBzb2wxU0E3UXByNlprNUF3Y0k4VjNZWXpGU3owUWxvYUhTZWhFbGFfZ25IZ3g30gHoAUFVX3lxTE0yc0NyZDRRNEVlQkg4ZWZFRHhUZ0pOUkRXSGgtc1Zya2UwdzhlQzNhc0JzV0dwb0lPWS1hVkFsLTFNUUxSTHdsTU5ZSWdiMl9pS1AxY1NkRkQ3NmRjMDFsVkZlN1p4bmFmcmVVNWNBWnlxTVpreXItNEtXbjl5WlJfWXFUcUZSMVZwWlJYOU9BcUxzU3pPaFUtSlBjU0gxdHR5NXB2Rml0MlJFUmNDZUZ2MzN6S0lXbXVOWXU3cUwxZjRjZ3NlaEU5YVo1bE5tLWlyclBjaENXbFJubnYwTmV5VEozOFUzV1c?oc=5
Bataguassu,Social e Cultura,"Agendão: fim de semana tem MS Fashion Week, Festa do Leitão no Rolete, exposições e muito teatro - Idest",Idest,"Fri, 06 Sep 2024 07:00:00 GMT","Agendão: fim de semana tem MS Fashion Week, Festa do Leitão no Rolete, exposições e muito teatro  Idest",https://news.google.com/rss/articles/CBMiyAFBVV95cUxQQkJVNThTWks5V2FBVjMzR2VmclJoTFBHWnlSaU1Md3lHWmk0cU1VUFN3dkhFQlVya2ZmYzlRZFBHZ1RXR001dG1mUUY0d191dlFFY0FRN3VQVGdSOFlHSDFENmR2dExSN19pN0xpclZUelJtTWtfSzhIVXZoN0JWNkZIRG9GUktRVVp2aFRFU3RROUZQQkIza1F1Z1Bjd2RxaFZUWUhQaDQ2b25yR1JBWU9VY3l5VUxLTy1SVHNNU2txVzN4d2tZQg?oc=5
Bataguassu,Educação e Negócios,Jovens de Bataguassu terão acesso a cursos técnicos gratuitos com bolsa de R$ 300 - Prefeitura Municipal de Bataguassu,Prefeitura Municipal de Bataguassu,"Mon, 01 Jun 2026 21:09:15 GMT",Jovens de Bataguassu terão acesso a cursos técnicos gratuitos com bolsa de R$ 300  Prefeitura Municipal de Bataguassu,https://news.google.com/rss/articles/CBMiwAFBVV95cUxQU3hWS094dE1YU0tncnpQX05PS2VNdEo0V0pEQm0wVVI4S3l6OElxMDgxUnZVbmtaNUZqYjl2T3VFLXZjdkh1R3AydkctaV9YME1CTGI5cFAtV0hmdjRpai13QU1xdmM3MmFJUlRYbHNMNjZPT0VxSEtJN2ZocnhwRXJRN29kZEk1NWxtLTliOHlabXN3VUJjTGFRcDJfa1lXemRITlpQVWVVQ2MzNklfMC16bDZXX0ZGa1JHTFIydlg?oc=5
Bataguassu,Educação e Negócios,Bataguassu abre 60 vagas em cursos técnicos gratuitos com bolsa de R$ 300 para jovens - Cenário MS,Cenário MS,"Tue, 02 Jun 2026 07:00:00 GMT",Bataguassu abre 60 vagas em cursos técnicos gratuitos com bolsa de R$ 300 para jovens  Cenário MS,https://news.google.com/rss/articles/CBMivAFBVV95cUxPYWdhUXdMTHNDVnZycU5LU2lLMjlkbWhUb2hOVnU0TGI0TWhHWjNmaDRGZjhZQkIwZUpzei1NenNnRTY0azJqSHkwZWNtb3haYUlWTjBoRDFtMkdIWnh3MFNmejladmdNanBaQTF5eVJ3bTJfZlpaeXR3M0FoR19ZSzJaLVFqbDNmU0pqNE5HbjVXc3FmWHRSRXJHYWJuTjJ6UkFhaUEyOVJJMTQ1UlhJRU1oZUNCdHhNRnB6Tg?oc=5
Bataguassu,Educação e Negócios,GIRO FUNTRAB DE NOTÍCIAS – 19/07/2025 a 29/07/2025 - funtrab.ms.gov.br,funtrab.ms.gov.br,"Sat, 19 Jul 2025 07:00:00 GMT",GIRO FUNTRAB DE NOTÍCIAS – 19/07/2025 a 29/07/2025  funtrab.ms.gov.br,https://news.google.com/rss/articles/CBMihgFBVV95cUxNOHBuSjhObGNFM3VINTBfUW12S3ZIb2hWZ25wdGZxWWdZT29VQjZoYUE3VE4yNzhZZ3ZRVFRBTjlESTNlZTdtbmwyY3RIa0N3VklscllrbTZjVV9JdVplQjM0dDlWc1VJNGVndEJwZy1wV0Vzb0Z1T3hIMjBheTdxczN1QjI2UQ?oc=5
Bataguassu,Educação e Negócios,"Acabou a desculpa! SENAI tem mais de 8,3 mil vagas em vários cursos pelo Brasil - Agência de Notícias da Indústria",Agência de Notícias da Indústria,"Fri, 26 Apr 2024 07:00:00 GMT","Acabou a desculpa! SENAI tem mais de 8,3 mil vagas em vários cursos pelo Brasil  Agência de Notícias da Indústria",https://news.google.com/rss/articles/CBMiyAFBVV95cUxNcFlwckpLcUVCNG9lUVVHa1JzeWtNNFFaSVllNk9hYWVqQzRkSXdhbW85Qk1ua3oyXzJDTFowWldzZDZiWUVtbVVyVFFxWGMwNmJkWWVuNVd5MFQyT0VwYUFDQ3BqcGM0VVdFMWRZOHhQS1ExVFE1amhwRUdmdUI2UkVHdHhuSmdwRndGbWRBM1c0Njl2X29Lb3hKN3haWloxaVFKYWp1QS1NMk1rWW1RNnZwQ3J5WmtMd29MVU9jSXBkcGVlOVZFWg?oc=5
Bataguassu,Educação e Negócios,Faça um curso técnico gratuito e ganhe R$ 300 por mês: são 60 vagas abertas em cursos técnicos gratuitos para estudar Eletrotécnica ou Planejamento e Controle da Produção (PCP) com apoio do SENAI-MS e da Prefeitura de Bataguassu - CPG Click Petróleo e Gás,CPG Click Petróleo e Gás,"Fri, 05 Jun 2026 07:00:00 GMT",Faça um curso técnico gratuito e ganhe R$ 300 por mês: são 60 vagas abertas em cursos técnicos gratuitos para estudar Eletrotécnica ou Planejamento e Controle da Produção (PCP) com apoio do SENAI-MS e da Prefeitura de Bataguassu  CPG Click Petróleo e Gás,https://news.google.com/rss/articles/CBMirwJBVV95cUxOd3lrY2xzMnBfcmVHVmtVTURjZUJ2dEVsUzZ0bGswOTZmY09NazM4TTN6VldBV3FBelA4OTFsNW5aNS1zdy0ydWhlM0R3bG9uMWJkUTJyUmJVUmt2Z1N4UDVKY0REOXhEbFYyalB4ZDN0a3NUam9Fb2NlZVZLYWI1Nnc3MlRyVnVzSnlsSnJmX0I2bHBEdC0ycHg2dTVtQ09XbnFab1U5YndzRnFON0FDR0ZMOHJlak85M2pyQW5nZEVZNzVJN0VjYnBxOTZvRURZZElXbnEtWEFfNnpPbXJmVDdVNjVSeUVzaUxUU2VvdC1oOEwyS1U0dlRTN2N5LWQ1WDVSSURZTW5nUmo4SHVqcjlsOVRleHExRTloUWREVzg0azA1Vl9MZF95d2c5TW8?oc=5
Bataguassu,Política e Institucional,Prefeitura firma parceria com Polícia Militar e Governo do Estado para implementar o PROMUSE - Prefeitura Municipal de Bataguassu,Prefeitura Municipal de Bataguassu,"Tue, 18 Nov 2025 08:00:00 GMT",Prefeitura firma parceria com Polícia Militar e Governo do Estado para implementar o PROMUSE  Prefeitura Municipal de Bataguassu,https://news.google.com/rss/articles/CBMi0AFBVV95cUxOZHRvQXM1SWdFbXZmNEFTeDRPa1p1VVhULVhSLU5ZVV9YSGxpNGVHSkxmUFZWRG1XTTFIV3dVR0Z1aVExbXhDMW1QVDExMGVpMG9ZYVFhUXdxTjY4WTk1SG8xX2ZhQVM1X0RIY0FxTmZwcnlwQlNELWs5UkdLSDExa2FaZWRROGJUV05sdWY2am1uSFJZeTQ1d1RMQnVxTHo5VkxxOUxGY0RuOXIxdDBMdUU5ekVyRnlMQW5SXzBHZGRPV0JFTHhKMjd3LU9Wd015?oc=5
Bataguassu,Política e Institucional,Governo de MS repassa R$ 602 mil para desapropriação de terreno industrial em Bataguassu - Midiamax,Midiamax,"Mon, 31 Aug 2026 07:00:00 GMT",Governo de MS repassa R$ 602 mil para desapropriação de terreno industrial em Bataguassu  Midiamax,https://news.google.com/rss/articles/CBMixAFBVV95cUxOaHlvZlg3ZHRkVlhTQjd6Y19ZUEdUMEppMUlJTE4za1pxRU5nVkpieVE5ZEhzdHU3S3F4NVlOUkNlVGszdGUwWm9NWkd5a2xiQlhIMWpxUG9McjQzc3dmNDNfLUdmUzcyTjhuN05meTN4Nm5IUTl2SmVrUDZpUGcyUG1xekFTVmpUZk5XbUNfUkdfeEVYUk1sdVRvcGJjR0F3WVdUbE03UV9EbXlPaU01NC1sVEt0UUxkS2tIR2ZCRUtYTGNP?oc=5
Bataguassu,Política e Institucional,Prefeitura moderniza PRODEBATA e disponibiliza Carta Consulta on-line para novos investidores - Notícias em Rede,Notícias em Rede,"Thu, 16 Jul 2026 07:00:00 GMT",Prefeitura moderniza PRODEBATA e disponibiliza Carta Consulta on-line para novos investidores  Notícias em Rede,https://news.google.com/rss/articles/CBMi0wFBVV95cUxOQ0Z6V0t2c1lONUJUWWVuckN0R3NFYWNzQ1hOelduMXo1QUM2MUlMMEx6VXdTZjdZMHRVRUtLdzFkZk9oZlcxVS1vNEZDa01PbHgwNFZfOXhXWUJhZDlSSW5PZXcxaUNnREVtVGgyNE9jTjE0ekg3M190VEZjbzY1UWRPaVFPRmR3U2RJWjc3T24zb3VOcW9RQmcya3lqaFViNmJZbGdxLVNPek9LbUdpUm1rNmQyTUg2STZocmFEV0VfMWw3YWtvX3RwbWRkc3htMGFr?oc=5
Bataguassu,Política e Institucional,Prefeitura de Bataguassu MS abre processo seletivo para Educação em 2026 - Qconcursos Folha Dirigida,Qconcursos Folha Dirigida,"Tue, 23 Dec 2025 08:00:00 GMT",Prefeitura de Bataguassu MS abre processo seletivo para Educação em 2026  Qconcursos Folha Dirigida,https://news.google.com/rss/articles/CBMivwFBVV95cUxNY0t5bVc5UEc2SHVyWWdRUGVOUVNFM182X3BFd0ZqNDBtRlpidXoyZ1JnQkExRkZObnN1WDVoWFpCNnFYeEg4N1B0QnMyQ0hEYjBQVnlfMDBBYmdVNF9NMlZwbkRJZmdzZ0J3U1JZcm9vQ2lNWEtTTmNGRDFEbm1SY0x2VHlwNXdNRmdLc0Q3Zm5hNUVKQ3M0R3NkS21JZm9tVHczVkxZSDFmbDk3UDJWb3BiU1V4bUFNRmVsQ2ZlOA?oc=5
Bataguassu,Política e Institucional,Bataguassu define calendário fiscal de 2026 e oferece desconto de 10% em taxas de alvará e vigilância sanitária - Cenário MS,Cenário MS,"Thu, 08 Jan 2026 08:00:00 GMT",Bataguassu define calendário fiscal de 2026 e oferece desconto de 10% em taxas de alvará e vigilância sanitária  Cenário MS,https://news.google.com/rss/articles/CBMi3wFBVV95cUxPc3hqVS1FYWtWbkNBQ05IUE84ZHNjX1h1SVg0R21DQ3ZjN19OenVMQ0R2MDUwRVZFeFJSbjFJSXNEMTc5YnIydFl2RTYtLXpfOEpkbl81LUFRb0ZEeUMtMUluUWFyTnBMMmVBSHp5bzBPbHNlMDB2b2RCVDc2RThUTkt2NEFyNElsWXExZGhudXdXVDYtaXViRHQtUllGVEo1Nk5kM2R6NTNQc0VfSEtEelk2RnZvWElCbkZDb2I5NzJ3TmZtVnBoY0taeV83b2dOWEVrcWVWU2VIZ0NoWTVV?oc=5
Batayporã,Social e Cultura,Festival de Dança Coreografada da Melhor Idade define campeões - fundesporte.ms.gov.br,fundesporte.ms.gov.br,"Fri, 05 Dec 2025 08:00:00 GMT",Festival de Dança Coreografada da Melhor Idade define campeões  fundesporte.ms.gov.br,https://news.google.com/rss/articles/CBMingFBVV95cUxOejF5QU42UU41bFdMVmxDbDBBbDNSMFVkSTZYRHcxb3ZDVGF1OUw2NmN6ZEFQN1g0MkFyN251VjV1Mi1ldW81SHN5VnFYZnhEVDhNT2tzdnZpT3F5VGFMVnhSSEl2bVNfc1FCRkE3SUtlbVFwbW82WUp5MFM4d3JlSTJ6dUlxaGNLMWR2Ry1fMW5DMHVMa3dRMHhXeGVHUQ?oc=5
Batayporã,Educação e Negócios,Prefeitura de Campo Grande - MS abre Processo Seletivo para Assistente Educacional Inclusivo - pciconcursos.com.br,pciconcursos.com.br,"Wed, 20 Aug 2025 07:00:00 GMT",Prefeitura de Campo Grande - MS abre Processo Seletivo para Assistente Educacional Inclusivo  pciconcursos.com.br,https://news.google.com/rss/articles/CBMiywFBVV95cUxPb2NzUFUxMGIxQldqVzloQlh0Z3FFZ0ZZdnVSQ1ZNZGJjaWFYSFozbmpmZnNmbWk1NGhSdHFtekVYcEdKTXA1R2dvV2RCbm5fQ3BReElxZkp2MzRqd0w5eGo2WGhhYThqTkVJZEE1aEliRlhXUWVELURoUERuX0VXempOTjF1SjJ4ckNtcUxjSDM5eTJEdVJZX2NRRnpRZUlIdjdUUVJyWkRTUUwxRllkM2JvSlFKaFZRWjRGc3JuRk5rcTUxUld0V1FCYw?oc=5
Batayporã,Educação e Negócios,Terceira semana de junho começa com sete editais abertos em MS; confira a lista! - Enfoque MS,Enfoque MS,"Mon, 16 Jun 2025 07:00:00 GMT",Terceira semana de junho começa com sete editais abertos em MS; confira a lista!  Enfoque MS,https://news.google.com/rss/articles/CBMirAFBVV95cUxPUXVIX21ENWhBSkFRUTNQZUZhb3ludDliUmd0SGdXeXpSU0o5NlBqMk5PNkpyOE84TjlrZDlNb2ZQTTlWRXRQYTQyZktlU3VmcWZ3dlg4QUVVdUVRam1VZVlsUllRMEdlQkZtNmdFbWZvMUxRWGJLWTVkOWpaWk5CeURKa0htYnE1dWFabE0yUC0wTzFlT0RTdU9DbmpKdlR3V0ZKVktVSVRGUlB20gGyAUFVX3lxTE1pTVZ0MFlMZkhnZzk3YnhfNlpndUc1QnEyaTRSVnNfZkNtUnRvTGlTRjE4M29tTmZzOHpxR2ZUSmNhQWtvelNTeldVd3I0WlZCcHZLV1hUZ0RSSmlSY3d6dFFxdnZZUncxTmpRUDVIUTdWQ3RPWi1FclNvOVNfbXl0cWFOc1o5MFBGa2NFbWcyeVZQeDY1NXd5aDUwN2lvQjFXNnNaRmZ1cl9DbHJNS3I4SFE?oc=5
Batayporã,Educação e Negócios,Suzano abre em Três Lagoas seleção para Técnico(a) de Manutenção e Bombeiro(a) - ArapuaNews,ArapuaNews,"Thu, 25 Mar 2021 07:00:00 GMT",Suzano abre em Três Lagoas seleção para Técnico(a) de Manutenção e Bombeiro(a)  ArapuaNews,https://news.google.com/rss/articles/CBMiowFBVV95cUxOaEl0M1hQNGJBWTViVWtUa3lvcXpxRVoxSWRXc2tGcXoxakFyVEdfMzFXSjRRQlRnS05qbEtVdGxzM0pNRkZ6SzJvLTFDVDNWaHhjWFl6TnZxd0RhOGtiXzRsamFyVmZZaUZaRUVJZGNTRHpsZDJvZjRaY2ZjMDE3em9jY1N0Zm92eXNiNHBtc0piVHh1cmRFLXpiNW05RzdrRXl3?oc=5
Batayporã,Educação e Negócios,75 vagas de emprego em Três Lagoas na Casa do Trabalhador nesta segunda (27) de julho - ArapuaNews,ArapuaNews,"Mon, 27 Jul 2020 07:00:00 GMT",75 vagas de emprego em Três Lagoas na Casa do Trabalhador nesta segunda (27) de julho  ArapuaNews,https://news.google.com/rss/articles/CBMirwFBVV95cUxOamc3eHphRXR6bnM1TF9hcUJ0eEZCTDQwS29COXJsRkVBYm55V2VYbGpDeHBLR01xVWVqek1nUk9JTDczWVR6cWtvaFRaeFY0TDZBSVNMb3ZtLS0tcl9sbVV6ejFEUzUtSF9nNzdHWmhXR29VSEhGckNZTXlXRGU0dGIyN0ZocWN4LUVWS2FXcmZieFVFRkhPa2ZyNmQzWnQxLU8tX3VuVXpqQmZySVJB?oc=5
Batayporã,Educação e Negócios,Câmara de Jateí-MS abre concurso público para 3 cargos - Ache Concursos,Ache Concursos,"Tue, 23 Jun 2026 07:00:00 GMT",Câmara de Jateí-MS abre concurso público para 3 cargos  Ache Concursos,https://news.google.com/rss/articles/CBMirgFBVV95cUxPcXlTVmFfcXl0VUtaelJCcTZVOHpzOVVrRnJyaEdHYW5EV1NvTkFRQUthalpVMGtoNzhvY1lRcmNGcFd2Q1RwQ2ZXS3VVX0hQSTFwanBYd1lYQTUtTExieWlkU0RLVzhoYjktYmFFZ3oySmF4WUlKRV9YSVR1N3R1QVVkTWpBSDJrQ0FlSTd0TWx4ZkZsYWZ3UDhPRzRRc0NrVVJZSEJLQ1RqOFFfdUHSAbMBQVVfeXFMTkxZOHZlUHhhSWdhdEx2NzZ2a0owS0FEZWxsY0IwNjVESHBuSENDRHNCQ0p0VnllTjRUSVJBNGlwb1B1N21iXy1LekVPcmFUVXhjWHhsTnJDdTBGejZjZWwyMHZ3V0xUZVhMTm1HRU1IWmRSMndsdWl6dFlwNG13YjdWbmN2c3FQUzR6LUZVZTFMSVdkZFo1cUpFRWpQYkMybnVOLURWLU1YQm55QnJrUjV1YzA?oc=5
Batayporã,Política e Institucional,Câmara marca votação de projeto que pede reprovação das contas de ex-prefeito de Batayporã - Midiamax,Midiamax,"Thu, 16 Jul 2026 07:00:00 GMT",Câmara marca votação de projeto que pede reprovação das contas de ex-prefeito de Batayporã  Midiamax,https://news.google.com/rss/articles/CBMisgFBVV95cUxOWlZ6R3AteGtSMnR2bWlBSVNyaE1zcU43U0NRQndPTlI3b1ZkZ1JxSzBTTEVUVWR2bDlfQUhPZXZhRFpqTjZwUElkeUdUa1RTTDMzVXZmX3NFcWJVd21XSTA4UUdldE9pUEliQ0p5SXdfMUl2NWFwNjdkSWdFQTlhc2Q0WUZiWjdMQl84UkxkN0k3a3RvSmxVQ1ZBQkxwakZXTVNza2dDa0pMSDVxMU83Nkx3?oc=5
Batayporã,Política e Institucional,Batayporã homologa licitação para fornecimento de coffee break a secretarias municipais - O TEMPO,O TEMPO,"Tue, 28 Jul 2026 07:00:00 GMT",Batayporã homologa licitação para fornecimento de coffee break a secretarias municipais  O TEMPO,https://news.google.com/rss/articles/CBMizAFBVV95cUxOSlBJRzFtcTAzeDlpQlJRT185dnFiaFM1UkE5SDJ4enZjSXV6amxabl9wdG80eWRwSFNJU09wZU1oU1NlTEUzLTRkQTlTdXA3azNYSVl0ZnUweTNrMDczc2thcjl1enFNZmtRSGc4YUhKRU8zc0dwRGhzU3pUM1dSQ0Y4OWtBWXdFR2dwU3hPT1RMMkhjZ0FtUFpQVXBHVXYtbFlDZnA0NFNyblNRTFFYUHV6dE9JTlA3X2x1MXRRZ1NvWC1FbDZtLTZZbDE?oc=5
Batayporã,Política e Institucional,Prefeitura de Batayporã pode comprar bicicletas elétricas para agentes de saúde por R$ 132 mil - Midiamax,Midiamax,"Tue, 21 Apr 2026 07:00:00 GMT",Prefeitura de Batayporã pode comprar bicicletas elétricas para agentes de saúde por R$ 132 mil  Midiamax,https://news.google.com/rss/articles/CBMiywFBVV95cUxOMmNuaVVJRFVGNU5hUmNCRlZRZG5ybHc2aU1xaXI4UUNrRXB3UVpvY2M1UE0zcVQ5R3QwMWE1UHpfdG5TdkFGdEtGVVUzc1FpRXlNWkZSNTA3VjNzaVpFNXpMZDRvMlVnUVdXS05aQ2JMQ3RrRE5oR2E5VWk4cnVIbS05MlpjU2lWcWxINlBFNFc5ZDJvRFc4WlB6LUh6SEJWdlJzSk0tUEVGeGp0TGhlcXZnUkxvUkRlenRlb05NMG9pYzM4S1M1Q3Rrbw?oc=5
Batayporã,Política e Institucional,Prefeitura de Batayporã MS abre processo seletivo com 4 vagas - Qconcursos Folha Dirigida,Qconcursos Folha Dirigida,"Mon, 09 Mar 2026 07:00:00 GMT",Prefeitura de Batayporã MS abre processo seletivo com 4 vagas  Qconcursos Folha Dirigida,https://news.google.com/rss/articles/CBMilwFBVV95cUxPRzJ1VkxtTFRVTXJhV3FVMm5GNFZ5bzEzOVN1QVJ1d0dsM3NTNkNZMlYwSFRJM1FRU20tTXpRUkZyR1BHVmZnTVpJdTlGOEViYVcwem1kQzhpbWJCVGxXLTZqbGNDTXNoX0VCY2lXMmg2bkJfM0tmdFRXbUZ5Tm9qZmswQjZGeVRjOVVoaVdhQXhBNHoyZmVZ?oc=5
Batayporã,Política e Institucional,"Prefeitura de Batayporã - MS abre vagas para Coveiro, Tratorista, Pedreiro e Trabalhador Braçal - pciconcursos.com.br",pciconcursos.com.br,"Mon, 09 Mar 2026 07:00:00 GMT","Prefeitura de Batayporã - MS abre vagas para Coveiro, Tratorista, Pedreiro e Trabalhador Braçal  pciconcursos.com.br",https://news.google.com/rss/articles/CBMizAFBVV95cUxNbUlrMjRNZXRJR3hrVHZhSjgwSS1aWEtWdjNMNkc3VmM3RldTbkJfeXdTRWhUOVpNNWU2YUJIdm0tWUNfZWNLUW03MzhWZnc3cjQ5SktDSWRFcVZZQzVIUkFrWU15RUFVSHlyN3lpZWNUTFp3dlRmek9XandGUzFMUjQzRExMaWI0U2w0TUF3cE9QQVRVT2NLa1dGbGlFN2VxY3J4SEJGQk5tZmJxWmdJeDRtWXdYZUxrUWdjalF5ZUFxZkVFNko3bmlyOGU?oc=5
Bela Vista,Social e Cultura,"Festival Rio Apa começa na fronteira com três dias de cultura, esporte e homenagem a Ueze Zahran - G1",G1,"Fri, 18 Sep 2026 07:00:00 GMT","Festival Rio Apa começa na fronteira com três dias de cultura, esporte e homenagem a Ueze Zahran  G1",https://news.google.com/rss/articles/CBMi9gFBVV95cUxQUmRFdGFsTGRtRm9LNVVPQmEwRE1QZEdWZmR0M2VBZGhlc0gyOUJiZ21SNzhtcEw0SExLUTRoSTUwMlc0QnBYWDBKbDBhdkVILS1xbTNSZ1VFeDdHUFkwYVFVY05jcVU4cFR3RUNQdHRyOXplRzdyd0VFUjJxTTduNTlQazNwb2IwdkhnLWV6WERwa093bWF1VE8xbk9FQVN6MzJOV0NFUFdPTUFBVVk4YnF0UUpJc1UxamJLVjMwU3h5V3RfZnozNVZhQlhtSjl3RzF3cEVDdVZzUkRXV3R6dkllUGNJQjdWdFNVXy1Xd05NcjhxSkHSAYQCQVVfeXFMUFAxQ09wUGtDOTZZdENLRUx2RGNpdDV5SmN4REJXNTBRMGZwSDdNMlRkVTdZUFBrTE1RVVdIdWs2ekwzZ0V3NHEwMEdqaEhPWUtqRjI0ZlRvaXJCa2VxU1NhQmlnVnB0bVlaV0VmOENzcU5FMHZqd01hTGV5WVBkZk0xWXdhT01iWHVHMEVKaUplTTJqM3ItMFZTNjJMUjBTNkZjM0RxRlVha1FJWnVVTGxxNWRoanhZU1FRWUtDWndoSk8zcEMxQ1cwZ3pBOVc0c2hBQ0xTdnlJNFFXTzlzMFZHX2hOdkUyNi0tQU8xYzFRR3ROcGQ2UUh0VkNkV2ZFQkhHMTc?oc=5
Bela Vista,Social e Cultura,Equipe da Prefeitura avança para quartas de final da 29ª Taça Brasil de Clubes Sub-15 Masculina de Futsal - uberlandia.mg.gov.br,uberlandia.mg.gov.br,"Thu, 30 Apr 2026 07:00:00 GMT",Equipe da Prefeitura avança para quartas de final da 29ª Taça Brasil de Clubes Sub-15 Masculina de Futsal  uberlandia.mg.gov.br,https://news.google.com/rss/articles/CBMi5AFBVV95cUxPS04wQUxwMTU1SzdJeC1NUnk2N2dOTVBfSHotTXktZTVZLW9YVUo4MDVUNnVnS3FINjlsN1pCX25FclR2OU44NWh0ZEdxQjdmdGMtdTdjTFpaSWtoQ2t5S1YtVlpoeDl6d0JUMjhDTTFvZmlRUTRnYjI3bFMwV1ZGSS0wZWhfMW9rTlVVcXFKRXZ2c0lBRk52SkUzbDhUdWRyZkc3RHMtZHhZX1A1UUVjaEJUVDR2Z0c5dUFwNldaX2oyN1JtT1RHakFVMlh4a2RMMjhld2N6bERyT0JEam0wT3ZTdGU?oc=5
Bela Vista,Social e Cultura,MITsp - Mostra Internacional de Teatro de São Paulo apresenta a programação de sua 11ª edição - Sopa Cultural,Sopa Cultural,"Tue, 10 Feb 2026 08:00:00 GMT",MITsp - Mostra Internacional de Teatro de São Paulo apresenta a programação de sua 11ª edição  Sopa Cultural,https://news.google.com/rss/articles/CBMiuAFBVV95cUxPR3hzUDc0LVg3N1dCZEd0THFEQ3FkN0ZOUGtlZ29rY3JyOTlMSjZLQzU0Z19JUzVUSTItVHpQaHN5bWxrVVdEd2pvTHQ4aUhmUkNudnc4WlZfYVVzRG1VQS1aUWZYa1lYam1OUk9mTWN1ZUV0UVZ0X1NaNmNXZjN0MDQyMHZ3TEhiQm5qMzNNTWdlbFBfdURVaHF6UGV6Xzl1REg2VnpONEE0dDFaV1k1MjMyeHlJalZM?oc=5
Bela Vista,Social e Cultura,"Cine Sesi tem 2º maior público do ano em Bonito com 4,9 mil pessoas - Agência de Notícias da Indústria",Agência de Notícias da Indústria,"Tue, 25 Sep 2012 07:00:00 GMT","Cine Sesi tem 2º maior público do ano em Bonito com 4,9 mil pessoas  Agência de Notícias da Indústria",https://news.google.com/rss/articles/CBMi0gFBVV95cUxQNHRsNkdrcS1vTGxMOUFyR0d1UmtSc0ZNZ1FEN1ZhZHNSRzh0XzBsUml5MENpYVZ2RXcweFdEMHh2cFBZbEYxMU5iV1k5Z3B2cmlLU0QzRDZtbGVFWkpQcmwwb2UtaUZXMDRZTm5QUlNBOWJ0azBnV01zbjNvYmRWcHZKbkRYN2doRElyZHNRQUFjMlBiUDJERWRQN1ROOHZUVmExUkJLZm5HWmFDNHNMQ2xVdktYd25hZ0ZKbnBPTEV3REJIWFlSU3ZlVE0tM05pN3c?oc=5
Bela Vista,Social e Cultura,Moinho Cultural promove 1ª edição da Fábrica Mágica neste sábado (19) - Folha MS,Folha MS,"Fri, 18 Nov 2022 08:00:00 GMT",Moinho Cultural promove 1ª edição da Fábrica Mágica neste sábado (19)  Folha MS,https://news.google.com/rss/articles/CBMipAFBVV95cUxQcmhjbGlkVThTOEZnY1VXVzFDSFM3Z0U3Tnl4TnZaWWdaU0VoeXNIdXR1M3pycGpsVnE2NTVfYlgyaXViRVpNTnQ1WWtzNVY3cmsxU0YtN05IZ3p0SUFVdGJPZHd1eXRuTUF4Y29wVGRwRzRqdVh2bHRWbXZRVEZweDZIdWFwWmhoUlF0YUpnSDJlY0VZYlNaVnZDZHRGbmpVXzJ2dw?oc=5
Bela Vista,Educação e Negócios,Raízen abre mais de 250 vagas para programa de aprendiz - JornalCana,JornalCana,"Tue, 09 Jun 2026 07:00:00 GMT",Raízen abre mais de 250 vagas para programa de aprendiz  JornalCana,https://news.google.com/rss/articles/CBMiswFBVV95cUxON08ybEZmYV9Ha1QtczEzWGE1cVdBbjYzYzdWS3BpU0tESDF4UEVYY0tlc25MekpWajdTT1hFU1NFUThxVUtNSmZNa0VqbWxxakYzWnJ2dnJDSUVYS05STDlaRURsYzJiWUNMeUdkeTFUbm5oS1J2SFQ3ZUtOeHVNdVdsY0JvdzRIYlZkTFF0QUdDcWdKbl92dXlQcGhGSUZUVE1MZC1QaWJUa2hJajBCWWQ3RQ?oc=5
Bela Vista,Educação e Negócios,Governo oferece curso de comércio exterior para qualificar jovens de municípios impactados pela Rota Bioceânica - semadesc.ms.gov.br,semadesc.ms.gov.br,"Tue, 14 Apr 2026 07:00:00 GMT",Governo oferece curso de comércio exterior para qualificar jovens de municípios impactados pela Rota Bioceânica  semadesc.ms.gov.br,https://news.google.com/rss/articles/CBMi2wFBVV95cUxOWTE5OWlLM210SER6YlVWemcyZGEyc2JRdEI3NGNBLTZQdnpDWDlJTm1iSG5WNVZrRkNrR3lSN0tGV1U4eS00UGNjTUtXTDVTODFWbTV0eXJRU3hTa2U5OW9tUk45M0FJRHRxS19BNkdJa3loM2dHbjQyNGNXREl0aHh0UTY4ekJNUmNicHg4c3pQM0syR1hTUzJUU1NzR0ZxVERxbjBNS2VTZXZwemRibjY0T0xCRW1WTXhsS01YeEthbFBNLW9WaE56UFBWTUxJWUJxQXZxM0x6S0U?oc=5
Bela Vista,Educação e Negócios,Oferta inédita no IFMS abre curso de informática para mulheres - Correio de Corumbá,Correio de Corumbá,"Wed, 27 May 2026 07:00:00 GMT",Oferta inédita no IFMS abre curso de informática para mulheres  Correio de Corumbá,https://news.google.com/rss/articles/CBMitgFBVV95cUxQTDJBYXdEdVRNQkpaU0x5Q3JpX1hRWFNwZ3RheWo3b3ZtRkpKZGVPbEhyRDBnYjdtQUNVNzNQck1nczVITGlyY1JEUV90ajF1bmtaM3Myb016S2tnRWhiMWZNSHdOR2Y0SGd2UjhXQ1FkS0x2YVZjYURONVVxbUlYUVhVNzdoMVFIaE5WR2dBRTBQbElnOFkwVnJpUjZlQUFCeHpPN3FYUDBRMmdwQW96bTU0dGVGd9IBtgFBVV95cUxQc1BNWWlOM0NodUpXMTFsZmdfcml6bm1BbnVoNk9pQ3FsTEotanRKWWdSU0ZkeDB0eGM4VUdwdUo2MUdFb3B6UFVGcS0tLUtmMXFNeVRTdWtjb0pqWElzVmVqZWxvUV9kUnRwT1hFc0NESGNpMmRuVVRyVUstbFYzTlplTUVvRlUwcXROLXpwX0ZQRmpwTVZVd0IzYkhBRnZNandTNnhMWXZDSzlucW5yUWd6am5mQQ?oc=5
Bela Vista,Educação e Negócios,GIRO FUNTRAB DE NOTÍCIAS – 03/06/2025 a 16/06/2025 - funtrab.ms.gov.br,funtrab.ms.gov.br,"Tue, 17 Jun 2025 07:00:00 GMT",GIRO FUNTRAB DE NOTÍCIAS – 03/06/2025 a 16/06/2025  funtrab.ms.gov.br,https://news.google.com/rss/articles/CBMihgFBVV95cUxOdThvX3U3ay1qR2dRN04ydUZIM3JZRWVqWU53Yzc2NFlFSWVfbmFHRnlGRkpHbmRaUnNKUDB6SWlIaGZLZHViV0xvNW1QSlBfRVRORHFzMDRuMGlrbmhmZFpacFpLVWt6QzJTMThTMzlCV2hvYVF5eDE3WHhFeWw3RXBHamc2UQ?oc=5
Bela Vista,Educação e Negócios,MPMS participa de reunião técnica para ampliar oportunidades a jovens em situação de vulnerabilidade em Bela Vista - mpms.mp.br,mpms.mp.br,"Thu, 31 Jul 2025 07:00:00 GMT",MPMS participa de reunião técnica para ampliar oportunidades a jovens em situação de vulnerabilidade em Bela Vista  mpms.mp.br,https://news.google.com/rss/articles/CBMi6gFBVV95cUxOdk9lZko1Rjg4ZDZleHRoM3BjY29tWmJpR1czRlZuR3dtWV9fcVJmdE5hc2VPV01SZEU4c3lPV0MwRlZ4OXRCc1hENTV1djBkOGVNU1FDa0tZa1NPQ3NsLTRkZHN2aEJGalowMG1KamZHT29Ta0hnSkVVcWFnczl4VWFLOGs2TlIwLThWaUdERVc2dk1PVXRlV0RiQzQxeXlkUERPTDVjUDBnQmpiU01EMkRzZ29ReHBiTGtYdkNNWUNZbnB3VmZ4YVB1ZEMwbi1jcjRuSW9SOHU1THY3ZC1tcmFJU183QjU2WVE?oc=5
Bela Vista,Política e Institucional,Expobel reforça tradição agropecuária e movimenta economia da fronteira em Bela Vista - Agência Sebrae de Notícias,Agência Sebrae de Notícias,"Mon, 20 Jul 2026 07:00:00 GMT",Expobel reforça tradição agropecuária e movimenta economia da fronteira em Bela Vista  Agência Sebrae de Notícias,https://news.google.com/rss/articles/CBMi1wFBVV95cUxQcWhBNnFiaWJrdGw1R1ZhS0tjTC1xTjQ0c2JCY2ctQlp5UjNlVDdXMXJJZk15djJmdmt1bTFvM0NMLVlKTDBDOG5RZGg0RXBuSk1TMWlmeGdCdXB1SGxyRi16REx6Z0tBSlVnSTlQcmV5OEtlM1JwcWstUWxGLUxjQ3JleEp2aFhOTHF3V2RXVlVBcnlFZmpheWJWODU4dDVDVEVJVmF3OUhCVWFVN1JkRGJnWjBIZ2w2X19QdnhHb0E2M0dld2xTM0JOcVF2NjQyTWVtdnQ4UQ?oc=5
Bela Vista,Política e Institucional,Morre ex-prefeito de Bela Vista; prefeitura lembra ‘compromisso com o progresso’ - Midiamax,Midiamax,"Sun, 12 Jul 2026 07:00:00 GMT",Morre ex-prefeito de Bela Vista; prefeitura lembra ‘compromisso com o progresso’  Midiamax,https://news.google.com/rss/articles/CBMirAFBVV95cUxOeUM1MEVJNjkxYzJMXzQxazJIZUljMmdhMWFjbEVPYzBJVTJGQzJqMDF4QmxRM2ZsQ056WmhHdXVHQllHMmdzMGZCbm1yWl9WRzBuRk1HX0xuMG1XVzBSWjNoQXZXNk9BdjFpVmlzOXdkY3hKVGVRRHFtemJxSG43U1JSWENQSDlDQS15YVVEWC11c2hmMXNuV09OcW5SVDduNmJybjdmckJEaTFf?oc=5
Bela Vista,Política e Institucional,Samu realiza resgate aéreo de adolescente intoxicada em comunidade a 40 km de Manaus - Informe Manaus,Informe Manaus,"Thu, 06 Aug 2026 07:00:00 GMT",Samu realiza resgate aéreo de adolescente intoxicada em comunidade a 40 km de Manaus  Informe Manaus,https://news.google.com/rss/articles/CBMiuAFBVV95cUxPVXpHOWRDcUVOWGRZTnlSM1A2eHgwZzhhUUNEM05mMDZ5TTM1cWdTU0U4TlJCYVRGTmtXY1BUOF9tRzV2eExQMU5kd1dyRUZucy1DS0VrTUZkaUx0MzdkcHBtclZwT3BqWHBENjZwU2hVNXBGUXlPTFNLcmYwVFhQZjM0WEdTS21aRXZReDBORkljS01zejZScTE0ZDFPZ0lTaW5oRXVzQk5CM2ItVjB0WG1ra0M5UU1z?oc=5
Bela Vista,Política e Institucional,"Após sentença, prefeitura cobra ata para agilizar transferência de idosos em Bela Vista - Midiamax",Midiamax,"Fri, 22 May 2026 07:00:00 GMT","Após sentença, prefeitura cobra ata para agilizar transferência de idosos em Bela Vista  Midiamax",https://news.google.com/rss/articles/CBMixwFBVV95cUxOU2VIRDFIZXV6YUhWM1ZJUG9LRzQ0d2NkRFI5Y09zc01Eb2t3SFpvbE5LLWtOMGtwNS1EUGdVeFJjb3A2bHhZTHE4T1NEQ3FBc1NwQjVEb3o0cWtVazNHTkpNSW4xcVpWRVJFeURlRi1KRDk3cW1VWENWTE0wWjVyVl8zZ21WTkY5U1FKbG5ydElMa2VCWTM1ODF1eWw2WHhMS1psdzIxYm1MVnFhZ1BvZEg3VWt4QzZYbE5td0RVS2dGN29qWVNV?oc=5
Bela Vista,Política e Institucional,MPMS acompanha contratações para atendimento a idosos em Bela Vista - mpms.mp.br,mpms.mp.br,"Fri, 03 Jul 2026 07:00:00 GMT",MPMS acompanha contratações para atendimento a idosos em Bela Vista  mpms.mp.br,https://news.google.com/rss/articles/CBMiqwFBVV95cUxPYzQ2ZnNWdm9uYndHc0lDN0ZyQ2pvRm0ycll6ZExxRFBNZkVTZTRmSFNBNC13anN3U0YtX21WTWxVUzNtaG5BNEtzN1ZOazl1bktXaUYtMmFhM1Z0Y0plTnhseTFiZUsxMVBnM3gzRExhZU11Q3hyS056ZC1QWE9JaUhYdHdmaVhhSVYyYUFzRUVSaWtXbEJOcmZRUHBtNzRIT3RuNWRYTnZMOTg?oc=5
Brasilândia,Social e Cultura,"Cine Sesi Cultural finaliza 3ª etapa com 101,6 mil pessoas em 32 cidades - Agência de Notícias da Indústria",Agência de Notícias da Indústria,"Mon, 12 Nov 2012 08:00:00 GMT","Cine Sesi Cultural finaliza 3ª etapa com 101,6 mil pessoas em 32 cidades  Agência de Notícias da Indústria",https://news.google.com/rss/articles/CBMi2AFBVV95cUxPb2s0TFZTN1VsNUxCcm5kdFdhMzBnMjJIdWFITFkxa0Iza0Q0SGlMem9TeGdkU2FDeHZZUE1WR3VxVGV0T08temhMVmRwempUbW5Cdm9YN3N0aF9zYUJNZkVTTzRmbXlZc1NhZmtGUE9CbG0zblRyejhPbU5Va2ltdUU5TlJ2Zy1Gb3VJdU9oY1hSN0pBdy1ua1ZETFkxb0VfejFNLXctS0VIekNYQWNYYnBiQk5QRDJoV01uM3NRNHUxOTZyTWp0NkUyLUw3T2JhTzNlazRJNDU?oc=5
Brasilândia,Social e Cultura,"Cine Sesi tem 2º maior público do ano em Bonito com 4,9 mil pessoas - Agência de Notícias da Indústria",Agência de Notícias da Indústria,"Tue, 25 Sep 2012 07:00:00 GMT","Cine Sesi tem 2º maior público do ano em Bonito com 4,9 mil pessoas  Agência de Notícias da Indústria",https://news.google.com/rss/articles/CBMi0gFBVV95cUxQNHRsNkdrcS1vTGxMOUFyR0d1UmtSc0ZNZ1FEN1ZhZHNSRzh0XzBsUml5MENpYVZ2RXcweFdEMHh2cFBZbEYxMU5iV1k5Z3B2cmlLU0QzRDZtbGVFWkpQcmwwb2UtaUZXMDRZTm5QUlNBOWJ0azBnV01zbjNvYmRWcHZKbkRYN2doRElyZHNRQUFjMlBiUDJERWRQN1ROOHZUVmExUkJLZm5HWmFDNHNMQ2xVdktYd25hZ0ZKbnBPTEV3REJIWFlSU3ZlVE0tM05pN3c?oc=5
Brasilândia,Educação e Negócios,Casa do Trabalhador de Brasilândia anuncia vaga imediata e abre inscrições para cursos de qualificação - funtrab.ms.gov.br,funtrab.ms.gov.br,"Wed, 28 Jan 2026 08:00:00 GMT",Casa do Trabalhador de Brasilândia anuncia vaga imediata e abre inscrições para cursos de qualificação  funtrab.ms.gov.br,https://news.google.com/rss/articles/CBMizgFBVV95cUxNdk1BVzd5QThrTG1VTnNyU1FKUlMxYU5LdTJ3OFNDUml5UHlMdWowYlJlUXFUUlVDeVFab0tQOWhXb1VtMFYtNzRkU2xXWG0xclFva3p3aFNLSHhFOVBRV0ZtVmJMTHVkQ0l4OXE1R1lMR0w2dmFQajBnd3hvRFhEeVZ1VlQxUHM2QmZuRHIxeFJuQnRzdWtMNG5lcmRpb1Z6VFRMTFhqTlMyMUExWEI2WUZFR0dwSlZFMi1PQWJPclpYTWgtbXY4dTdtMHNkZw?oc=5
Brasilândia,Educação e Negócios,Setor de Tecnologia abre mais de 200 mil vagas para cursos de capacitação - IT Forum - IT Forum,IT Forum,"Fri, 13 Mar 2026 07:00:00 GMT",Setor de Tecnologia abre mais de 200 mil vagas para cursos de capacitação - IT Forum  IT Forum,https://news.google.com/rss/articles/CBMiY0FVX3lxTE5GMmZGc3V2N2dWZ3Z4SlpTdFdic0ltVW5yN08yZjRnekRaSWxxTERZMWlyWFlETWZJTjVKcmdJc2wtQzJ6MzdYOVY5eFlSblc0NV9FOWhFcmo4WVdsdXBQNWNIUdIBaEFVX3lxTE16MXpxSTh3dTVfMWVoSXFaSWdia0hIamtJU0dfbF9waDNyc0lodXpqR2s4RHlpODlWOHI0aXdkSnJ2MnVtaEhhRmJILS1HYlNLdG1idTR3V0QyZ0RlczlnZHZ4c0dKZHhM?oc=5
Brasilândia,Educação e Negócios,SENAR Jovem Rural: Programa busca reter talentos no campo e possibilita empregabilidade - Portal CNA Brasil,Portal CNA Brasil,"Tue, 02 Aug 2022 23:12:42 GMT",SENAR Jovem Rural: Programa busca reter talentos no campo e possibilita empregabilidade  Portal CNA Brasil,https://news.google.com/rss/articles/CBMivAFBVV95cUxOdnJHSjJ3THhCUjE0YmVLQXByVHpDU0diLUJfS2hQN2l0Q003ckRrRkFPYmEzallMTW80cE9oVjJudTRYOTVoZGZaQ1llMk9yQkxxRGdJMURGU3VpSWkxYVBCWFlaVE1FMVhiSWsxUEhEY3RoSUlMSlN5Vm1vZXdWNjBvYjRwWVF6SG91ZU9ISTVkZXhDM1J2cGVtZlVWSjMxV0hhVDR5aGNfMmdhZl9RWmI3bXd3UXVwS1RJcg?oc=5
Brasilândia,Educação e Negócios,Bataguassu abre 60 vagas em cursos técnicos gratuitos com bolsa de R$ 300 para jovens - Cenário MS,Cenário MS,"Tue, 02 Jun 2026 07:00:00 GMT",Bataguassu abre 60 vagas em cursos técnicos gratuitos com bolsa de R$ 300 para jovens  Cenário MS,https://news.google.com/rss/articles/CBMivAFBVV95cUxPYWdhUXdMTHNDVnZycU5LU2lLMjlkbWhUb2hOVnU0TGI0TWhHWjNmaDRGZjhZQkIwZUpzei1NenNnRTY0azJqSHkwZWNtb3haYUlWTjBoRDFtMkdIWnh3MFNmejladmdNanBaQTF5eVJ3bTJfZlpaeXR3M0FoR19ZSzJaLVFqbDNmU0pqNE5HbjVXc3FmWHRSRXJHYWJuTjJ6UkFhaUEyOVJJMTQ1UlhJRU1oZUNCdHhNRnB6Tg?oc=5
Brasilândia,Educação e Negócios,Suzano abre inscrições para curso gratuito de Operador(a) de Colheita em Três Lagoas/MS - ArapuaNews,ArapuaNews,"Fri, 10 Feb 2023 08:00:00 GMT",Suzano abre inscrições para curso gratuito de Operador(a) de Colheita em Três Lagoas/MS  ArapuaNews,https://news.google.com/rss/articles/CBMisgFBVV95cUxNQ0NpNVFoMlJ1ZFRGSzBsdDFPMks2U0lCOWM3NHV6ZzhBQ0FlUTRzNXZVaUEwNkdfa3Vsa1RnSUo1dFRIaGI3ZXZZZ0I5LUh0SzFqV0k1VnRZLVZkRXZ1T2NfMFg0VTB5bHRmUDZLT3BwYjFOeENEejVRNUE5T1o3aTZsZkVZcy1Cd0c4TGtYVm5rZTNTdmlsQ1ZQVC1lQWhtbkxieDhmN0JWa2FBTGVvak1R?oc=5
Brasilândia,Política e Institucional,Processo Seletivo Simplificado: divulgada a homologação com classificação final - Prefeitura Municipal de Brasilândia - MS,Prefeitura Municipal de Brasilândia - MS,"Wed, 29 Apr 2026 19:07:40 GMT",Processo Seletivo Simplificado: divulgada a homologação com classificação final  Prefeitura Municipal de Brasilândia - MS,https://news.google.com/rss/articles/CBMi0wFBVV95cUxOTzlkN2NHcV9oejJ4TzhQWmNhaGw5NGlQLUNMZ2FkMXRqeDctWDJSSjNlRGd5LWhjSnZzdDBZMHdUQ2RvM0x5WXREbEN4VmFTR09iMlVQOEF3bEpzU3JZRlh6NGJwRFhBaUdtQ296LS1PaGJwOVdyelpNQVVGRVpQWmh0MVowWmRDbEJGRE5GUElWTWNOa2ppYkJjbDZnVERRZTFvcGlXR2ttQk1aWjlrVUh4ckMxOXdOME5iUS1wclZEZXpHQ1hUdUtibGRoblVLbFp3?oc=5
Brasilândia,Política e Institucional,Prefeitura de Brasilândia assina ordem de serviço para reforma de velório municipal - Cenário MS,Cenário MS,"Fri, 18 Sep 2026 07:00:00 GMT",Prefeitura de Brasilândia assina ordem de serviço para reforma de velório municipal  Cenário MS,https://news.google.com/rss/articles/CBMiuwFBVV95cUxQNEFNMjZTX0tIaTBPdXo2OFloSkdEVzZCRTYxWEQzaXhRVGVnZlBsZmRJeW51bzY5eHV5ZHpGUDVtZ3BCOHVFSElmN2dKalBxVGtBNkgwWjRmZ3lRTUJVUVlETVJpcmZZTFUtVWhPdE5XSm45OU9BSlAwU3BHMFo5dllsbUpTUUFwU3l3eDI0eHU2T2Y4NnVlZnZhenRqQTAzYXJ5czRtQ09RWGZrVERZcG1HMWEyanV3aFo0?oc=5
Brasilândia,Política e Institucional,Prefeitura de Brasilândia convida população para Audiência Pública de apresentação dos Relatórios da Lei de Responsabilidade Fiscal - REDE BRASIL DE TELEVISÃO,REDE BRASIL DE TELEVISÃO,"Wed, 22 Jul 2026 07:00:00 GMT",Prefeitura de Brasilândia convida população para Audiência Pública de apresentação dos Relatórios da Lei de Responsabilidade Fiscal  REDE BRASIL DE TELEVISÃO,https://news.google.com/rss/articles/CBMi9wFBVV95cUxQN3hNRnVoYXhENEZEaktFSGFmRGQ3QTlfSVRSRnZBU0xwSnlSeFNkM2prMEQwOFN3SVFaNXdhTGY5VFI5VHBYNms5MS1scW9ybzBvSFdFZ2JKVDJHdTlHNERtZjVMU0RPRzdNaHE5cUI4dmNJSXpvd2FSMVptQUs3aWVWRTZnYlktRHU1cEJ4SDRWcF83M1BkQTlUbzFnQW9yb1dDTEJ1aGhZUHYtRGRNSlJzbmpQZG0wX2hJX3QxcnZ0U211LWROdndyWDZjbVYtY0RXQVFDMEpyd053cnJ6aC1QLTVCRW1Odk5UZ1o4OTd0SUVURDJB?oc=5
Brasilândia,Política e Institucional,Ministério Público apura nepotismo na contratação de nove parentes no interior - Investiga MS,Investiga MS,"Tue, 26 May 2026 07:00:00 GMT",Ministério Público apura nepotismo na contratação de nove parentes no interior  Investiga MS,https://news.google.com/rss/articles/CBMiuAFBVV95cUxQaUI1UWIzNmx4b2M5Y2U4emFiNE1MeXRrTVZmWTVpM1lKSDkyd0IxblgxN3pCSE10alROOWVrc2M1ZktzSzVkVEdraTVPeVU5STQzNmZfMFczSkJ5S3dyMWNpNi1SeWF2QWxHTU1xZnktWUxLT3hncVVRUndLN25Lc21wcF9LdzhqLXphSDhSRnlFQ2NqOWF4ejJ3MTQ1TXJwanBoSWFtTzludXliTTZjUUY3MlV1ak02?oc=5
Brasilândia,Política e Institucional,Brasilândia brilha na 18ª Olimpíada Nacional em História do Brasil com três equipes classificadas para a final em Campinas - Notícias em Rede,Notícias em Rede,"Wed, 24 Jun 2026 07:00:00 GMT",Brasilândia brilha na 18ª Olimpíada Nacional em História do Brasil com três equipes classificadas para a final em Campinas  Notícias em Rede,https://news.google.com/rss/articles/CBMi-gFBVV95cUxOWnZRYThidnNlLUhmYkZpQ0paYXdRZkNiVXVBRGluWTQ5RmhzNFlSVWJXcXFDSGs5aVpmZlJ3Yzd4Zy1BVEZuX2lVU2tTaTJ4YnhiS2tjb3lpNUdsbGhoMm1iRlozMkQ3TWIwcTF6WFpkOEg0aWgyZ3VBbktETzQ4d2tqYkFfNms3YnJqWi10b0tiUDYxclpib0dyNktTVDl3N3pWSU9ZaDdJNURldHpWT2FaS1dDZkNUbEFRTnlVSVBCVUpaT1hIS2wxeDBNNWtMVGhhb0tlcmV2a1JSMk1hUEdsYjJUTDdRbmZFVmRJM2JiNzZFdEVIZFBB?oc=5
Caarapó,Social e Cultura,"Cine Sesi Cultural finaliza 3ª etapa com 101,6 mil pessoas em 32 cidades - Agência de Notícias da Indústria",Agência de Notícias da Indústria,"Mon, 12 Nov 2012 08:00:00 GMT","Cine Sesi Cultural finaliza 3ª etapa com 101,6 mil pessoas em 32 cidades  Agência de Notícias da Indústria",https://news.google.com/rss/articles/CBMi2AFBVV95cUxPb2s0TFZTN1VsNUxCcm5kdFdhMzBnMjJIdWFITFkxa0Iza0Q0SGlMem9TeGdkU2FDeHZZUE1WR3VxVGV0T08temhMVmRwempUbW5Cdm9YN3N0aF9zYUJNZkVTTzRmbXlZc1NhZmtGUE9CbG0zblRyejhPbU5Va2ltdUU5TlJ2Zy1Gb3VJdU9oY1hSN0pBdy1ua1ZETFkxb0VfejFNLXctS0VIekNYQWNYYnBiQk5QRDJoV01uM3NRNHUxOTZyTWp0NkUyLUw3T2JhTzNlazRJNDU?oc=5
Caarapó,Social e Cultura,"Cine Sesi tem 2º maior público do ano em Bonito com 4,9 mil pessoas - Agência de Notícias da Indústria",Agência de Notícias da Indústria,"Tue, 25 Sep 2012 07:00:00 GMT","Cine Sesi tem 2º maior público do ano em Bonito com 4,9 mil pessoas  Agência de Notícias da Indústria",https://news.google.com/rss/articles/CBMi0gFBVV95cUxQNHRsNkdrcS1vTGxMOUFyR0d1UmtSc0ZNZ1FEN1ZhZHNSRzh0XzBsUml5MENpYVZ2RXcweFdEMHh2cFBZbEYxMU5iV1k5Z3B2cmlLU0QzRDZtbGVFWkpQcmwwb2UtaUZXMDRZTm5QUlNBOWJ0azBnV01zbjNvYmRWcHZKbkRYN2doRElyZHNRQUFjMlBiUDJERWRQN1ROOHZUVmExUkJLZm5HWmFDNHNMQ2xVdktYd25hZ0ZKbnBPTEV3REJIWFlSU3ZlVE0tM05pN3c?oc=5
Caarapó,Educação e Negócios,GIRO FUNTRAB DE NOTÍCIAS – 03/06/2025 a 16/06/2025 - funtrab.ms.gov.br,funtrab.ms.gov.br,"Tue, 17 Jun 2025 07:00:00 GMT",GIRO FUNTRAB DE NOTÍCIAS – 03/06/2025 a 16/06/2025  funtrab.ms.gov.br,https://news.google.com/rss/articles/CBMihgFBVV95cUxOdThvX3U3ay1qR2dRN04ydUZIM3JZRWVqWU53Yzc2NFlFSWVfbmFHRnlGRkpHbmRaUnNKUDB6SWlIaGZLZHViV0xvNW1QSlBfRVRORHFzMDRuMGlrbmhmZFpacFpLVWt6QzJTMThTMzlCV2hvYVF5eDE3WHhFeWw3RXBHamc2UQ?oc=5
Caarapó,Educação e Negócios,Funtrab e Biosul anunciam 2ª Rodada de Empregabilidade do Setor de Bioenergia com mais de 630 vagas em 15 municípios de MS - semadesc.ms.gov.br,semadesc.ms.gov.br,"Tue, 14 Oct 2025 07:00:00 GMT",Funtrab e Biosul anunciam 2ª Rodada de Empregabilidade do Setor de Bioenergia com mais de 630 vagas em 15 municípios de MS  semadesc.ms.gov.br,https://news.google.com/rss/articles/CBMi6gFBVV95cUxOZTcxZHpLaVpBb09zcUpDelJXR21TLWxMbnVDZFM3aTFRRHlwMXBiQVFITGlTZGVCb0dVRVFaeExrR2ZPYzRidm1BTktUdWZQeVdCLUs5LUJMTk5aeXBnUFU4eTN5VlA4TVR5bTBFeTNYRVlQNTVxd1ZrektaanZVYlhkMGdsZktiRHdETGpQNmZzU2ctZ2syUlA4TFU2NVRudkNaeWlxeHFUaTUwN2lGeEJ2V0JNWTE2U2VJaEJFRk43MklSOXY4TzdHV1d6ajRHenRRNGo0Q1F5emN5M0FSNjJqc0dTUThreFE?oc=5
Caarapó,Educação e Negócios,Raízen abre mais de 400 vagas para programa de aprendiz - revistacultivar.com.br,revistacultivar.com.br,"Tue, 21 Oct 2025 07:00:00 GMT",Raízen abre mais de 400 vagas para programa de aprendiz  revistacultivar.com.br,https://news.google.com/rss/articles/CBMimwFBVV95cUxQdE0tMDZKM2Y1bXdaaG5LVFhrbWx5QXV4ajN3YkJhbDdUa2drWXctR3FhQmxXY2wwMnNDWGdqZGsyZXRwVWdDYUk5cjB4ZFljelVxRzFZWlV6NDNaLV9nZVpxMkpjNEt3eXdpMjFpV3NxTUF5SEVMVlNyZ3pCWWxYU2E3Y1g4Tk1mX21za3VvclVaV3FsdjExbFVhUQ?oc=5
Caarapó,Educação e Negócios,Raízen abre mais de 250 vagas para programa de aprendiz - JornalCana,JornalCana,"Tue, 09 Jun 2026 07:00:00 GMT",Raízen abre mais de 250 vagas para programa de aprendiz  JornalCana,https://news.google.com/rss/articles/CBMiswFBVV95cUxON08ybEZmYV9Ha1QtczEzWGE1cVdBbjYzYzdWS3BpU0tESDF4UEVYY0tlc25MekpWajdTT1hFU1NFUThxVUtNSmZNa0VqbWxxakYzWnJ2dnJDSUVYS05STDlaRURsYzJiWUNMeUdkeTFUbm5oS1J2SFQ3ZUtOeHVNdVdsY0JvdzRIYlZkTFF0QUdDcWdKbl92dXlQcGhGSUZUVE1MZC1QaWJUa2hJajBCWWQ3RQ?oc=5
Caarapó,Educação e Negócios,Rodada de Empregabilidade mostra a diversidade de profissões que movem o setor de Bioenergia em MS - Cana Online,Cana Online,"Fri, 17 Oct 2025 07:00:00 GMT",Rodada de Empregabilidade mostra a diversidade de profissões que movem o setor de Bioenergia em MS  Cana Online,https://news.google.com/rss/articles/CBMi2AFBVV95cUxOcVYxY0pSY0NWcVk5dmF1SEtneU1tb0lYdkY0RTZudkk2OEhDcHdlMXJhM0ZGbm0zeUkwbnZiWlFPeFpkN2tFSmxNWW14OV9fMHZTYlltdTRMSkpDSVFOUzN1d2doZ2VYNDJETUtGYzFPS2d6V2NvWU8zQXpTZF9yUUc3bHQ2NVNYbWJzMjRZbWRFOXlwcjN0RGtyMlB3b0RtWnNoeVA2eDNPXzFYSDhxOVNUZVhRX2V1Wm1kMXR1cllTUDZJd0FYbWdsT1pFdnhSQVg3U1VLQnE?oc=5
Caarapó,Política e Institucional,MPMS e parceiros inauguram padaria em presídio de Caarapó com recursos de penas pecuniárias e ANPPs - mpms.mp.br,mpms.mp.br,"Fri, 13 Mar 2026 07:00:00 GMT",MPMS e parceiros inauguram padaria em presídio de Caarapó com recursos de penas pecuniárias e ANPPs  mpms.mp.br,https://news.google.com/rss/articles/CBMi1gFBVV95cUxPaHlTZkk5amFvTm9GeU93ZUVNYVprZ2Q0dENTelJlNi1jdEh3S3B6d3FjZjlYbGR1LVVwVXB3Ym1Sa3UzbW80YklIc2FGMzkzX05ZMmRvSjlVNmpjS0I0S1RWbUU1bk5wQlBfemU0aDQ2eUdncUcyWDJQUUxxdFBVOG9GRFRwTUlxbGlUd0cwaUZLdXFYdUg2MkdORktRdjdRWkJzNWdWMUt6QUhJNVoxNk41YklraVRwRnY4aTAtbHctWGx4UENoTEotT3FuNVIzakdjblln?oc=5
Caarapó,Política e Institucional,"Caarapó pagará R$ 1,16 milhão por licença de software para processar dados da administração - Midiamax",Midiamax,"Sat, 15 Aug 2026 07:00:00 GMT","Caarapó pagará R$ 1,16 milhão por licença de software para processar dados da administração  Midiamax",https://news.google.com/rss/articles/CBMixgFBVV95cUxNWkNmNW1EMDhOMEZIeVdZNmROWkw3dmwyUUpDZWdvUi1tV1MtU3RkYmlfRVpKYUVoX2pOeWM0WldLVmdqaW0wOVZ3WnFUMDhjdDZGZzJucy13Q0JVUFB4aE9WT2dpVDFqbTItUGIwVGV5OWRSRndQVzl0NEIzUlhPOXpFVWFqbGNaSHZCT24tMjExUldUSWVtSldETWpUdFVzV1VUSVN4NFBFQzNfU29Xckl4SFJJaDVBNl9NUWdfOFZSTkN2S0E?oc=5
Caarapó,Política e Institucional,"Prefeitura de Caarapó destina R$ 5,7 milhões para compra de medicamentos e materiais hospitalares - RCN67",RCN67,"Tue, 03 Mar 2026 08:00:00 GMT","Prefeitura de Caarapó destina R$ 5,7 milhões para compra de medicamentos e materiais hospitalares  RCN67",https://news.google.com/rss/articles/CBMiiAFBVV95cUxNX1lVcGZHMC15N3ktV3RfYktSUG1Sa2FxQy1fWlBSb0ZMem1uVDF0VU1zUEREWDItS2FXeTNDVDZNeUxUbVZuVTNBQjFwZlNmNGloQ0xmSnplYmRJR21HLUU5TlZhYmJmTEU3a0UxMmJ6Rml1Q1BWQ1dVNDcybVVCTGNDUkcxUGxW?oc=5
Caarapó,Política e Institucional,Caarapó amplia acesso gratuito ao DIU e Implanon nas unidades de saúde - Rede Jota FM,Rede Jota FM,"Fri, 24 Jul 2026 07:00:00 GMT",Caarapó amplia acesso gratuito ao DIU e Implanon nas unidades de saúde  Rede Jota FM,https://news.google.com/rss/articles/CBMitwFBVV95cUxPV1JKMkFlRHJmdFBNTEVlV1BtNHJsdTVvYzlfTi1rRXRjVlMzZzRsbzBmQkh6TERmODVwTExqVlZEdC1NNXd1dXl4WmNscldYazlOYWNhSkdZOWFwYTYzeDdHYUNHb1dFN0lRYUpWcFlpNFRQREZoVlNfNXIwU1JaWWVsOWl6S1NuWi1TUk9tazlUU3hRUTlCUGZ4MHM4QVZ1MmItZUVmSHlUN1RBWVhScERlLURSelk?oc=5
Caarapó,Política e Institucional,Secretário leva empresa investigada para duas prefeituras e coloca cidade na mira do Gaeco - bra1.com.br,bra1.com.br,"Sat, 18 Jul 2026 07:00:00 GMT",Secretário leva empresa investigada para duas prefeituras e coloca cidade na mira do Gaeco  bra1.com.br,https://news.google.com/rss/articles/CBMizgFBVV95cUxNRFVFM1hERW96YXphZW1xelY4VmxFeFdnSXkzSE9wcU9tZ2JDSDZmTmgxUG1hc0dNUDluUzBTRV9yckJaVXZhdGVaWnljS2JGZENyN252M3AxRFRZdVVVdldjcklRY2dZdW5rNmlrSmw4RXNRMlBnOVpMZzZRT3ZnYWRiYnJvOEdLaEh4bEdrYnU4TnYtUDMyUzd5ZnlIcDVCMTJJVzljN09Zb3BHbG5QYW1WVkZ1Y1pHRGRLM3ZHVmJ3VUFVQ04zTUx2ZF9SQQ?oc=5
Cassilândia,Social e Cultura,"Cine Sesi Cultural finaliza 3ª etapa com 101,6 mil pessoas em 32 cidades - Agência de Notícias da Indústria",Agência de Notícias da Indústria,"Mon, 12 Nov 2012 08:00:00 GMT","Cine Sesi Cultural finaliza 3ª etapa com 101,6 mil pessoas em 32 cidades  Agência de Notícias da Indústria",https://news.google.com/rss/articles/CBMi2AFBVV95cUxPb2s0TFZTN1VsNUxCcm5kdFdhMzBnMjJIdWFITFkxa0Iza0Q0SGlMem9TeGdkU2FDeHZZUE1WR3VxVGV0T08temhMVmRwempUbW5Cdm9YN3N0aF9zYUJNZkVTTzRmbXlZc1NhZmtGUE9CbG0zblRyejhPbU5Va2ltdUU5TlJ2Zy1Gb3VJdU9oY1hSN0pBdy1ua1ZETFkxb0VfejFNLXctS0VIekNYQWNYYnBiQk5QRDJoV01uM3NRNHUxOTZyTWp0NkUyLUw3T2JhTzNlazRJNDU?oc=5
Cassilândia,Social e Cultura,"Cine Sesi tem 2º maior público do ano em Bonito com 4,9 mil pessoas - Agência de Notícias da Indústria",Agência de Notícias da Indústria,"Tue, 25 Sep 2012 07:00:00 GMT","Cine Sesi tem 2º maior público do ano em Bonito com 4,9 mil pessoas  Agência de Notícias da Indústria",https://news.google.com/rss/articles/CBMi0gFBVV95cUxQNHRsNkdrcS1vTGxMOUFyR0d1UmtSc0ZNZ1FEN1ZhZHNSRzh0XzBsUml5MENpYVZ2RXcweFdEMHh2cFBZbEYxMU5iV1k5Z3B2cmlLU0QzRDZtbGVFWkpQcmwwb2UtaUZXMDRZTm5QUlNBOWJ0azBnV01zbjNvYmRWcHZKbkRYN2doRElyZHNRQUFjMlBiUDJERWRQN1ROOHZUVmExUkJLZm5HWmFDNHNMQ2xVdktYd25hZ0ZKbnBPTEV3REJIWFlSU3ZlVE0tM05pN3c?oc=5
Cassilândia,Educação e Negócios,GIRO FUNTRAB DE NOTÍCIAS – 03/06/2025 a 16/06/2025 - funtrab.ms.gov.br,funtrab.ms.gov.br,"Tue, 17 Jun 2025 07:00:00 GMT",GIRO FUNTRAB DE NOTÍCIAS – 03/06/2025 a 16/06/2025  funtrab.ms.gov.br,https://news.google.com/rss/articles/CBMihgFBVV95cUxOdThvX3U3ay1qR2dRN04ydUZIM3JZRWVqWU53Yzc2NFlFSWVfbmFHRnlGRkpHbmRaUnNKUDB6SWlIaGZLZHViV0xvNW1QSlBfRVRORHFzMDRuMGlrbmhmZFpacFpLVWt6QzJTMThTMzlCV2hvYVF5eDE3WHhFeWw3RXBHamc2UQ?oc=5
Cassilândia,Educação e Negócios,IFMS abre seleção para cursos de qualificação profissional a distância - diariodigital.com.br,diariodigital.com.br,"Fri, 06 Feb 2026 08:00:00 GMT",IFMS abre seleção para cursos de qualificação profissional a distância  diariodigital.com.br,https://news.google.com/rss/articles/CBMitwFBVV95cUxQSDk0ZXdTdTFtMFZsR3ctZHo5U1o3eU14VkR5b3pHMmJjajRYczBpYzQ0Y2diVm43Z2tmYWhiaTdnLXhiQVpKUnJ3RWN1OG5MQ0VpQldRUHZzOFVSR2MxZFg1YUxSN2FlbGhWNGpYaC1zeG54cWxfeTFRUG9SSVByVktSX2VHem9vSGhCMXpXb0ExWnB1dWl6bkZwS2FrcFFtUE9FdngzY3lHUldhbE9Fdy1GY2hHd3c?oc=5
Cassilândia,Educação e Negócios,IFMS: Inscrições abertas para cursos gratuitos a distância em 2026 - Campo Grande News,Campo Grande News,"Sun, 08 Feb 2026 08:00:00 GMT",IFMS: Inscrições abertas para cursos gratuitos a distância em 2026  Campo Grande News,https://news.google.com/rss/articles/CBMixgFBVV95cUxPR1BqRVBteDVQbzVKTmZia0VmUTliM3NZcVA5UlZRcUFGYjJJZ3BzRG55RU9pbHZ4elpjeXpIMEFETU51Y0tkeTlxVmlIRWZOTHQwMTM4ZWw1VmZoTkNnXzBuWmRjX3VQRVFWTGNzUUVBMUFtSGVsQ2xIRTI0VUdzZW9rWHh2LXo5NlV5d3pKQno1TV9ZUW53M0dycFYwNUdvSFJCakRaNWFVbHYyTGtUUUtzenMwaXRmUy1ocTZMajRnVmt5Y0HSAcYBQVVfeXFMTmc2b242cmlLUXFKOE1SX1lSYkFQZkgyNTQwZXBXNE0tM3ZYUHNIUXhqcFdhbTNHWDJ4aEk1cHlsb2NXamlKVkx3WHBEVXcyZU1FbFBBcmkwMFJKU0Q0SWE3bUp4bUlZTXB3YUlHMmU3NlJGdDVpTXNycVRTYm9MSXJrVllLYXptcDVpdzg5OG9LXzZuZVplckRyLXZ3ckM5N1YwbUdKbEloSkxjdW9GWjRybnZQandoRENfbXVhMWdFQ0ZXdklR?oc=5
Cassilândia,Educação e Negócios,Cassilândia MS: SAIU! Inicial de até R$ 14 mil! Veja - blog.grancursosonline.com.br,blog.grancursosonline.com.br,"Thu, 30 Mar 2023 07:00:00 GMT",Cassilândia MS: SAIU! Inicial de até R$ 14 mil! Veja  blog.grancursosonline.com.br,https://news.google.com/rss/articles/CBMibkFVX3lxTE9ZdVVTRUpDNFkwalFuMTJ4dXc4UVp0eUpua0Q4OVNQZ0E2NXllMGNuSEtYOW9NSV9zSlBCUFpEdVZaOWFwb25UNzNGem5aakpSX0hlU2VjQ3FtRm9CNGNoVWpYWjR4SG43MmZlZ0dn?oc=5
Cassilândia,Educação e Negócios,Sine divulga mais de 400 oportunidades de trabalho nesta quinta-feira (21) no Piauí; confira - A10+,A10+,"Thu, 21 May 2026 07:00:00 GMT",Sine divulga mais de 400 oportunidades de trabalho nesta quinta-feira (21) no Piauí; confira  A10+,https://news.google.com/rss/articles/CBMi0AFBVV95cUxOUXcyZE9qaXdaSEZYMkFqNW9iVDhfYzhVRnhZZl9mamNISnFacjh1Y1pMMjRiam54YVI5cEtabl9JRE1pY1BWSW5sWUJtXy1GR2llQWNST3owRU1uMXMtTklUbzgyUUNYQWp4b1VWZzNCczVRaGQxdld3QkF6Z0cyMmo5YTBPYU5VYWJEYlJ6MG9HT0FtNlJiMEVzOExSNEhNaXkwdEJoOGxmYXJJSk5McTA3dGY3ZEhUSWg4TlBrQVY3ZXNCZXZ0M2NvRWVXZlVv0gHWAUFVX3lxTE9BR2RlWW42V1NuMnh2aVVPd2prenp4Z2tLZ2VEZUJaN05SU2xNRGM5ZjR5dmQ0SHR2OC1Jck5UNmQ5OU5laG9zR2lud2NpNjl2elJmV3V3djdfczV5S1NfeVJtcTNLUFZ1RUpORU9Bc1owdV9NVEZJNFlSeGJ5NUFpeWF3X09Vd1VZd05xbFY1QzJaQ1drOWp1ZzlDLU5RSlU3YzRrU2lmbDlsQk1walVNNFU1Q1NqNFh3emNEbnlxekVNQ3A5QzB6U3lmRDhyX2VveTZoSnc?oc=5
Cassilândia,Política e Institucional,Vigilância em Saúde recebe visita técnica para fortalecer ações de prevenção e cuidado com hanseníase e tuberculose em Cassilândia - O CORREIO NEWS,O CORREIO NEWS,"Fri, 25 Sep 2026 18:42:45 GMT",Vigilância em Saúde recebe visita técnica para fortalecer ações de prevenção e cuidado com hanseníase e tuberculose em Cassilândia  O CORREIO NEWS,https://news.google.com/rss/articles/CBMihAJBVV95cUxOVm5BWVRPMjJRUzFkekVUT0paY0FOYWZMaVpzU0Y2WEJRUWZVYVlwblhHQXg5UTNQU0VXY1NQTlNqaWQzUkEybEtIdFdtQ1c5eEItYmRGdk85aWFRbDR2YWFQRFJCUGltdWtxWjFBb1FqeHludVRMNjB3dzIxcG4yWjIySmFERVNCSXpnM085ME9aVHhPdUQzUFpPQkRZakNVY2NIdC1mMkZ4SkVBMXB2OFc0RjU1ZlFTaEpLOUNoWTRDQm14Qm5vdzY3YURYcFNFMnhYMGk1OTZZRzc0Rk1nNzlKUjBwQjU2d0VmR2ZRb291dHEzZzlsVElfVmRZbmNSMTBUbA?oc=5
Cassilândia,Política e Institucional,Concurso Cassilândia MS: processo seletivo de 2026 - Estratégia Concursos,Estratégia Concursos,"Sat, 11 Jul 2026 07:00:00 GMT",Concurso Cassilândia MS: processo seletivo de 2026  Estratégia Concursos,https://news.google.com/rss/articles/CBMiggFBVV95cUxQWWZOUmZmMTdlck1fb1hrLVRoNzZkdXJtZ0ZWOGVMRUFyVWgzYi1xNjNVcHFqOFZTbTBzQ2NyR3dTTnVHZE13azk4ZGdPdmxGQ3BmSWlpbEhEOGZiTW9qbl9ibFEwb2t6NjV0dkgwNkRZSDMwLXlLVWxyNF9tb0hpMk5B0gGHAUFVX3lxTE5LRHN5SjU0OWUwcFRvcDM3MEZiajBXMFdnMTA4YkRxdmxfaU93VDlwbHZaaGZJdmdEYzRiT1BxMjRyemRhekF2U0ZEVVdiay16TUZXTlpoc19tM0piS2p1WENISTduSnRHejdSUkJLWV9mMmU5T0VnLTVobi12bDRnanpRb1JVOA?oc=5
Cassilândia,Política e Institucional,Prefeitura de Cassilândia realiza audiência pública para avaliação do Plano Municipal de Educação - MS Todo dia,MS Todo dia,"Wed, 20 May 2026 14:16:13 GMT",Prefeitura de Cassilândia realiza audiência pública para avaliação do Plano Municipal de Educação  MS Todo dia,https://news.google.com/rss/articles/CBMi0wFBVV95cUxNcWdhTW5lYnh2bjZlb0hUa09EMWYxQzRVYmVuV19YdlFrNEtRZVowbUhwQlJfd0hrMFlTZ2VRangxMTNaMV9hYjFvaHBsazNMYTR2amN2c1pGNHIteE9EQlVYLW9MUDZYQXF2M0NrckZTNmU2NDNBc1IwYTRrcy1iVGRhSmhzTXNmQkNpOWtxQXRINUxrbnVZTkZyZUo0NjZpZk9uZXlIVHVOQWZFOTByek9fWlV6aS1LdDdmQ3hlNkpTWVhRVEZSTkpWSTMtdHAxU2xV?oc=5
Cassilândia,Política e Institucional,Dr. Guilermo Timm Rocha detalha prioridades da 2ª Promotoria de Cassilândia - Cassilândia Notícias,Cassilândia Notícias,"Sat, 18 Jul 2026 07:00:00 GMT",Dr. Guilermo Timm Rocha detalha prioridades da 2ª Promotoria de Cassilândia  Cassilândia Notícias,https://news.google.com/rss/articles/CBMiwwFBVV95cUxQb25UTTJXMHplME4zUEphdXNEZ1cwZXFzaXAzN0wxQjQyOEtVeHpNTlpENnNscVlrcDBYakRPZko3WkdndHVaeDhYMEFKSHdBdVlJcHFwLXdIRzU5ZWJkTGRuWUotOWFCZldSMm4yVkwzRUJicXFKQUp1SzJkajlJYnVabDdQS3RoY2tjOFBaWjFXeUUtRV9JNU53d3RTbnJ0M242TWhUNVktZnZrNmhfbS1qWUxPYThPdEZVZERNUVMyZnPSAcMBQVVfeXFMT0hwOWJsUU5jX3VJZXJmTFZFNXJ6b3dCcl91MTk5eENjb2RXNlFxSHJBaE9zc1l6aTNXeW5EUmxOT0l6ZllhbHdCUm1QYUpLWkU0aVdCRWpkaFI4UEFWdmVCdG5xNzBHanYtaWpYTDlMY3dqT1c5R3QwSUZEbkYzaUlWNEt5a1kwS21KNWpoTFhhVjFWQkZZZFNvSVBvMmdLaUQyYjI1eWZIbDNvelAwcHRQajh1SHZOMHJCSVZMXzFyYzhn?oc=5
Cassilândia,Política e Institucional,Cassilândia adere a programa que poderá garantir até 20% de desconto na conta de energia elétrica - O CORREIO NEWS,O CORREIO NEWS,"Fri, 19 Jun 2026 07:00:00 GMT",Cassilândia adere a programa que poderá garantir até 20% de desconto na conta de energia elétrica  O CORREIO NEWS,https://news.google.com/rss/articles/CBMi1wFBVV95cUxNa3o1Wkc1YWRJTmQ5bGxOZW1vV2FXTE9yb2ljWnBuWVlCaDdhQ1h2VE13U1lvQXVOVDdWbGNIUEVlLWVaZjhBQ3AzQ3A5eC13WTJINjFadERQNzVUdHJobU9UNWlpLUdHT19EQTduUHRZUVNVR0hFbEZUR2lFWVZsenIxWVowRGFaSmZJRVVMWWxxd2xGVjVFdGlHWTJwUHFSbXI0TGg0YWJnZTNBZDNoWDI5MWpIUkpHbFM4dTRjbjBrUWxHSkdJeTR6djc3UmtwVzdUU3NERQ?oc=5
Chapadão do Sul,Social e Cultura,A Vida é tema da Campanha Eu Respeito de setembro - ufms.br,ufms.br,"Tue, 01 Sep 2026 07:00:00 GMT",A Vida é tema da Campanha Eu Respeito de setembro  ufms.br,https://news.google.com/rss/articles/CBMiekFVX3lxTFBwc0JaOS1hUDBOZUdPTUc4M3R0eDF0cm5oV3FuQVZMUV9HRFBwN0h5d3RLeWFtTHU5MXNkQ2U1U3c2OGQ1YjZ4SllScFI2UUZhNWxlNnNlZ25yd2V1bl94cVhqMnFxd21SQnBlQUhFYkxnc24wV3VUajN3?oc=5
Chapadão do Sul,Social e Cultura,Festival de Dança Coreografada da Melhor Idade define campeões - fundesporte.ms.gov.br,fundesporte.ms.gov.br,"Fri, 05 Dec 2025 08:00:00 GMT",Festival de Dança Coreografada da Melhor Idade define campeões  fundesporte.ms.gov.br,https://news.google.com/rss/articles/CBMingFBVV95cUxOejF5QU42UU41bFdMVmxDbDBBbDNSMFVkSTZYRHcxb3ZDVGF1OUw2NmN6ZEFQN1g0MkFyN251VjV1Mi1ldW81SHN5VnFYZnhEVDhNT2tzdnZpT3F5VGFMVnhSSEl2bVNfc1FCRkE3SUtlbVFwbW82WUp5MFM4d3JlSTJ6dUlxaGNLMWR2Ry1fMW5DMHVMa3dRMHhXeGVHUQ?oc=5
Chapadão do Sul,Social e Cultura,As 10 cidades com melhor qualidade de vida de MS; Campo Grande lidera ranking estadual - G1,G1,"Wed, 20 May 2026 07:00:00 GMT",As 10 cidades com melhor qualidade de vida de MS; Campo Grande lidera ranking estadual  G1,https://news.google.com/rss/articles/CBMi6AFBVV95cUxOSW1wbFBROWZWZG9EZzFLb1J2VG1tZmZpcUx2RVZ5ZjJQYkJrd0ZQSnhpYWRkVjhfMlNxNmx3N3lXQnN2TlFtc0ExSWd0WEc5ZDBPLUNJS1daV1MxUmE3Tng5LWNnSTB3YlVyVmtaYTRHYXNGVGRDRmRwM3dlSi1KYTh3X0VqMENoQkhYdzViNXh1d3JJZWl4bGdPRkZXUW5oYnBLVDl3R3pOeHBWSTNiSEFWTS0tcHpqTWZYWTFtbUFFek0yU2dnZF9aM1l5TmlYcVFuZ0hqSENYZzE4VVQxeWNNZUhydmlp0gH3AUFVX3lxTE1zUU1lVUFwaFF3dU1aSFlvNFFScFZXaC1TTjFfaUJ2bkVCb2FjZVlCYlVkTVhGbnZUcTBzeUZUT3VRV1NTNkFwNEZGWFQ5WERoOVQ4SjBFdXpIa0I0YURuSnlMSmRFUFFJY05oT09DTzM2b0JROHZyTzZBeU1PTmpOT296d25Zb0wxM05ETmxWalAwRWhJTVNFNmEySV9xMTV5Qk1VaWJFNjktTkJNZlhCbGJHUkt2MUg0amgwaEViVHhKOVBmV3B2MVM4U1JYcWhTekJ2STNESENteWFPMTFSVmhPZ2M1UFVENUVydkhTRDZ3TmhNNWc?oc=5
Chapadão do Sul,Social e Cultura,2ª Corrida e Caminhada da Sustentabilidade reúne mais de 850 participantes - Jovem Sul News,Jovem Sul News,"Sun, 14 Jun 2026 07:00:00 GMT",2ª Corrida e Caminhada da Sustentabilidade reúne mais de 850 participantes  Jovem Sul News,https://news.google.com/rss/articles/CBMisgFBVV95cUxOQkdqQkhycFhmRkprVmlWZWJsWmhNd2I3MHhrSTdsbkswYmpGb3lPd3RNUDdGaWdzMEl3VVlTTG1FZWpFNHhReEsxdGlWcy1FWVhxQmwyaWJoSmpaVVFJS3lSVEgtdkpHOWFBWkloN2ZoSzQ0S0I2cG11VWVQdGVraV96NFhnWjZfVlZkRUxVN3JfWVFXRk1OUWpWWjJaTzFiRnAxRVZvc0xFd2pLNUNWUnJn?oc=5
Chapadão do Sul,Social e Cultura,Paralimpíadas Escolares de MS começam neste fim de semana com atletas de 20 municípios - rioverdenews.com.br,rioverdenews.com.br,"Thu, 02 Jul 2026 07:00:00 GMT",Paralimpíadas Escolares de MS começam neste fim de semana com atletas de 20 municípios  rioverdenews.com.br,https://news.google.com/rss/articles/CBMiyAFBVV95cUxPN1BXZ2ZSVTJjeGM4bXhiS3NHODlXT09ZOUxyOWk0RFhSVFFpdGVqZFFxQ0psVlVycGY5blhRaTBCbTRmZWN2bE9DdVdGS1QyMkpvSmdzYVd0MXViN0tIT3A2WWlQdUZUTkFKVDVJZl8zbW9wMlhSYkpnMTlwZHZRdC1QbHVwd2R2eUNLOUlGeklGWi1UVFVjTFRhWEZZamVVNU9VSS1yWW5jdndwMGdxMHVmR2tWdTctSUZBeVNKczVoNUZwWUZEZA?oc=5
Chapadão do Sul,Educação e Negócios,Arauco capacita operadores e mecânicos florestais - Hojemais.com.br,Hojemais.com.br,"Mon, 10 Aug 2026 07:00:00 GMT",Arauco capacita operadores e mecânicos florestais  Hojemais.com.br,https://news.google.com/rss/articles/CBMipgFBVV95cUxQX2tNN25WdDBEMGpicE5DTmJNNVVCUzNBblBwc1ZCclFSenRwQTlkN2ZxMlFvdzFvR3QtaFhfT2huaHBQNWsySE1lYmVXellIQWhvak9INmRaSXRpLWV5N19QSVYwRUlCSGNJbTdQaGs5QkpJSU5FeWRwcnhYbUhsNXFXZXZDaWRES3NYLTFnNjZfNmJlOUR3Q21CVFdMdHRXUkNxX2JR?oc=5
Chapadão do Sul,Educação e Negócios,Funtrab e Biosul anunciam 2ª Rodada de Empregabilidade do Setor de Bioenergia com mais de 630 vagas em 15 municípios de MS - funtrab.ms.gov.br,funtrab.ms.gov.br,"Mon, 13 Oct 2025 07:00:00 GMT",Funtrab e Biosul anunciam 2ª Rodada de Empregabilidade do Setor de Bioenergia com mais de 630 vagas em 15 municípios de MS  funtrab.ms.gov.br,https://news.google.com/rss/articles/CBMi6AFBVV95cUxQY2luaWFYendqZk94aV9XR2trY08tdEJ6TlVmUmZwaHEtNHpydzFIczlDcVZFdmtQdVllMThTcnh5U2FLZGpfbVh2dlI5ODZVQWx4bmdPTk9McXBfaDZvTmE5dHNtM0xlVndwM3JaQTVkWkswMjduYm5CVmlDel9jTE9DazQtWERyNE9iM3ktWVNfS3A1UGFqbVlyT3AxN3l4dVF1OWk3TjhISkxhX3kyWVBWaXJiTHhzd1JDS3dIMUNaZVVkUzBNTkF2MUJ5OE1pcG9VRm9HeURTc1NjSDdfalhZZjNHMXhC?oc=5
Chapadão do Sul,Educação e Negócios,"Seu futuro é agora! Senai tem mais de 2,4 mil vagas em cursos em MS - Diário Corumbaense",Diário Corumbaense,"Tue, 30 Jun 2026 07:00:00 GMT","Seu futuro é agora! Senai tem mais de 2,4 mil vagas em cursos em MS  Diário Corumbaense",https://news.google.com/rss/articles/CBMiW0FVX3lxTE1EMFJNd1hoUDZOZ1pEUzhYMTV0U2JRMmdEUWRWV2t4OHowVXhfcndhT3ViN2xYV3FrSDRnQWx4SXZ4N1NkSVFuZ2tpWkM4eEZiYXFUY3FSM1dpb3M?oc=5
Chapadão do Sul,Educação e Negócios,Corpo de Bombeiros divulga novo resultado da seleção para bombeiros temporários - Midiamax,Midiamax,"Fri, 17 Oct 2025 07:00:00 GMT",Corpo de Bombeiros divulga novo resultado da seleção para bombeiros temporários  Midiamax,https://news.google.com/rss/articles/CBMiwwFBVV95cUxOZHdRQVgzaklJd20tdFM1cUFkNFc5ZVR0TnZ3NTBqUGlwNXhJT1F0c0ZRQnBUMFFvaTVSNXRZODBwaDl4ZmxLVm1nbUhoNUwyeUZBYVExVkliUE54NU93S25Bc3gzeWNxcDhUMFBqcUdlUjNZMTRVMVBtMWdraFNNTkZCNGZQYTJLY3g1bzJDZWRHaVA2dXNwQlIydGhRdmFlY1pxYkYxQy15UmhGSHBqLThraW5zc2hvNC02cmZfdXgyN00?oc=5
Chapadão do Sul,Educação e Negócios,IFMS: Inscrições abertas para cursos gratuitos a distância em 2026 - Campo Grande News,Campo Grande News,"Sun, 08 Feb 2026 08:00:00 GMT",IFMS: Inscrições abertas para cursos gratuitos a distância em 2026  Campo Grande News,https://news.google.com/rss/articles/CBMixgFBVV95cUxPR1BqRVBteDVQbzVKTmZia0VmUTliM3NZcVA5UlZRcUFGYjJJZ3BzRG55RU9pbHZ4elpjeXpIMEFETU51Y0tkeTlxVmlIRWZOTHQwMTM4ZWw1VmZoTkNnXzBuWmRjX3VQRVFWTGNzUUVBMUFtSGVsQ2xIRTI0VUdzZW9rWHh2LXo5NlV5d3pKQno1TV9ZUW53M0dycFYwNUdvSFJCakRaNWFVbHYyTGtUUUtzenMwaXRmUy1ocTZMajRnVmt5Y0HSAcYBQVVfeXFMTmc2b242cmlLUXFKOE1SX1lSYkFQZkgyNTQwZXBXNE0tM3ZYUHNIUXhqcFdhbTNHWDJ4aEk1cHlsb2NXamlKVkx3WHBEVXcyZU1FbFBBcmkwMFJKU0Q0SWE3bUp4bUlZTXB3YUlHMmU3NlJGdDVpTXNycVRTYm9MSXJrVllLYXptcDVpdzg5OG9LXzZuZVplckRyLXZ3ckM5N1YwbUdKbEloSkxjdW9GWjRybnZQandoRENfbXVhMWdFQ0ZXdklR?oc=5
Chapadão do Sul,Política e Institucional,Chapadão do Sul apresenta contas do 2º quadrimestre em audiência pública no dia 29 - Jovem Sul News,Jovem Sul News,"Fri, 25 Sep 2026 14:23:42 GMT",Chapadão do Sul apresenta contas do 2º quadrimestre em audiência pública no dia 29  Jovem Sul News,https://news.google.com/rss/articles/CBMivAFBVV95cUxOR01XLVdMczl5S19FWGdsRFZKQlVIY0dYSlhhdjlpRXU3amVpTXAwblQtSlh3bmFobDZWSlVUR0llamxERHl2bzM5NEM1YW56MDRDeDdmcHBic2xBNXdJdkplc3FMc2R6VEdWSXNIQXhiUklfMldGS2xVX0lRYmNaTjFrNFZZLUtOSlVxXzZ5azVXM0FEd0lJbTFEa0V0akxVMm9TckdCSW56bXpFSGZ3eFV1a1FmRXZiOUZzRw?oc=5
Chapadão do Sul,Política e Institucional,Chapadão do Sul segue com inscrições abertas para diretor e diretor-adjunto nas escolas municipais - Midiamax,Midiamax,"Sun, 06 Sep 2026 07:00:00 GMT",Chapadão do Sul segue com inscrições abertas para diretor e diretor-adjunto nas escolas municipais  Midiamax,https://news.google.com/rss/articles/CBMi0wFBVV95cUxPRmRMNWE1T0F0NnRfdGlOdm1SeGhiZ2drUVQwaENKTkdZeGdXNmJiRWpvbFdOVUlxaU04ZElHOGVWTWVjVEtzNnBPNzJ4Q2RNbjFoM0dKT0V4U0UwbzM2RkppUU1KeG1aUWRwZk9tamRwdEtoamc3SDRzdGVPcXN0clFVUkdsczViVnFDb3JwVk54MUUxM0tMai1qd0dwVW1Mc2VvVkZNWFE2QzNucXd3M1VaNGdDTFRPVlNhaHRoZXh6U3JHUk9UUVJzdDNnbDA4Y3Bv?oc=5
Chapadão do Sul,Política e Institucional,Assistência Social de Chapadão do Sul participa de capacitação do SUAS - Diário Chapadense,Diário Chapadense,"Sat, 25 Jul 2026 11:44:27 GMT",Assistência Social de Chapadão do Sul participa de capacitação do SUAS  Diário Chapadense,https://news.google.com/rss/articles/CBMiqwFBVV95cUxQQjFDa09XczJNWUFsdDJKZUJidHdJdlljZ1F5TXUzb1ZhNVIxVWlUdllPUVdmOENFdms0NGlqczhVRk5ZT0xLb1JUMzlJRzNTMGF4bkhabUhSVlk1RU92dGF0QTNKeWdmZmJLbFA4TVFwQjdHUExCVWg5TEN5dHBldzRwRXlicDJ5UFFFSGtEcTdpWTdmR2ZKTW5fQjhnVUtKOFctbmh1SGg4N0k?oc=5
Chapadão do Sul,Política e Institucional,"Servidor em cargo técnico teria assinado contas do Fundeb como responsável contábil, aponta denúncia ao TCE - MS Todo dia",MS Todo dia,"Tue, 02 Jun 2026 07:00:00 GMT","Servidor em cargo técnico teria assinado contas do Fundeb como responsável contábil, aponta denúncia ao TCE  MS Todo dia",https://news.google.com/rss/articles/CBMi3wFBVV95cUxOV0RwdkZTMGpFaGhjRE00UXJGSlplZTA0NmV4NU5qcW1qMjQ5ak1McVZaUkF5ZjViZ1gxdHlnMDlTZkVpN0pDa0t3WWFwVnRVdUhXVjVocGQzM2h6STgzMzVRZjNPQzlpVWRYMHZRWDBIU2Y2LUtjYjExQ3hLU1JKUzNRVjI3OWtkM2JtckdiUTFrOGswWkw3R0xiWmw4YU1adDFvRHhtd2tYYjV4THVBRzRGSVdMb0FpSHV6djcyWUVsTjBCTTVEczFWTkZDNm9fcGZLMVBXSC1QVnVfODVN?oc=5
Chapadão do Sul,Política e Institucional,Chapadão do Sul une Poder Público e sociedade civil organizada em novo modelo de gestão da saúde - Chapadense News,Chapadense News,"Tue, 07 Jul 2026 07:00:00 GMT",Chapadão do Sul une Poder Público e sociedade civil organizada em novo modelo de gestão da saúde  Chapadense News,https://news.google.com/rss/articles/CBMi3wFBVV95cUxQcW9rUkVnZkYxNUVxM1cyM290WHBlMlE5Zk80Ymt4TXo3SjdkVVVmMy1YVXh3NU83QTZrMGkxdHkyWHFQcW5JaHpaMzRTeVRldjRkRGw5TmRfYjFZQUF1Y3JYakNkM3VZZFN3U3BYamtibkVranVvUldMdDVFWkNWTDFGYzVpQ1dNTUpYeUJfdm4xXzgyYWJvVXNJWnJpQmVrVE5Ja0JxaGYtQlZNYXNudUV6SUZNQUJnVEg3cXFmYkp2NEV2bl9tN2pFLWZzWXVxSDFhenZkc2FnT203SlVR?oc=5
Coronel Sapucaia,Social e Cultura,"Cine Sesi Cultural finaliza 3ª etapa com 101,6 mil pessoas em 32 cidades - Agência de Notícias da Indústria",Agência de Notícias da Indústria,"Mon, 12 Nov 2012 08:00:00 GMT","Cine Sesi Cultural finaliza 3ª etapa com 101,6 mil pessoas em 32 cidades  Agência de Notícias da Indústria",https://news.google.com/rss/articles/CBMi2AFBVV95cUxPb2s0TFZTN1VsNUxCcm5kdFdhMzBnMjJIdWFITFkxa0Iza0Q0SGlMem9TeGdkU2FDeHZZUE1WR3VxVGV0T08temhMVmRwempUbW5Cdm9YN3N0aF9zYUJNZkVTTzRmbXlZc1NhZmtGUE9CbG0zblRyejhPbU5Va2ltdUU5TlJ2Zy1Gb3VJdU9oY1hSN0pBdy1ua1ZETFkxb0VfejFNLXctS0VIekNYQWNYYnBiQk5QRDJoV01uM3NRNHUxOTZyTWp0NkUyLUw3T2JhTzNlazRJNDU?oc=5
Coronel Sapucaia,Social e Cultura,"A cidade de MS que está entre as piores em qualidade de vida no Brasil, segundo levantamento - G1",G1,"Wed, 20 May 2026 07:00:00 GMT","A cidade de MS que está entre as piores em qualidade de vida no Brasil, segundo levantamento  G1",https://news.google.com/rss/articles/CBMi8AFBVV95cUxNZzFFb1hua1VCNnRudWVWVkttbmtBVHI5YW4tWjdhM2ZVU0pSVm4xWjVUWGVIMnFyWWUtY0Y0UlpoR1JQb0JPZGRjTy1jZTRXX2V6OGVtSkRtVWp3OG8xUjVSdnVKdFZCZUZ2V0h4aUFuUERVT2loLWFCRWxHaFl4ZVpmQmVBc0VDenR0aTV6NzBHb3BUMXp5N2pBQjhzcExhWnZKZ1o2aFVXWDQ5Rm9wYkllczNkUVRQeDV1cTU0SUIwNVUxYWN6T1QzZ2tlUW9tTzdaTDRBdTdoRWtULUFNdU45c1VwZ0k5dXNjeDE3Q0XSAf8BQVVfeXFMTTNZZkRqZGNtTUdYZWZ4eEt1Rk9MZzJGN2lRY0FNZjU3TnFkWVBmLS0xYVNIS2RDUTNMTTd0QnVaYUNINldkZmEwNnM4SG9IWTJhNmlneVNmeXNIb2dMQnNJWmcwSnRrZ0JVRjRhRXEzcEJQYTVKWUI0dnB6VXl5aFlfNkc3dUtieXl5OEpYb2diYUVVQU92cDBTNTBzbXpkNTB6RFJKdG1XYWtPb1FlQ2xTdEh4UHZLWWVIazdFVndYNU1KX09XYS0zS1BlbjZzM1JiaDZhMHlIMjJZSjRScHc5cFoyS1d3SUx6VTFJd3lGR1g4NnN2UFVOZV9YYjRR?oc=5
Coronel Sapucaia,Social e Cultura,O que faz Mato Grosso do Sul liderar ranking de crescimento do PIB? - Campo Grande News,Campo Grande News,"Thu, 14 Apr 2022 07:00:00 GMT",O que faz Mato Grosso do Sul liderar ranking de crescimento do PIB?  Campo Grande News,https://news.google.com/rss/articles/CBMirwFBVV95cUxQOVIzUUNaOWZHenFQVl96WUQtcVVROEc4N21hckNpY3k3cXdBSGNQeFZWSnp3MktycEFPMXk3WnI4OGhzZVFsMmRINHJ5R09QcGtvUnN1MlEwM25zUENKc2hjUS1NcUhiRzk1Z2tndGZHanhRS0prNG5PUEZGLS1DWmZrZG00S05ZUmV1TExzMmgzUW5kaENHU2d5b1ZxeURpZDRjN2hoUzhlVHJPY0JB0gGvAUFVX3lxTFB0aV9lSGtKbTJwclh3c2xjUDN3d0h2NEpqSVVtSGQ1OU1UQ2E0VFhaaFZRSGlfbUJ5b3RLZEMxdTlIWDNWOGdrMkI5dFNkcXlvM0pFU29wNEZzUjdVTHhwblpZekhPeXJPNjhZQURfS2lRMlo1ZHN6V19qR0ttQ29pRnVCcU5naWpvaXpUNGNpLTNXbnhfSFhxaWZtazNKRV9KdVNUSExVMktYUU5LRlk?oc=5
Coronel Sapucaia,Social e Cultura,"Cine Sesi tem 2º maior público do ano em Bonito com 4,9 mil pessoas - Agência de Notícias da Indústria",Agência de Notícias da Indústria,"Tue, 25 Sep 2012 07:00:00 GMT","Cine Sesi tem 2º maior público do ano em Bonito com 4,9 mil pessoas  Agência de Notícias da Indústria",https://news.google.com/rss/articles/CBMi0gFBVV95cUxQNHRsNkdrcS1vTGxMOUFyR0d1UmtSc0ZNZ1FEN1ZhZHNSRzh0XzBsUml5MENpYVZ2RXcweFdEMHh2cFBZbEYxMU5iV1k5Z3B2cmlLU0QzRDZtbGVFWkpQcmwwb2UtaUZXMDRZTm5QUlNBOWJ0azBnV01zbjNvYmRWcHZKbkRYN2doRElyZHNRQUFjMlBiUDJERWRQN1ROOHZUVmExUkJLZm5HWmFDNHNMQ2xVdktYd25hZ0ZKbnBPTEV3REJIWFlSU3ZlVE0tM05pN3c?oc=5
Coronel Sapucaia,Educação e Negócios,SENAI oferece 60 vagas em cursos técnicos gratuitos em Aparecida do Taboado com auxílio mensal - Rede Jota FM,Rede Jota FM,"Mon, 20 Apr 2026 15:21:42 GMT",SENAI oferece 60 vagas em cursos técnicos gratuitos em Aparecida do Taboado com auxílio mensal  Rede Jota FM,https://news.google.com/rss/articles/CBMixAFBVV95cUxOaHRSXzNwREhYM0JMZzRJbG9ZSVROZ0FoZ1lZWGFzSVNoWFhnNmNJU004TzVvdHJfM1M0RUZQbjV1YU1tbE9ieGFzMHNkV1JFTjhxTjgzWmo4U0NWY2pENmQ5MnJoX1ZRSWJjN1dGTnJkT1Q1amVDU0ZrVnpCT09lX0RmSnB6ZlJxaG44cmZ3d3ZVaTlKRXpkMmdWRWdRV0M0R1dhYW82T1NYVEZTY0NMdlZ6b0pwZ2FZLTZTYTJBR1ctUGNi?oc=5
Coronel Sapucaia,Educação e Negócios,Secretaria de Educação-MS abre 415 vagas para Assistente de Atividades Educacionais - Ache Concursos,Ache Concursos,"Tue, 10 Sep 2024 07:00:00 GMT",Secretaria de Educação-MS abre 415 vagas para Assistente de Atividades Educacionais  Ache Concursos,https://news.google.com/rss/articles/CBMi0AFBVV95cUxQR2RPcHZBOGdsUjNsYzM2Q09vVUN3ZW5rdHhnMFJUZ3JiZU5hbVdRemxJZ0NpQm5sby1kQWllVHkyS0JoM0xtWjN0VnA4U0JKdGdQbWJvUDJxeFdxSFUxQ1ZNWGhOLU1CeWhDQVZLaGY2eHhaakZuR0RuN1J0WVNxLV9iaWtnNVZ5eXZ2TzJkVXJsdkM3VnpMTXZ0OTFlYktWRHRzSHNkNG5oSE9JalZuVFZoRVFkVlNzUTJ0a2RtSVNFRXFKQWVNSTdoY254eFRD0gHWAUFVX3lxTE1MVk44Z1J5aXhtQUpvWDhCLWlEMjQ1eG92ZnhnQnVDWmFycEtMc3Q5cjRxOFZId1BSWWJZZkRZdWMzV3VMbzd0LTYyZmQtR0RMeXctSkI2eWZaWXlPaTg2VU5OalVva2IxQUpGOWVrcEZ0Q2hmMTFwaXZha2lRUllIczh6NS15czFMRkthbzlESFlNbnBwU1c4a1lfdC1CcHVBcmtKd094Vlc3WkRLd1dqeDU2R2lYa3JJX01ZaS1yb0RXLVZ0RFkwQmNoa2pYeVg5bFVIWVE?oc=5
Coronel Sapucaia,Política e Institucional,"Caminhão de lixo custará até R$ 660,9 mil à Prefeitura de Coronel Sapucaia - Midiamax",Midiamax,"Sun, 06 Sep 2026 07:00:00 GMT","Caminhão de lixo custará até R$ 660,9 mil à Prefeitura de Coronel Sapucaia  Midiamax",https://news.google.com/rss/articles/CBMiuAFBVV95cUxPcXJOTGdVNEdoTlpDaHVvaThvT0IxUUxYTVd6UC1tOTRBRnUwaGd3VnAxbnR1SlNWcGVCM1RjNHh0b1NvSUx6WmVOVDBXSUpUSUxaN0JfNHRYQU44OGZIcDI3UEJmRTZscGhvbU9CcTJYZzBsS25OWm95Sm40VDZOQzE2TEpSY3FIUmdwTlFBU21YWV96eWRLZDBZaVRrQjlZUlJxNDRqUjljUnVhb2ctMEkwMTZsX3NZ?oc=5
Coronel Sapucaia,Política e Institucional,"Coronel Sapucaia e Amambai ""adotam"" uso do nome social na administração pública - Dourados Informa",Dourados Informa,"Fri, 11 Sep 2026 07:00:00 GMT","Coronel Sapucaia e Amambai ""adotam"" uso do nome social na administração pública  Dourados Informa",https://news.google.com/rss/articles/CBMiwgFBVV95cUxQZEVNajlHSkpRV292S3UtaTBiYXlzWE5qNkhpbzE4YXZUNkQ0dVlMb0R0TVlReDFjeFRVTGsySjEyb2xYTTBSY0hyRWh4Z1lxaW5GNjJLUldvTU1lMlp1Ny1zVHJWQWY5TnN1ZUprTHpLeW5uQnJoRkg3b09WY3A5NE91LTF4UnJQajY0azVES1BHWk9KaTU1QmJVdmktOUppX19IeW5OY3ZJNWFYd3J0bXdFSGVLWnJoT2x2b01JSEVOUQ?oc=5
Coronel Sapucaia,Política e Institucional,Prefeitura tem 90 dias para regulamentar uso de nome social de pessoas trans - Campo Grande News,Campo Grande News,"Mon, 09 Feb 2026 08:00:00 GMT",Prefeitura tem 90 dias para regulamentar uso de nome social de pessoas trans  Campo Grande News,https://news.google.com/rss/articles/CBMiuAFBVV95cUxNMF82cjNxdzFJWUpsNXFCTFFpRUh5dUU5TllRMmNQa2Z1WWR3ODVkWk1PYkNZdUJ0ODdicDBfNThOVHIxaDZEMDgyRXlmaWdUakpVVWVKeHUxbTcza1h1c2Z6MFhJc2FycS1QVTN5dnZxMkFpajRrbmd1aFphNFR6T0dQUG8yaHk5TVl3TWVIa0NGaXBzejJtWDYwVWFuM3h3b29QNkN6ZTcwZVhVWFh4em5LSWdPSXhl0gG4AUFVX3lxTFBoRS1OWTFfdFdYTlhUbjhIa3d2ekxKbGx0VE9VTzJGNTIyRy13NnJtLUJiVXk5ZDNLcEJDVTdxelRFQ1Jub1RwTVU5TUdkaHc2RmJ4T2hsVHRMRFpIME1Kb1k4SHBkUTBVZHJzR09BajFvZUpKQmZsYjlHOU5pUUhYMUI2NnNnbi04VTRNVEp1b1pqaDZIalZzSGZmcEQ5YmRmd1ZKNkNlLXMxUDBDcFJLNmRGSnhaeFU?oc=5
Coronel Sapucaia,Política e Institucional,Gaeco apreende fortuna em nova fase de operação contra corrupção em Coronel Sapucaia - ojacare.com.br,ojacare.com.br,"Tue, 31 Mar 2026 07:00:00 GMT",Gaeco apreende fortuna em nova fase de operação contra corrupção em Coronel Sapucaia  ojacare.com.br,https://news.google.com/rss/articles/CBMiwAFBVV95cUxOM0pMM3NaaFhZMzl1ZVZIMENhc1h6eGFudGpnM3Z1XzQzdU9CYm5LVkZubFkzX1ltSTNOMXRxQkFDbE5zU2QzMHZBRGRFV0l0YzQtUXYwQmhMTE90bFFZM1JTTWs1Y1g1U2FWMmgyUS1ibmNvZ1M3aXJ2eU9ibWhidFZfc0VFQ2pmWGFua2dYeF9lOFVCOFZmX0FtSlB1QkM3c3JzakNXUmV6WDlqbUt5S3BYRUhmcjhLOGZMblVLcnQ?oc=5
Coronel Sapucaia,Política e Institucional,Gaeco volta à Prefeitura de Coronel Sapucaia contra grupo que fraudou licitações - Midiamax,Midiamax,"Tue, 31 Mar 2026 07:00:00 GMT",Gaeco volta à Prefeitura de Coronel Sapucaia contra grupo que fraudou licitações  Midiamax,https://news.google.com/rss/articles/CBMiwgFBVV95cUxOaFA5ekhsTHFweEE3X0tia1VtSkhXeFBaNV9GZzQ2UmN5b3hWbkRyOGlER1ktZ0p3a0ZSTTNQYlVyUmU0eDNuSVNNSlBGOTBINkpCakNjSF9jZTdSaEVWdFdGdEhVVm9zSlpCSkduX2VjbnFXbXpPay1abHZuS1ppclgyRU5oeldUSDYzWnI5eWFEMjlVaW02Z0g3LXN2QU9VSV9rOWJubUNOQ0JPSGZEZElIelExdmFfYWpKTVJyLTBjQQ?oc=5
Deodápolis,Educação e Negócios,"Câmara de Ponta Porã prorroga concurso com salários de até R$ 7,9 mil - A Crítica de Campo Grande",A Crítica de Campo Grande,"Mon, 28 Sep 2026 18:25:00 GMT","Câmara de Ponta Porã prorroga concurso com salários de até R$ 7,9 mil  A Crítica de Campo Grande",https://news.google.com/rss/articles/CBMidkFVX3lxTE1aY1puRWdzVHVDamc0N1YxV0FmQllqc3R3RFdva3VjbUNtVmVPaFpTb3lUSk9rRmJ5eTNGTW1SaF8yX1JDYXhoQXdMdlpZNVZBOHloSnVQMG03Y21JRHF4cVRaYnA5ZmozaDBvUWFOTUpNdlFWN3c?oc=5
Deodápolis,Educação e Negócios,Confira lista com 113 concursos abertos e 24.453 vagas em todo o país - Correio Braziliense,Correio Braziliense,"Sun, 09 Oct 2022 07:00:00 GMT",Confira lista com 113 concursos abertos e 24.453 vagas em todo o país  Correio Braziliense,https://news.google.com/rss/articles/CBMi8gFBVV95cUxNajVlbUoxN2E4Mld6UTgyU0pFTDFaZm9sd1dZUTh0NGt0NjdsWnNxNkJvU3VXbno3ZEpjbDVhOEdaVk9ZTE1KNUFKSVJWUU1tY3MzdmotZGFWRlFqM3VJZXM1dlEzcFBDdUtiRkI0T0JJQm0xZDlqUjhMUDRMMTY1MWFmSk9OQmhsNEFIc19lamlWN2ZyM3lKaExCekJDaHpGSk93UXNJbDljMXYyUDVkYW9raHVORktJYnpOQmdzSDFuQmlmREZQcHd5X1ZvVUFfSzJySWNTSXlYOHpnTi1xa2Z6YW53TWw2c3BqYlJ6aTg0QQ?oc=5
Deodápolis,Educação e Negócios,Secretaria de Educação-MS abre 415 vagas para Assistente de Atividades Educacionais - Ache Concursos,Ache Concursos,"Tue, 10 Sep 2024 07:00:00 GMT",Secretaria de Educação-MS abre 415 vagas para Assistente de Atividades Educacionais  Ache Concursos,https://news.google.com/rss/articles/CBMi0AFBVV95cUxQR2RPcHZBOGdsUjNsYzM2Q09vVUN3ZW5rdHhnMFJUZ3JiZU5hbVdRemxJZ0NpQm5sby1kQWllVHkyS0JoM0xtWjN0VnA4U0JKdGdQbWJvUDJxeFdxSFUxQ1ZNWGhOLU1CeWhDQVZLaGY2eHhaakZuR0RuN1J0WVNxLV9iaWtnNVZ5eXZ2TzJkVXJsdkM3VnpMTXZ0OTFlYktWRHRzSHNkNG5oSE9JalZuVFZoRVFkVlNzUTJ0a2RtSVNFRXFKQWVNSTdoY254eFRD0gHWAUFVX3lxTE1MVk44Z1J5aXhtQUpvWDhCLWlEMjQ1eG92ZnhnQnVDWmFycEtMc3Q5cjRxOFZId1BSWWJZZkRZdWMzV3VMbzd0LTYyZmQtR0RMeXctSkI2eWZaWXlPaTg2VU5OalVva2IxQUpGOWVrcEZ0Q2hmMTFwaXZha2lRUllIczh6NS15czFMRkthbzlESFlNbnBwU1c4a1lfdC1CcHVBcmtKd094Vlc3WkRLd1dqeDU2R2lYa3JJX01ZaS1yb0RXLVZ0RFkwQmNoa2pYeVg5bFVIWVE?oc=5
Deodápolis,Política e Institucional,Deodápolis lança Plano de Desenvolvimento Municipal com foco em inovação e fortalecimento econômico - Agência Sebrae de Notícias,Agência Sebrae de Notícias,"Mon, 18 May 2026 07:00:00 GMT",Deodápolis lança Plano de Desenvolvimento Municipal com foco em inovação e fortalecimento econômico  Agência Sebrae de Notícias,https://news.google.com/rss/articles/CBMi6gFBVV95cUxPQkgwby1leDZjWHVRNGZuejdtOHc2SXJiU2gwZHlMOGNhYlRySWJ6WTJETEJHbS02RnFsRUR2UGt3WGhoMko3QWhwdHR2UDVIQk5HZUdrQ2Z5cmgxTnZKTXozQnlFR0lGNnp5cnFyejl2MzMzRkpVa3ROekNEdGZ2dmVLT1hLNXl3Sjhsd1pScjZxV2JzeTdNSHZlRGNHbXNSSDh5SXliYWdZUkk1Mi1rb1QxZ2NvRUluN0dRblRrX25HSGMtWjJqTy1McEJEQ0prcERnOXdiUjI0bXM0dHJHTGlZNEFZa2lyMmc?oc=5
Deodápolis,Política e Institucional,Do acolhimento à proteção: MPMS busca ampliar atendimento humanizado às vítimas de violência com expansão do Projeto Acolhida em Deodápolis - mpms.mp.br,mpms.mp.br,"Tue, 07 Jul 2026 07:00:00 GMT",Do acolhimento à proteção: MPMS busca ampliar atendimento humanizado às vítimas de violência com expansão do Projeto Acolhida em Deodápolis  mpms.mp.br,https://news.google.com/rss/articles/CBMiigJBVV95cUxNcWxIZG1SajdrbG0zMGlacmhXQUhNdWwtS2huN0pDNkpjdTNEb1QyTTJLS3hORHVYdUNteEYwQVJXMjV6T0hNNHBPTWVSZHZlNE1iVkJRWXctaENiTFhxSk11R3JXcHdVbHpMQl9vcDNSRmFWcEQ4djRmeDNMSl9fUnZ0TDJtQ2Q4ajhQMUthRklYVTdQMXZ5ZDJPVllFTVdueXBxSGJNdkZmaDk2cHdTWnpYNXBmOS1nUTROM1p6LTRXUXRCNVlXTGF6QmZkMG5NUHBtU3lWaDhjSFJWN1Y1SVJlVnFDcEZjbzFGc09ISzJVYUFKQWxVbEliOW5xUWp1bjRpVWhLQWdFQQ?oc=5
Deodápolis,Política e Institucional,Deodápolis (MS) recebe R$600 mil da Sudeco para obras no município - gov.br,gov.br,"Tue, 12 May 2020 07:00:00 GMT",Deodápolis (MS) recebe R$600 mil da Sudeco para obras no município  gov.br,https://news.google.com/rss/articles/CBMiuwFBVV95cUxPY2hJNGU0czU5bHJLejdpSXhZTkxPODBCYmhaUFRjanVnTktBTUNOWndac0Z4TUh4SmdINEF1cXBSa2VDMVdvQWc3UkxyNzZQSER6T3VZc2tHQ0RBSEpkT1ZiVGJTYVNoVFU0cnZoODRFRkFheXFvQm1wOEtsWXp3VW10dW1ZWmRrWWszWExDeDlCNE9YMEJlNi1ucE5ZQVF1WkRjQllaN1ByX3lWTmhJWU5LSDI0OWttVEJN?oc=5
Deodápolis,Política e Institucional,Deodápolis terá polo empresarial de 22 hectares com recursos do PRÓ-DESENVOLVE - semadesc.ms.gov.br,semadesc.ms.gov.br,"Wed, 05 Apr 2023 07:00:00 GMT",Deodápolis terá polo empresarial de 22 hectares com recursos do PRÓ-DESENVOLVE  semadesc.ms.gov.br,https://news.google.com/rss/articles/CBMirgFBVV95cUxOeTRTV0hhdnlHZE1XMGhzZlBDRVd3cm5pWk53MXV0OHEweElGczRnaGVOUGhBV0JZWWlXb2JFUUExNVFJTXlUUlhRdzVBaFVmLXFkcUxPV2E5MUpjX1Y3dzhXQWNaOHhvYWkzSzdFdjJYVnlYOVp6MXlLN2poeGNROWJsbVk4LTVNcnlfd3FrUWU2ZS1qNFRWUGdUWFgyTk1hb2ZCbEpOMkpZbzNibEE?oc=5
Deodápolis,Política e Institucional,"Câmara debate falta de medicamentos, cirurgias e transporte de pacientes em Campo Grande - A Crítica de Campo Grande",A Crítica de Campo Grande,"Mon, 28 Sep 2026 20:25:00 GMT","Câmara debate falta de medicamentos, cirurgias e transporte de pacientes em Campo Grande  A Crítica de Campo Grande",https://news.google.com/rss/articles/CBMicEFVX3lxTE1sNVBsVjZBZGVLSmtFMzJpT3hXNzRKdmpqNkNwRWQ5U1B4Z3p5UTFnMmxHQlZUcXVGQVZ3NTZlUkZ1YXg0NXFReTJ2Y1dCcHZYaldpNUR5bWdlQmViVjl2bTlOTDlFeFRNUmE4S0JtS04?oc=5
Dois Irmãos do Buriti,Social e Cultura,Sob a proteção das áreas naturais - Sesc São Paulo,Sesc São Paulo,"Tue, 06 Feb 2018 08:00:00 GMT",Sob a proteção das áreas naturais  Sesc São Paulo,https://news.google.com/rss/articles/CBMiekFVX3lxTE9HbDM2STdIZkJZc3FFeTl1YXFwR0JmMDFYaEo2SXdMTGl6RGlKQXIzWEU3ZXlXSWFaNkRBZUl0aEJyRE1ES1phcjYyM1JST1VyZ0RvZ2ZUdHVPcDVCSExhRGVBZ0VYQXJsdThMVEtQODZzWXN1dnM4SWln?oc=5
Dois Irmãos do Buriti,Social e Cultura,"Cine Sesi tem 2º maior público do ano em Bonito com 4,9 mil pessoas - Agência de Notícias da Indústria",Agência de Notícias da Indústria,"Tue, 25 Sep 2012 07:00:00 GMT","Cine Sesi tem 2º maior público do ano em Bonito com 4,9 mil pessoas  Agência de Notícias da Indústria",https://news.google.com/rss/articles/CBMi0gFBVV95cUxQNHRsNkdrcS1vTGxMOUFyR0d1UmtSc0ZNZ1FEN1ZhZHNSRzh0XzBsUml5MENpYVZ2RXcweFdEMHh2cFBZbEYxMU5iV1k5Z3B2cmlLU0QzRDZtbGVFWkpQcmwwb2UtaUZXMDRZTm5QUlNBOWJ0azBnV01zbjNvYmRWcHZKbkRYN2doRElyZHNRQUFjMlBiUDJERWRQN1ROOHZUVmExUkJLZm5HWmFDNHNMQ2xVdktYd25hZ0ZKbnBPTEV3REJIWFlSU3ZlVE0tM05pN3c?oc=5
Dois Irmãos do Buriti,Social e Cultura,Festa do Peixe conecta 3 mil e encerra apagão digital em MS - MS Notícias,MS Notícias,"Mon, 14 Sep 2026 18:43:00 GMT",Festa do Peixe conecta 3 mil e encerra apagão digital em MS  MS Notícias,https://news.google.com/rss/articles/CBMizAFBVV95cUxONFNaaWdmWm95VUhyU1FuQW90OWFiVFByd1ZJVTNNTm5DODh5c0RmWHBRcHFkQmQ3S2tKeVJPRWJtQVpyQm5BRUdTQWI3eURGZ2ZKVVhMQ3BST0d4MlpaR0JKR3pERlFFeTlDUTdmTnZxVkg5VDhrUXA1ZE0za3ZlNzhDcXlTQjhPUnloME1IOHR2cGxQTVJGNzFIOVFCUUNBNjdDaXJ3cnJrSTI2LW4zUU9TalJOWVdBQksyUHpsckVCVEhfU1ROR1pWakXSAa4BQVVfeXFMT2dPcE9uQjNNRFJZUl9GVXRkV2tMU0VWXy1rc1A5R2paZWtNdUZlWVRaTlROVzZzUnNYaF9OTDdmQ1lLTFozRG03OUp4UUdMc3Nia0xNSmJPanZOOWFLb2U5bkgwZC1EZG90YUZkbGhWX2R3Unpmbl9xUl9GLUI3SC1jMEZkSnZCQ25rdncwbjdFeXRmS1dFekNvNW9Td0gtVmE0SUo2OTdfejVpQXFn?oc=5
Dois Irmãos do Buriti,Educação e Negócios,"Na Capital, EJA é ofertado em 16 escolas e na modalidade à distância; veja lista - Campo Grande News",Campo Grande News,"Tue, 19 Nov 2024 08:00:00 GMT","Na Capital, EJA é ofertado em 16 escolas e na modalidade à distância; veja lista  Campo Grande News",https://news.google.com/rss/articles/CBMitwFBVV95cUxPQjhET21SdTVfS09xSHpIMEo2d21QQ0pCcjBxbW5QZWZtanAwbDItcGdVc2Ywb2FUZWtTLTZNc3h0QjFldHBNeHEzVmxXUzluYlJJRVlMZzVnd25XUXlKa1hyTE9fZFRDNkRjRWlBMzhscDFYalk0LTV2dThWalZWWDhudW9HazVCV0xRVnBMYXg1dWJxYWl0Q0NvdVFMblFDY0l6dTZBTWdXMmNSLVVDWFZmTlpBRDTSAbcBQVVfeXFMTzFTUGVSdVVmTmczWE96eFZ5ODI5bjhmTVN1cDJfQXYxZzFKOWVaVzd6TmdRYnhWUHVsaGtfNmc1cDMwU2o3Ui1YZ0ZTWjFmdXhnRmxZQUlINzZieHpsNUxLQkVCRE9GLVgyTTFYS3pMamtOc3owSjJIUUo5SDNsaEJaVmNDUF9vVXN5UWliX2k1N1pvYkhvMzQ5bWJfY05GRlJJdWlReXhJRGxzNTF2T1IzZ0JPdmJn?oc=5
Dois Irmãos do Buriti,Educação e Negócios,IFMS abre 180 vagas em cursos de qualificação profissional em Aquidauana - O Pantaneiro,O Pantaneiro,"Mon, 10 Dec 2018 08:00:00 GMT",IFMS abre 180 vagas em cursos de qualificação profissional em Aquidauana  O Pantaneiro,https://news.google.com/rss/articles/CBMiygFBVV95cUxOUThMLURsQ3pVOXRUdzVRSDVyTEozZjVZSmpFV0RGenZ0eVVBRE5jMV8zbVpOc0h5WnJ5MURwN3hGaHgzWWdhQWlmcnZtSVR3SEV6dzVGai00cC1saVgyb3hYN2RBQkN1ajZHcjBTdlllQXJpYjVoNzhfLVFRZkFXMHRIN1VlOVUtRkRleTc4ZWhRdUdjYlVyRmxUeHRiWDZ6ODEtZjh2X2dNcllrcTZvTE82Z25yYkhUVGp5WHZzQUxpWFRfbUMzS3dB?oc=5
Dois Irmãos do Buriti,Educação e Negócios,Secretaria de Educação-MS abre 415 vagas para Assistente de Atividades Educacionais - Ache Concursos,Ache Concursos,"Tue, 10 Sep 2024 07:00:00 GMT",Secretaria de Educação-MS abre 415 vagas para Assistente de Atividades Educacionais  Ache Concursos,https://news.google.com/rss/articles/CBMi0AFBVV95cUxQR2RPcHZBOGdsUjNsYzM2Q09vVUN3ZW5rdHhnMFJUZ3JiZU5hbVdRemxJZ0NpQm5sby1kQWllVHkyS0JoM0xtWjN0VnA4U0JKdGdQbWJvUDJxeFdxSFUxQ1ZNWGhOLU1CeWhDQVZLaGY2eHhaakZuR0RuN1J0WVNxLV9iaWtnNVZ5eXZ2TzJkVXJsdkM3VnpMTXZ0OTFlYktWRHRzSHNkNG5oSE9JalZuVFZoRVFkVlNzUTJ0a2RtSVNFRXFKQWVNSTdoY254eFRD0gHWAUFVX3lxTE1MVk44Z1J5aXhtQUpvWDhCLWlEMjQ1eG92ZnhnQnVDWmFycEtMc3Q5cjRxOFZId1BSWWJZZkRZdWMzV3VMbzd0LTYyZmQtR0RMeXctSkI2eWZaWXlPaTg2VU5OalVva2IxQUpGOWVrcEZ0Q2hmMTFwaXZha2lRUllIczh6NS15czFMRkthbzlESFlNbnBwU1c4a1lfdC1CcHVBcmtKd094Vlc3WkRLd1dqeDU2R2lYa3JJX01ZaS1yb0RXLVZ0RFkwQmNoa2pYeVg5bFVIWVE?oc=5
Dois Irmãos do Buriti,Política e Institucional,Novo carro reforça atendimento na Saúde de Dois Irmãos do Buriti e amplia parceria com o Governo do Estado - Buriti News,Buriti News,"Wed, 16 Sep 2026 19:26:32 GMT",Novo carro reforça atendimento na Saúde de Dois Irmãos do Buriti e amplia parceria com o Governo do Estado  Buriti News,https://news.google.com/rss/articles/CBMivwFBVV95cUxQUEctMDlHclNHT01WdEcxY2liRWk2T0xKaEd0cmEtb18wUFFFLVU2bXlSbzhtMnlVLVBzRG1lZVlhakVtWHZTYS1Udk5ZYkVYSnFlUHpVNkxqTHhjTmFSWVQtMVVXQnJoVDVUY0dJTUtsWDA5Wl9EM3pMWVFRbXE2Y25BNlctRjBEQnVacnQwUkFKaW1kSDNhSVFTOXZJODZWX3FXX2JXVXdnRjBSUUZESXlaTmxDV3Z5UU5MV0JYZw?oc=5
Dois Irmãos do Buriti,Política e Institucional,"Por ver 'fragilidades', promotoria recomenda mudanças na Controladoria Interna em Dois Irmãos do Buriti - Midiamax",Midiamax,"Sat, 11 Apr 2026 07:00:00 GMT","Por ver 'fragilidades', promotoria recomenda mudanças na Controladoria Interna em Dois Irmãos do Buriti  Midiamax",https://news.google.com/rss/articles/CBMi0gFBVV95cUxOUGhMY0pZZHdPVnRDVG5qbnB0ZDdPM1JWbVZGV3FKWjg3dmQ3cXAyODFwWUNZR0JfMVdKSzhvcm1KZ1RQNFhYb0YtZER3N2pPdmJlNUFOZDBvRFYzMl9ER21mWHluMElQbkpiQ2pPZUIteF9ZUDJqWjJvbW0zUXo1N0s4aVQtNjkxSWZxZGtfaVNIcmRvZVZidUdzOUhCa29Xa2lwblFNNDF0QTRncjNjd01vUkhQX08wNmY1dVBwVmNlMzR6cGZPblJVVVFmQVdCS3c?oc=5
Dois Irmãos do Buriti,Política e Institucional,"Polícia Civil inaugura a 53ª Sala Lilás do MS, em Japorã - sejusp.ms.gov.br",sejusp.ms.gov.br,"Fri, 24 Oct 2025 07:00:00 GMT","Polícia Civil inaugura a 53ª Sala Lilás do MS, em Japorã  sejusp.ms.gov.br",https://news.google.com/rss/articles/CBMijgFBVV95cUxPbExxTDdpU3U2U1otclpkdE9rRjJnTGNvNHoxd1JMOUNsLVFPUlhFSUFUVUNpb05rN2doZlFqc2FwSmhKTGhMN0JnYzZrN1ZWUFByWUhmMG5KSUFVOHJBQy1HM0xkdlMtbWlXXzZVc0w3Yk1Jb015MGk0c2VCN1ZrVXBaMVU4dXNfTGVGRFpn?oc=5
Dois Irmãos do Buriti,Política e Institucional,"Agesul abre licitação de R$ 1,3 milhão para reformar ponte sobre o Rio Aquidauana - Midiamax",Midiamax,"Tue, 30 Jun 2026 07:00:00 GMT","Agesul abre licitação de R$ 1,3 milhão para reformar ponte sobre o Rio Aquidauana  Midiamax",https://news.google.com/rss/articles/CBMitwFBVV95cUxQU2VDSnNKXzl0eXRFNXJicHFOc1JzYl9WMTAtUUxhZkpjRzJvYkRsZmJtR3RwVmxjWEEtQUVrMkdBVVVFN0dMOVMydWZWMzBvOFYwS3puODZTbHpsS0dJOTRzcDVwT0lwaG02Y1RvYUdGNmZUbjVWZzB0SThMM2lUN2c2cm8ycEY0LTJwNWtZN2dIaHhsTmRjQlNtZFNaRHlMLWlOak53dUdYYWNIWmhIUGpEM0Z1R1k?oc=5
Dois Irmãos do Buriti,Política e Institucional,“Caminho do Acordo” na Aldeia Buriti realiza 185 atendimentos - trf3.jus.br,trf3.jus.br,"Wed, 18 Sep 2024 07:00:00 GMT",“Caminho do Acordo” na Aldeia Buriti realiza 185 atendimentos  trf3.jus.br,https://news.google.com/rss/articles/CBMivwFBVV95cUxPU3ZWWGx4aFRWbDdaLWdIZzMzckdVMmhSRWFHYU5XcVJ2cXdwRElwUEZQVFU1S2h4LXhXVjF3VUZuYTVWcGg5OUtHd3V0S1lIY3hSeWctRnhMYTY1T1hUMjdZQ2xSZEdyYVduNU15VXAxM3VSUU1NT2dkT1hrcWFqNjdDRlVsOTZpZk41dzBYMmcwdzVqb1FLNmJfeC1sY1Z5TzROV1dJSGJjR1J1OGszblhYX3JFOWdrZEwzTWJrTQ?oc=5
Eldorado,Social e Cultura,Circuito Sesc de Artes chega a 9 cidades do Vale do Ribeira - Sesc São Paulo,Sesc São Paulo,"Tue, 17 Oct 2023 07:00:00 GMT",Circuito Sesc de Artes chega a 9 cidades do Vale do Ribeira  Sesc São Paulo,https://news.google.com/rss/articles/CBMiY0FVX3lxTE9HNVZRYWQ2RzFIRGxEejBxaWNGbnJPM3NTai15V2VONFpTek1TT0x0SjRsRkxUdUR2VUdKaGl4REtDMkd5YTluVWZBSTZBajZFWXpCNUJCczFOOE5lM0pYZ3Nxdw?oc=5
Eldorado,Social e Cultura,SESI-MS apresenta projeto de carbono na COP30 e SESI-SP investe em inovação na saúde - Agência de Notícias da Indústria,Agência de Notícias da Indústria,"Fri, 24 Oct 2025 07:00:00 GMT",SESI-MS apresenta projeto de carbono na COP30 e SESI-SP investe em inovação na saúde  Agência de Notícias da Indústria,https://news.google.com/rss/articles/CBMi6AFBVV95cUxQd3dpTTR3U3NiM1NIemEtMnhOemFweWRERWdDaTFEWWJIYlVQU0VDOUhsMVhoNjFSSzBiRWloV1VJM2s3RkV4dDZKb0VpdnBQWVpLRGVVT3RlaDBMdHNsNHJtRnAwdy1YTkxBRDVzVmppcndmM0RsX3ZKSGttUHpGZGxTTHN1dVRabDlCQUdIR0o4UGdaZDhQeWRYb0RXSTM4VnZiWFA1YUxQVDM5RFZjdXdJRDNkOGFJWnFQRHpRaTRtMjIxRmtIdkZmSjBZLVoydWZfVTVMR2p2VXpJNmN3VmZJaVZuaEVH?oc=5
Eldorado,Social e Cultura,"Cine Sesi Cultural finaliza 3ª etapa com 101,6 mil pessoas em 32 cidades - Agência de Notícias da Indústria",Agência de Notícias da Indústria,"Mon, 12 Nov 2012 08:00:00 GMT","Cine Sesi Cultural finaliza 3ª etapa com 101,6 mil pessoas em 32 cidades  Agência de Notícias da Indústria",https://news.google.com/rss/articles/CBMi2AFBVV95cUxPb2s0TFZTN1VsNUxCcm5kdFdhMzBnMjJIdWFITFkxa0Iza0Q0SGlMem9TeGdkU2FDeHZZUE1WR3VxVGV0T08temhMVmRwempUbW5Cdm9YN3N0aF9zYUJNZkVTTzRmbXlZc1NhZmtGUE9CbG0zblRyejhPbU5Va2ltdUU5TlJ2Zy1Gb3VJdU9oY1hSN0pBdy1ua1ZETFkxb0VfejFNLXctS0VIekNYQWNYYnBiQk5QRDJoV01uM3NRNHUxOTZyTWp0NkUyLUw3T2JhTzNlazRJNDU?oc=5
Eldorado,Social e Cultura,"Cine Sesi tem 2º maior público do ano em Bonito com 4,9 mil pessoas - Agência de Notícias da Indústria",Agência de Notícias da Indústria,"Tue, 25 Sep 2012 07:00:00 GMT","Cine Sesi tem 2º maior público do ano em Bonito com 4,9 mil pessoas  Agência de Notícias da Indústria",https://news.google.com/rss/articles/CBMi0gFBVV95cUxQNHRsNkdrcS1vTGxMOUFyR0d1UmtSc0ZNZ1FEN1ZhZHNSRzh0XzBsUml5MENpYVZ2RXcweFdEMHh2cFBZbEYxMU5iV1k5Z3B2cmlLU0QzRDZtbGVFWkpQcmwwb2UtaUZXMDRZTm5QUlNBOWJ0azBnV01zbjNvYmRWcHZKbkRYN2doRElyZHNRQUFjMlBiUDJERWRQN1ROOHZUVmExUkJLZm5HWmFDNHNMQ2xVdktYd25hZ0ZKbnBPTEV3REJIWFlSU3ZlVE0tM05pN3c?oc=5
Eldorado,Educação e Negócios,"Petrobras, Raízen, Eldorado e mais: confira as vagas de emprego no setor de logística, nesta sexta (22) - Tecnologística",Tecnologística,"Fri, 22 May 2026 07:00:00 GMT","Petrobras, Raízen, Eldorado e mais: confira as vagas de emprego no setor de logística, nesta sexta (22)  Tecnologística",https://news.google.com/rss/articles/CBMi8AFBVV95cUxNT2Z3cWdPcXYzVHVXem0zS0wzRHBtVU1kS0M2dUVxcWJ5NF9zcFRKdzdTRFBuV3Noc3RHZmkyXzF0NW5CdXNRSGpnTWx5SnJoY2s0U1VCenNyaWl4UkhWY3N3bXItWjBlWnNvak9pVXJxSldvVkY2a2E0cjZ5VjN3a0ZVSmh3aGw2Umw5WURlcVJ3c1RIY0gtUmNocW9nWUZnekhFMC16bHVVcF9yMVFFNDE2RG9FQUVQT3JRaTBkUUR2VVRpZ1FxNnNxV0xkQ2wtQ3YzOUtEbEtXcjlwRHc4TV9rUEl6SnVUcUxXX1Nyb2Q?oc=5
Eldorado,Educação e Negócios,"Acabou a desculpa! SENAI tem mais de 8,3 mil vagas em vários cursos pelo Brasil - Agência de Notícias da Indústria",Agência de Notícias da Indústria,"Fri, 26 Apr 2024 07:00:00 GMT","Acabou a desculpa! SENAI tem mais de 8,3 mil vagas em vários cursos pelo Brasil  Agência de Notícias da Indústria",https://news.google.com/rss/articles/CBMiyAFBVV95cUxNcFlwckpLcUVCNG9lUVVHa1JzeWtNNFFaSVllNk9hYWVqQzRkSXdhbW85Qk1ua3oyXzJDTFowWldzZDZiWUVtbVVyVFFxWGMwNmJkWWVuNVd5MFQyT0VwYUFDQ3BqcGM0VVdFMWRZOHhQS1ExVFE1amhwRUdmdUI2UkVHdHhuSmdwRndGbWRBM1c0Njl2X29Lb3hKN3haWloxaVFKYWp1QS1NMk1rWW1RNnZwQ3J5WmtMd29MVU9jSXBkcGVlOVZFWg?oc=5
Eldorado,Educação e Negócios,GIRO FUNTRAB DE NOTÍCIAS – 19/07/2025 a 29/07/2025 - funtrab.ms.gov.br,funtrab.ms.gov.br,"Sat, 19 Jul 2025 07:00:00 GMT",GIRO FUNTRAB DE NOTÍCIAS – 19/07/2025 a 29/07/2025  funtrab.ms.gov.br,https://news.google.com/rss/articles/CBMihgFBVV95cUxNOHBuSjhObGNFM3VINTBfUW12S3ZIb2hWZ25wdGZxWWdZT29VQjZoYUE3VE4yNzhZZ3ZRVFRBTjlESTNlZTdtbmwyY3RIa0N3VklscllrbTZjVV9JdVplQjM0dDlWc1VJNGVndEJwZy1wV0Vzb0Z1T3hIMjBheTdxczN1QjI2UQ?oc=5
Eldorado,Educação e Negócios,Fiocruz abre 250 vagas em especialização gratuita a distância em Saúde Pública - InfoEducação,InfoEducação,"Sat, 20 Jun 2026 18:26:39 GMT",Fiocruz abre 250 vagas em especialização gratuita a distância em Saúde Pública  InfoEducação,https://news.google.com/rss/articles/CBMiqwFBVV95cUxPTXBfZ2EtTXloZlU2U0h4N3BxY19LTnNzUWp1Vk1STUlLam1pRTJXbXhhck5ISFhTZXk5MGx4VlZJMFBtaFpWNF8yZGxRWC1LWTlGVy1KR0tJTTVZRVVVM2ZsZnZ1ZnplZEFwcldna2RlWnN3VmNNQnU4TWgyTUxlSGFOaU9mMkEzMDlBTmFJT0pHUG1hR3RYemJIcVNrYXVDSzg0dDJYQUg4cFU?oc=5
Eldorado,Educação e Negócios,Eldorado Brasil está com 45 vagas para Jovem Aprendiz 2023 - ArapuaNews,ArapuaNews,"Wed, 26 Apr 2023 07:00:00 GMT",Eldorado Brasil está com 45 vagas para Jovem Aprendiz 2023  ArapuaNews,https://news.google.com/rss/articles/CBMijgFBVV95cUxOdmFkNFJPcmJBeWNDeGg4MXUxM3BaOGhsd2RpTEFibGtDcVVCTWNqa1o5My1EZzBZMDB2VDlJLTU1dFhpUXE2eDNIWnM0YlcxS2dQWWx3Z1NrOFdOUkZXZEhGRm15U1A4d2pielV2anlxdkVGb1pROFZhTGc3eHl3UVVOMG1MMzhsYkxieDNB?oc=5
Eldorado,Política e Institucional,Agesul-MS lança licitação para recapear ruas em Eldorado - Midiamax,Midiamax,"Wed, 13 May 2026 07:00:00 GMT",Agesul-MS lança licitação para recapear ruas em Eldorado  Midiamax,https://news.google.com/rss/articles/CBMinwFBVV95cUxPNjI3NlpsemU2QmMzazJKa0k2ZzZRTnh6U0FsM0JSZ1Buc2NTbHo2SkoxSDhQVW5NTXJfbDB4a0RIMzNKSDNJM1F4eHFPTV9SYU9uOFB3RjVEeGtheGotX1JFZV9QVkc1THpUbXdNWmJ2bjFrcXhkSVM1Z015a1dDTlQ1MUdoMnBiSkFLNXlOamVod2EtX3NwRWtMYmJJUms?oc=5
Eldorado,Política e Institucional,Servidora assassinada por ex em Eldorado: 10º feminicídio em MS - Campo Grande News,Campo Grande News,"Mon, 13 Apr 2026 07:00:00 GMT",Servidora assassinada por ex em Eldorado: 10º feminicídio em MS  Campo Grande News,https://news.google.com/rss/articles/CBMiuAFBVV95cUxNVlJRVFcwSHlkaksyclhRRjExRDROSjB2SHpoamJFSm9MdFd1ckVWOWFVRHVBbVFJS3ZHV1hyTlJaUXFVTjVoblpuZEphaHVTbzVlYWI2U3Y2SG15eFg1b3FyZlJlVE9JT0NBaWw0UWZVck5FTmZvbV9YZ0xBWFJoeWNBLVRua1lZOGxLclVKMG85dm0yMU0tOG53eUVwNkowMDVtYVdKYXZxTnhjRjhQWXRkSENmeHd10gG4AUFVX3lxTE5jaG53dTlzOVVwMzR1T1BaZUxZUkNTMGZGUzdsbnVHeHR2S2N0MzhMY2ItYlR6QUsxY0czTE13V1hEdlF2bmcwaDFScGxTY0s1aVlTdmpnSlpXakpWRlRoTVpEZWpYUnA5ZEloUXBzYkZZaF9HUDc0MEFEeDZ3cktGZHhaUDM2UTdVZWNUdWFyT3EyYnhqX1JPUTg2OXU2d05Zdkh2dDBjYlNRRUVBc0I0UnhKYmc4QWE?oc=5
Eldorado,Política e Institucional,"Polícia Civil inaugura a 53ª Sala Lilás do MS, em Japorã - pc.ms.gov.br",pc.ms.gov.br,"Fri, 24 Oct 2025 07:00:00 GMT","Polícia Civil inaugura a 53ª Sala Lilás do MS, em Japorã  pc.ms.gov.br",https://news.google.com/rss/articles/CBMiiAFBVV95cUxQQlpya005cXlFb0RtSFNMYnlTR3VIZFA2SlVlUk9pM09kUm1xR2dEeWk5VXZaUEFna2I3akpPb05OaUFySXhhVUlYekl4SG5DXzRzaGNiYTZpelJiOWpKU0JTZ2xrR3lNNzgxbjg4ZVktX290WnpuQlJySUVyb0E3R0s4ckFvTVR4?oc=5
Eldorado,Política e Institucional,Entenda como decreto de Valinhos sobre áreas ambientais cria impasse com plano federal de assentamento - G1,G1,"Sat, 07 Feb 2026 08:00:00 GMT",Entenda como decreto de Valinhos sobre áreas ambientais cria impasse com plano federal de assentamento  G1,https://news.google.com/rss/articles/CBMi-wFBVV95cUxNbXdRRWo4R0JqY09nNEpQaFBPME5uazVIb3RsQjV4SFVxcnliOHRVR3Z6ellzWEVOS0ZnWk85b2hYU2QzbWlUVmptazVnVDZSdHBJY1R1NUV5Rno4cjlaNU5kWWRDTEZlSVl0S1g0NUFoTTJ6cEY0X3RMUnVwLVJtYTNhNTU5MHJGX0ZlWXhHOWhFd2h0Q1NoZ2NEZGktZ3g3ZTZpLUhiLWg2aWhwbXZ6WDVEOFEweG1VTUp4MW1xSTI5REJidjZCajVFbGlBa0oxcmxxdFB4S2Z2akhueHVCRXBub1FqV2huVEhHWFhZdkFNczdkOFpCdEIxc9IBigJBVV95cUxPdHhzVWtkSV9UZFNJUzNLb3dldFNaem11NXkxUXFHb2gzZ3lqSFVKZTJjOVN2M0FLcURIZlg3blpCcGFXUUVmYzVpT2RMVG5DQ2pGY3Bjd0tzemxWekl2ajE0LUplR0xSY3REd0xhanNfd3J3bEhwYThjNnVvcEpBN0VNSnB6RENrZnByVEVhRFF1S19EQV9FcTE0ZGFLZ1pvZlV0TXVPN3lMdWNrX1h1cWdpM0xDdHd5TUp4T2E5WU5pdG9jTE50eHVkdEFhb2VBZUNwLWN1SExOWHk3SldtXzRSajRZbjh2LWNIQ3gtZ1JrVjRUUkVOSHh3QUxMbExiR1FkYm9PQldCUQ?oc=5
Eldorado,Política e Institucional,Audiência pública debate a segurança das barragens do assentamento Eldorado II (MS) - gov.br,gov.br,"Thu, 13 Feb 2025 08:00:00 GMT",Audiência pública debate a segurança das barragens do assentamento Eldorado II (MS)  gov.br,https://news.google.com/rss/articles/CBMiygFBVV95cUxNcUdlb3FJcDZJWERjX3R0OUluVDNMQkhoV3l2X3N6YUd0U2tjWGRDQmhKYmtBSWwzeEVQZjZwazVyRFdoOW4wUGFFNk95SEVXQV92b0RCa2VDYTk0eHFOMk4yLVYwbXZpXzBZR05VNngzZk1KdGo0aHhNVGkwWjNEcHdnODBrZ0x1STZSME5zaE5HMElxOXA5TGl2ZUZqUUVCbXc4b1dMQ19uc2NIU3E5Vl9Lc2JFbGQ0WG8zenRCbWJ6TG9TM3VTRWdB?oc=5
Fátima do Sul,Social e Cultura,A cidade universitária próxima ao Paraguai que registrou crescimento de 24% e virou destino de quem busca qualidade de vida - Correio Braziliense,Correio Braziliense,"Sat, 20 Jun 2026 07:00:00 GMT",A cidade universitária próxima ao Paraguai que registrou crescimento de 24% e virou destino de quem busca qualidade de vida  Correio Braziliense,https://news.google.com/rss/articles/CBMi_gFBVV95cUxNRDBfV2xxbGVDaEx2bHVSX1E5dU53UXZyMWJlM2xXYUZfa216LWJmZDkzbmxGd2Y5MWFQUlUyNUZhT0NKUUZYdW1lc2MtRUFhaUFIcjlrZzlQVHEzM1hJZ2N0ZDVSZUdDelp6SUF0Q0xRVTg5b3FpYVZjY0NpNkFnUjJxOGdNTUlhZllvZlkzcEd2cl9rcERkelVkUTgxMHlHWmhmVm9qN2VPVGtWMWUtSEdlN1BaM3FwNlUteVZUZ083bDQ4bHR0WU82b0thUFRVeTlZcWZaWWtOOF9tbWdOM3k2MWhjXzdnOFR1TUJRallCS3NGWk53MEs2ZXRGUQ?oc=5
Fátima do Sul,Social e Cultura,"Clima bom, gente acolhedora e futuro promissor em uma das cidades mais estratégicas do Brasil - revistaoeste.com",revistaoeste.com,"Sun, 07 Dec 2025 08:00:00 GMT","Clima bom, gente acolhedora e futuro promissor em uma das cidades mais estratégicas do Brasil  revistaoeste.com",https://news.google.com/rss/articles/CBMi1wFBVV95cUxPYlRxZkJhWllHdGZkOEozRVZOeURFSlhzM0JTTTgtYkNKOEdxSzRQQUhkNHpuNnh0Wjdnc3k0MjRCcG9JN2EtR2RIVUd5cHpUV3dNUjJBaFlrMlJKR1ZVdTlVZTdhb2VJMi1uc1o1VHFCa0hkaFlOa080MEVQMFRRN1Q3MnRPdHAzTTRQcnFtQnZNaUJrTEVnNTJ6T2xPdUpqMTFFeDBibGJSSUs0OU91cXhKNE9iclp3bWRxNWdyZGdHX0xncnN3ZXFZNmIzelF6M2I4VlNhQQ?oc=5
Fátima do Sul,Social e Cultura,"Cine Sesi Cultural finaliza 3ª etapa com 101,6 mil pessoas em 32 cidades - Agência de Notícias da Indústria",Agência de Notícias da Indústria,"Mon, 12 Nov 2012 08:00:00 GMT","Cine Sesi Cultural finaliza 3ª etapa com 101,6 mil pessoas em 32 cidades  Agência de Notícias da Indústria",https://news.google.com/rss/articles/CBMi2AFBVV95cUxPb2s0TFZTN1VsNUxCcm5kdFdhMzBnMjJIdWFITFkxa0Iza0Q0SGlMem9TeGdkU2FDeHZZUE1WR3VxVGV0T08temhMVmRwempUbW5Cdm9YN3N0aF9zYUJNZkVTTzRmbXlZc1NhZmtGUE9CbG0zblRyejhPbU5Va2ltdUU5TlJ2Zy1Gb3VJdU9oY1hSN0pBdy1ua1ZETFkxb0VfejFNLXctS0VIekNYQWNYYnBiQk5QRDJoV01uM3NRNHUxOTZyTWp0NkUyLUw3T2JhTzNlazRJNDU?oc=5
Fátima do Sul,Social e Cultura,Centro de Esporte e Cultura oferece atividades gratuitas em Campo Grande - Campo Grande News,Campo Grande News,"Mon, 16 Mar 2026 07:00:00 GMT",Centro de Esporte e Cultura oferece atividades gratuitas em Campo Grande  Campo Grande News,https://news.google.com/rss/articles/CBMivAFBVV95cUxPWnBOYTNjOE94NXJlWk1sNEZteVpUU2ZFMm9nMUxLVi1CTWxKNVRjaW5lX0hGTGRZY1VQOFRkRkxmdEIwQ2Q5LVdBZFN1QlR5MkVjTjE5ajlZdDJpRlc5MDFTZWtxWDdvQ0R1MnUwUXJqc3E3eWwtQ2lhYjZBd3VSNldMSlpDQ0NMOXU5LU1qbnlNT1JWTWR3WkFRanZxN2VHdG5XTEJ1S01qbjFmNExmdlpKWFY5UDZaRmdzcNIBvAFBVV95cUxPYkNkS0luV1l2dmJjUkZVQTl5ZmlpRXg2V0ZTcDd5WlRJZ05RUUtHNWlwYkItZE83MEJXRmxnbWo4cGF0WTI3R05kd3NnamxPQmZDM0dNWlJuNGtPMFVYUGw5dGRLZVI2Z3hCRm82SW9tUXBiVzdhN05PeGhHWmNrQjR0cVFsUmUwZWJaYXN1Nnd6cUk4QXllcW1ZZVlBeE5xbjhaaGpsTl9CNlVyN2tTYm9Vbl9nZG1WdzJnOA?oc=5
Fátima do Sul,Social e Cultura,Prefeitura de Três Lagoas inaugura reforma e readequação da USF Vila Haro - Notícias em Rede,Notícias em Rede,"Tue, 30 Jun 2020 07:00:00 GMT",Prefeitura de Três Lagoas inaugura reforma e readequação da USF Vila Haro  Notícias em Rede,https://news.google.com/rss/articles/CBMitwFBVV95cUxQMEJTalZ4by10M0I1c3pOQUpxWEZhQ21yZE5VWWxlLUFfWWFPNlRLdHlRMjlab0tZTlpkVG93aXhxMVplc0l6YllWQkFuZjZhdWJkM0xrNGZGZ1laQW1MQ1loaldxYVlwMXFXVExmMXZIcUxxWUxEYXVYSngyZ3VTWDVmb1d6VHg5MUQyMW10emVKN3ZNdTQ2clpwY1lCZjVsZGhfUWlxMFFja0dOV3lUelRaVTAxRlE?oc=5
Fátima do Sul,Educação e Negócios,Senai MS abre 2.475 vagas em cursos técnicos e profissionais - Campo Grande News,Campo Grande News,"Thu, 02 Jul 2026 07:00:00 GMT",Senai MS abre 2.475 vagas em cursos técnicos e profissionais  Campo Grande News,https://news.google.com/rss/articles/CBMivwFBVV95cUxOLWwwbUJwdTE2eVNjb194a1QtakdjYjVjanNMbExjdGpkWW1LS1VXYU04d0Q1aUtaMURneVJTV1ZHQTZJNGpLVGM4VEZpT0xYd3lPdXRKYmFLV3lfaHdua1pRV0ZVOWowcE40LWlQUFlva29OcnZGYm1TZjJwZTZMYWE0TGFxVlQ4cWc2dUcxRlR4LXRvMy10SE80d3JyQ3drOTQxaXFsMzdMcmNSeVd6dlNlNFVMamdDTGdBNko5VdIBvwFBVV95cUxQSk03a0tRYnZDZkJFekNrRDA1WllGRnNnQzhuWG9EMms4a0IwaW0tX2NCQmgyVnFCaXdXUW5ibEZrZlFOOGwtQlZTdTd3bFVxTDVpaVdwbUpFU1VaekNqMk9pcTFUX2luTjlSaFZwUDNvSG9OYWlIZ043eHZsblVsT0xPYkNscUViUGtPRS1wWWtwRTFfSFpDemtha1dmU3VLcWV1N2JTczhYN0dMYjdWOWNJTUFpWXV2Q3RmT29HQQ?oc=5
Fátima do Sul,Educação e Negócios,Corpo de Bombeiros divulga novo resultado da seleção para bombeiros temporários - Midiamax,Midiamax,"Fri, 17 Oct 2025 07:00:00 GMT",Corpo de Bombeiros divulga novo resultado da seleção para bombeiros temporários  Midiamax,https://news.google.com/rss/articles/CBMiwwFBVV95cUxOZHdRQVgzaklJd20tdFM1cUFkNFc5ZVR0TnZ3NTBqUGlwNXhJT1F0c0ZRQnBUMFFvaTVSNXRZODBwaDl4ZmxLVm1nbUhoNUwyeUZBYVExVkliUE54NU93S25Bc3gzeWNxcDhUMFBqcUdlUjNZMTRVMVBtMWdraFNNTkZCNGZQYTJLY3g1bzJDZWRHaVA2dXNwQlIydGhRdmFlY1pxYkYxQy15UmhGSHBqLThraW5zc2hvNC02cmZfdXgyN00?oc=5
Fátima do Sul,Educação e Negócios,Correios publica edital com 62 vagas para jovens aprendizes em Mato Grosso do Sul - Costa Leste News,Costa Leste News,"Tue, 21 Mar 2023 07:00:00 GMT",Correios publica edital com 62 vagas para jovens aprendizes em Mato Grosso do Sul  Costa Leste News,https://news.google.com/rss/articles/CBMid0FVX3lxTE1wVGdUekJvbk1Ic1pKX3hZeklBVGt1Z05jV21palRvdnk3LXF3OF8zcGlfV0FwYy05bHZsQlpvanVIaE1JWWhyQzczTHJ0NG5WRWhyVjU5bUd3RUs2VEgzMG5saXJKR2RtQ3lYSUtfd0pweTNwOFhZ?oc=5
Fátima do Sul,Educação e Negócios,Terceira semana de junho começa com sete editais abertos em MS; confira a lista! - Enfoque MS,Enfoque MS,"Mon, 16 Jun 2025 07:00:00 GMT",Terceira semana de junho começa com sete editais abertos em MS; confira a lista!  Enfoque MS,https://news.google.com/rss/articles/CBMirAFBVV95cUxPUXVIX21ENWhBSkFRUTNQZUZhb3ludDliUmd0SGdXeXpSU0o5NlBqMk5PNkpyOE84TjlrZDlNb2ZQTTlWRXRQYTQyZktlU3VmcWZ3dlg4QUVVdUVRam1VZVlsUllRMEdlQkZtNmdFbWZvMUxRWGJLWTVkOWpaWk5CeURKa0htYnE1dWFabE0yUC0wTzFlT0RTdU9DbmpKdlR3V0ZKVktVSVRGUlB20gGyAUFVX3lxTE1pTVZ0MFlMZkhnZzk3YnhfNlpndUc1QnEyaTRSVnNfZkNtUnRvTGlTRjE4M29tTmZzOHpxR2ZUSmNhQWtvelNTeldVd3I0WlZCcHZLV1hUZ0RSSmlSY3d6dFFxdnZZUncxTmpRUDVIUTdWQ3RPWi1FclNvOVNfbXl0cWFOc1o5MFBGa2NFbWcyeVZQeDY1NXd5aDUwN2lvQjFXNnNaRmZ1cl9DbHJNS3I4SFE?oc=5
Fátima do Sul,Educação e Negócios,Campo Grande abre seleção com 152 vagas na área da saúde - Campo Grande News,Campo Grande News,"Wed, 27 May 2026 07:00:00 GMT",Campo Grande abre seleção com 152 vagas na área da saúde  Campo Grande News,https://news.google.com/rss/articles/CBMisgFBVV95cUxOSnFxTGgxU2RXc3R2R0xieEF6Z1pjZE5fMEo3NmV0eTItZHJTUS12aE5hZnpZeDZDcFN0X011R0Z0dy1zaG5UM2toYXk3QmlIU0ZBY2tqNkJRekYwQ0g3eGxZT04tRVBadGlXLUhReDBtSlpPREtiVHhKUE0yeEtvY3AwSGpoeVRRQzFtYkx2bWU3WTJoUXlGbkdEdFN2QW9ycHRHcF94S3Fjby1mRGhGZFpR0gGyAUFVX3lxTFAxNnFaOXIzeTlVU2ZXNVFjS2E2VzJBenh2TEItd0dkamVlajlMaVpmR1RtUnNQSThwTENfNkN4VWdub2hDTktadjd6dVNhTG5taWI0eXF6YXIweUU3WEc1amtCeGdJenhkaVNGYy1xc3oxX256Slg4SmR4Tzc1MjVPSWQ1dm1SRXQwS2VPMmJyYXBTMXZ0UEdVTVJuZjRBUFJPbUdscTl0d3Z0M20wNzNrNlE?oc=5
Fátima do Sul,Política e Institucional,ALEMS vota nesta quarta-feira projetos que ampliam ações de saúde e segurança - Notícias em Rede,Notícias em Rede,"Wed, 23 Sep 2026 10:12:03 GMT",ALEMS vota nesta quarta-feira projetos que ampliam ações de saúde e segurança  Notícias em Rede,https://news.google.com/rss/articles/CBMivgFBVV95cUxPTEZ2MkNtWmlVZlhZSVM0Q21WbldPYmJ0V0ZzUzllUDNNbDRLcko4N1pLdHd5Mkl3MmY1WV9sZHFFNU9yeTZ1Ykh4N3FJVEdlQUFKcmxNRlZRQTVFZkVIMjlNSG9XSHlXTW5kc3h5Q3Bjd2ZGaExUMjJtOU1pdGlueUVvZzl4T1RIaE1OQ1g0Q2dHVkRHZnlZSlVwNE9zZGd0aFRVZGEyWXNRQlJWLU5fYWdaeDZOSlpNWkE2bjRn?oc=5
Fátima do Sul,Política e Institucional,Lei: Reconhecida atuação da Associação dos Brigadistas em Fátima do Sul A utilidade pública estadual foi concedida em norma publicada nesta manhã - ArapuaNews,ArapuaNews,"Mon, 28 Sep 2026 15:00:00 GMT",Lei: Reconhecida atuação da Associação dos Brigadistas em Fátima do Sul A utilidade pública estadual foi concedida em norma publicada nesta manhã  ArapuaNews,https://news.google.com/rss/articles/CBMigAJBVV95cUxQeUVQbGs3d0hSZVJTQmVlNWo2ZU40ZzBRU2J4ZVVlZFhPb2E1eGs0QWJtbE5aYmY3V3pvejd6bnY5RkVWbUp2cXdab1NCM0EwVU1fSGhIM1otLWRSYVlpaVVmTS1OZEd3dVFjb0o5OEg2a3Y5dmtOTUROY1NtdVU2Sk1QTEpHMU9Ud1RfZWRMZV9Uc01qbzFxVlM2QktkT0dCTEtweHo5a3dEbHZZRVB2UFBQZ0xJTGVMcWFrTGllVkhRczdHNnVGNHVKSFRuVzlLVEFyVEl0MTNuOEpWU0QxRWJiaEYzV2JHeFU3Smk1ZTh4eHdCd1pFUi1MR1lQbzdv?oc=5
Fátima do Sul,Política e Institucional,"Previdência de Angélica que investiu no Master é autônoma, diz prefeitura após operação - Midiamax",Midiamax,"Wed, 27 May 2026 07:00:00 GMT","Previdência de Angélica que investiu no Master é autônoma, diz prefeitura após operação  Midiamax",https://news.google.com/rss/articles/CBMiswFBVV95cUxOZXlLajhMb3lqSWNKMTNKUC1CSlN6Y0hZOVZVSV9Dcjh6MWZPakJEMnhIZTk2eHFnTjZvUlNfRm12cVRLdENvbFlwR0hEVGxRT2MybGt1VXlsdndJaDdyVHVFWU5YeFo1MFBSMTZYSzQ3Um5qazFxTUE4RFo4akwxWG9MdnVUaEtpWmlhMmxjaUJRbkdnR3U3X19UMlBZSWd2azN4S0Y0UDU5UGZLQUFfU1JaNA?oc=5
Fátima do Sul,Política e Institucional,"Em solenidade de troca de comando do 3º BPM, Marçal destaca avanço histórico na segurança - Dourados News",Dourados News,"Wed, 10 Jun 2026 07:00:00 GMT","Em solenidade de troca de comando do 3º BPM, Marçal destaca avanço histórico na segurança  Dourados News",https://news.google.com/rss/articles/CBMitgFBVV95cUxNZFhONXRKQ1RjdXJnTE5MdVdYTGtOd2h4V0VSdUlXSXpndnhVQ1FmQ1habVFZaC1hUlpCMjB4Wk91aFdBVldGc2kxT2xPdXhiN2NaYk1HYkVYWm5fRUo5WDFkN2tNUzBMcGtnUFBOYW1BYVNseVdnN1RKRjJvaVk1M1hVX0dmdzZxSkVTUlFyMjQ1c09MamxNR3NxcTkyLVJUM1hrNnRIbmoxMzZnckZQcFA1cWo1Z9IBugFBVV95cUxONHhpS1oxQjZISF9QTmdXX1liTlVvQjZ3U0RPMi1NSXFXOWdXTWJ5NHVHSFU1djhJWU5jS2ZzRGRIcU1CUlMwTkJmcnpaOVRDM3d1VVBxMUtQazhtcE0zLWNVZE4tbVl4emJEdllZQWZOVVhMMkF4cHZNUEJ6M2xDTGpPVmJaVTZOVElybW1oUnRMUTllTE0zRTByV1JYZFdQN1ZBVmhWNEJMOEVWWEtiOFJNSllNVG1BWmc?oc=5
Fátima do Sul,Política e Institucional,"Falece Dr Nelson Kawamura, médico em diversas cidades do MS - O Pantaneiro",O Pantaneiro,"Sun, 26 Apr 2026 07:00:00 GMT","Falece Dr Nelson Kawamura, médico em diversas cidades do MS  O Pantaneiro",https://news.google.com/rss/articles/CBMisgFBVV95cUxPeDJubUxUUkVPbzg4Y2c2TDJONmZka2xObkpfMmhNbHJZTzNJZDBDMUpyUjBUWXZLc0YzTDhmaFZrUnlDMmdLc01TMTJyaURRaEVab1ZKcUx0anZHeFIzS01RZTh5ZEZDRXphXzdrSUUzMjgyTHFyUHBBZGdOUzgydHltNml0aG9xcUM4b0xQa0VaN2hJaXNabE9iR2lmYXpwcFBSajdreTRJRmpJWUNlZ1B3?oc=5
Glória de Dourados,Social e Cultura,"Segunda maior cidade de MS com IDHM 0,747 e dona da 3ª melhor qualidade de vida - Correio Braziliense",Correio Braziliense,"Sun, 27 Sep 2026 17:30:00 GMT","Segunda maior cidade de MS com IDHM 0,747 e dona da 3ª melhor qualidade de vida  Correio Braziliense",https://news.google.com/rss/articles/CBMiwwFBVV95cUxNRUxGb1pqLUZtb19QMWdxcHBLNTE2VzZZLUxWa0I3d2oxRWpuRzdtbEtCYUJzd0ozSmIzNVViN0lWcVUyVnp3TUp5UnZHTDlCR0tDeVlnM2pMZ19VSWh2aTlHdDNNdnNnaW0zWjdEMGZhVnRuNU9RTUJSVnhQd2Qxc3pRd0p1V0xCWTNrYmJGUHRKVE5UYXVJa3h3cEt5T2dpdEpHNWpNNmk2ZzBsNDcweWhIS0tMb1ZOV0lSeUhrcGlJSW8?oc=5
Glória de Dourados,Social e Cultura,"Perto do Paraguai, uma cidade universitária cresceu 24% e se tornou escolha de quem quer combinar oportunidades acadêmicas, serviços e mais qualidade de vida - Correio Braziliense",Correio Braziliense,"Fri, 11 Sep 2026 07:00:00 GMT","Perto do Paraguai, uma cidade universitária cresceu 24% e se tornou escolha de quem quer combinar oportunidades acadêmicas, serviços e mais qualidade de vida  Correio Braziliense",https://news.google.com/rss/articles/CBMiqAJBVV95cUxOclVLOUd1U2dFR0RFcklLYVdEYUtkSjVWLS1Oc293ZzJheXc4NjhkMkRJY2FvUXdldnE0dnAyRlJLRTBfRE1rZHg4TV96aWJmSlllMzVQNHVjaTl5LUxHUUJnUGlZMHBRTmtlZExVMlpsejZaSkU1ZnlOU3lXWmJyMTNEcGZ0NnlqU3B4dko1UzVaWTJxeV9DclZjVFprQl9SUi11TVNycWVBWmZsLVRzdnhHaGo3eUdLT05jeG83VjRBaDloaWwxTnl4WTVNNUNHMXlaT0d1T2NwQ2VFbXZZb0lJTkwybGNsSmVyNzFmaDVXQ1JxQ3dkSVJzRXo4anJ1NU5OMWRnOERwbkNpaTNHYkZxYzdCM0ZEcUNYYzQ0bWhjMUFQQXdXVw?oc=5
Glória de Dourados,Social e Cultura,A cidade universitária próxima ao Paraguai que registrou crescimento de 24% e virou destino de quem busca qualidade de vida - Correio Braziliense,Correio Braziliense,"Sat, 20 Jun 2026 07:00:00 GMT",A cidade universitária próxima ao Paraguai que registrou crescimento de 24% e virou destino de quem busca qualidade de vida  Correio Braziliense,https://news.google.com/rss/articles/CBMi_gFBVV95cUxNRDBfV2xxbGVDaEx2bHVSX1E5dU53UXZyMWJlM2xXYUZfa216LWJmZDkzbmxGd2Y5MWFQUlUyNUZhT0NKUUZYdW1lc2MtRUFhaUFIcjlrZzlQVHEzM1hJZ2N0ZDVSZUdDelp6SUF0Q0xRVTg5b3FpYVZjY0NpNkFnUjJxOGdNTUlhZllvZlkzcEd2cl9rcERkelVkUTgxMHlHWmhmVm9qN2VPVGtWMWUtSEdlN1BaM3FwNlUteVZUZ083bDQ4bHR0WU82b0thUFRVeTlZcWZaWWtOOF9tbWdOM3k2MWhjXzdnOFR1TUJRallCS3NGWk53MEs2ZXRGUQ?oc=5
Glória de Dourados,Social e Cultura,Festival de Dança Coreografada da Melhor Idade define campeões - fundesporte.ms.gov.br,fundesporte.ms.gov.br,"Fri, 05 Dec 2025 08:00:00 GMT",Festival de Dança Coreografada da Melhor Idade define campeões  fundesporte.ms.gov.br,https://news.google.com/rss/articles/CBMingFBVV95cUxOejF5QU42UU41bFdMVmxDbDBBbDNSMFVkSTZYRHcxb3ZDVGF1OUw2NmN6ZEFQN1g0MkFyN251VjV1Mi1ldW81SHN5VnFYZnhEVDhNT2tzdnZpT3F5VGFMVnhSSEl2bVNfc1FCRkE3SUtlbVFwbW82WUp5MFM4d3JlSTJ6dUlxaGNLMWR2Ry1fMW5DMHVMa3dRMHhXeGVHUQ?oc=5
Glória de Dourados,Social e Cultura,"UEMS lança Pantanal Tech MS 2026 com programação que integra ciência, produção e qualidade de vida - uems.br",uems.br,"Fri, 17 Apr 2026 07:00:00 GMT","UEMS lança Pantanal Tech MS 2026 com programação que integra ciência, produção e qualidade de vida  uems.br",https://news.google.com/rss/articles/CBMi0AFBVV95cUxOSHZ4U2VxamNSZlNXZnRGZFM3TjUtTHlPUVIybkxxRldfNnZCNXE5X2U2VUpLY2JUdG9MTlZwanh0UVp0bFY2Sk9Zb1Q0R292RHZCWnRGdzBLVTMyTUhnRE9lU1Vka2dHcTJLeWlRd3FJTEZFdnVHQTVtVldFRlRERUNtRXFZSTNiMjI0UlJ6M041VTBidFJmdWM2QUQ4SzFEX01DZHhWeFY2QU9VNnNQei00OEpWdGNrQXliS2FVMWVRMy1KYTM5RDNDWUE0R2FE?oc=5
Glória de Dourados,Educação e Negócios,Educação que transforma: 100% dos municípios de Mato Grosso do Sul contam com ensino profissionalizante - sed.ms.gov.br,sed.ms.gov.br,"Mon, 04 Aug 2025 07:00:00 GMT",Educação que transforma: 100% dos municípios de Mato Grosso do Sul contam com ensino profissionalizante  sed.ms.gov.br,https://news.google.com/rss/articles/CBMiygFBVV95cUxPQTNEMHljRDFseU5TVmlGZ25lQVM2N3dmaTVrV1l4eVBBUG9oVl9iSW9JQ01CX29Yd0RHSHYzS0pVdTFmMTJ6eXZFOEZPaHVqVTNiZzFqVDZma0lIWE16Y2xuMlF0SG1PTEZpSFZWSGRfY3M3cVN0UXFNanhiUGZ0YldaX2xvQnUtV0xYNUI3T3ZFcW9VR0RhcDhRcHZWcmw3YThuRk9sVnZ3UlZNbk50VFBFRUJoX2k1eGpRRGpMc2RrR3ByUnVOa09R?oc=5
Glória de Dourados,Educação e Negócios,"Em Aquidauana, UEMS oferece 104 vagas para 4 graduações - uems.br",uems.br,"Thu, 03 Oct 2024 07:00:00 GMT","Em Aquidauana, UEMS oferece 104 vagas para 4 graduações  uems.br",https://news.google.com/rss/articles/CBMilwFBVV95cUxPZTlueUFxbERDZnZOSmhpS0VUczRxdVRsaHN5UjJtYjBON1J2M1lhTEZidVNVT2NMOElfclVuNXVzYV9rXzMwZVhZYms1LVdsUXRpNWxabHp6LVlVTWMxRXptYWlvRE9lVnMxdFNjTWRVTVVGb2RaallfWUQ2VkRYeC1DLVVrdTZBQkd0TEZwZTIzd0JjamRv?oc=5
Glória de Dourados,Educação e Negócios,Senac em parceria com governo de MS oferece mais de 50 cursos gratuitos para qualificação - Fecomércio MS,Fecomércio MS,"Mon, 20 May 2024 07:00:00 GMT",Senac em parceria com governo de MS oferece mais de 50 cursos gratuitos para qualificação  Fecomércio MS,https://news.google.com/rss/articles/CBMiuwFBVV95cUxOTGNsclJ0WG50dnNCRHBqTFRUR0JSZm9WZU0xVGlhbGtXWF9RNzZHbXIyNEdUSEtWZFRqZGlwT1VPNkZMWTZ5S2wzZ2lTY1Fad1Y2ejlYR3pHY0YtWUZjOUxaaF83X01KQklWUE1MUS1oTkZqRnhNazBISnB3S21qdE5GTE45MnJaNVpBR1BBUlFzaEVuLWlWVm9lN0U0VTdDbGdIM3VBOGZQUGV2S0R4N1hhR3ZQTlVNWFJj?oc=5
Glória de Dourados,Educação e Negócios,"Processo seletivo para analista aberto em Campo Grande tem uma vaga com salário de R$ 6,8 mil - Midiamax",Midiamax,"Sun, 27 Apr 2025 07:00:00 GMT","Processo seletivo para analista aberto em Campo Grande tem uma vaga com salário de R$ 6,8 mil  Midiamax",https://news.google.com/rss/articles/CBMi4gFBVV95cUxPT0gwazVuMDhZdXlSa3gxQlpiOVJZU2tKUHRPRDRqNEdVM0hIM1R3Q3RNbVVCdlpTclVtSGdTVHhkT3pLNWdZTWstVUxxMFFWa3piSDRCLU9FcGo2OWluTDh6OWU2SDFpZ1ZvVGJCODRWOTN3Smlzd1FUYWVnejRlNXk4OXg1TWFkRm8tdmhGTXV4QUNFRjJxZU9sa1JnV1FSem14ZzJJM0dHWHFvdjg4dmU0YU9sZm5TTTVQQUpkX0Z3eEd0N0wxQ05yaTQybU1WWG9uQkdSYUFacF9MNHNuQkhB?oc=5
Glória de Dourados,Educação e Negócios,SENAI oferece 60 vagas em cursos técnicos gratuitos em Aparecida do Taboado com auxílio mensal - Rede Jota FM,Rede Jota FM,"Mon, 20 Apr 2026 15:21:42 GMT",SENAI oferece 60 vagas em cursos técnicos gratuitos em Aparecida do Taboado com auxílio mensal  Rede Jota FM,https://news.google.com/rss/articles/CBMixAFBVV95cUxOaHRSXzNwREhYM0JMZzRJbG9ZSVROZ0FoZ1lZWGFzSVNoWFhnNmNJU004TzVvdHJfM1M0RUZQbjV1YU1tbE9ieGFzMHNkV1JFTjhxTjgzWmo4U0NWY2pENmQ5MnJoX1ZRSWJjN1dGTnJkT1Q1amVDU0ZrVnpCT09lX0RmSnB6ZlJxaG44cmZ3d3ZVaTlKRXpkMmdWRWdRV0M0R1dhYW82T1NYVEZTY0NMdlZ6b0pwZ2FZLTZTYTJBR1ctUGNi?oc=5
Glória de Dourados,Política e Institucional,ALEMS vota nesta quarta-feira projetos que ampliam ações de saúde e segurança - Notícias em Rede,Notícias em Rede,"Wed, 23 Sep 2026 10:12:03 GMT",ALEMS vota nesta quarta-feira projetos que ampliam ações de saúde e segurança  Notícias em Rede,https://news.google.com/rss/articles/CBMivgFBVV95cUxPTEZ2MkNtWmlVZlhZSVM0Q21WbldPYmJ0V0ZzUzllUDNNbDRLcko4N1pLdHd5Mkl3MmY1WV9sZHFFNU9yeTZ1Ykh4N3FJVEdlQUFKcmxNRlZRQTVFZkVIMjlNSG9XSHlXTW5kc3h5Q3Bjd2ZGaExUMjJtOU1pdGlueUVvZzl4T1RIaE1OQ1g0Q2dHVkRHZnlZSlVwNE9zZGd0aFRVZGEyWXNRQlJWLU5fYWdaeDZOSlpNWkE2bjRn?oc=5
Glória de Dourados,Política e Institucional,TCE-MS participa de lançamento de Programa de Compliance em Glória de Dourados - TCE-MS,TCE-MS,"Tue, 28 Apr 2026 07:00:00 GMT",TCE-MS participa de lançamento de Programa de Compliance em Glória de Dourados  TCE-MS,https://news.google.com/rss/articles/CBMixgFBVV95cUxPb1dSM2xpUm55UnB6QW1TazVwR05qeEp0VmNMd0dTbU5NTlFTbVZwdWhiUFk5eGdWT1ZNbjhXTDRuZ0NmZDMyVmhvODNfWlJXQ1A3Mm1HQ1I1STgxOTBUd2ZXWTVOcjlFYWd0cjVoeE1ZVXpjbEtZMkhESmdnTnRFQVZfUFNkcUVXanNjckFvRTRsNloxeGZfdkJaczJFajk3dUl3VV9HcDV5M0dna1FDdTZZU1F2bVNwMDBVY0o3Z2NubHlhVlE?oc=5
Glória de Dourados,Política e Institucional,MPMS cobra Câmara de Glória de Dourados para rescindir contrato de advocacia com ex-vereador - Midiamax,Midiamax,"Mon, 31 Aug 2026 07:00:00 GMT",MPMS cobra Câmara de Glória de Dourados para rescindir contrato de advocacia com ex-vereador  Midiamax,https://news.google.com/rss/articles/CBMiswFBVV95cUxQbFFwY2wzLTBHNlZQM1BjbkpZZmQ2dVB1N3V6djhlYklFcVhJQTZMRG1fNEg0U091SndVcERMQmdlYmI3WkFaMTlCUENScDRXQzRlN1YyNVFSMnVRN202eTgzcG5MU1YteVpKRGx2SGZyQUdfaGxDMmtSaDBaS0NQcDQtQVZQaFhMTFZwaEFteXZiTjlZZ19oSVRyMTBtSXFLOWk0bGlLV1c5UTNRcEVnS2pJMA?oc=5
Glória de Dourados,Política e Institucional,MPMS apura possíveis irregularidades em dispensa de licitação em Glória de Dourados - Rede Jota FM,Rede Jota FM,"Tue, 05 May 2026 07:00:00 GMT",MPMS apura possíveis irregularidades em dispensa de licitação em Glória de Dourados  Rede Jota FM,https://news.google.com/rss/articles/CBMivgFBVV95cUxQSG5tcnVaTnp4RDBQRk5kNVNab1NTdFNDTGNtWUhPazdwZnZ2QTgyWEZmdlNLczkySk9xSW5hbjBxWkNmb0JnU1cyZjFwQ00yNk0yZklVZGdYX28yYXBiUlVFeERLRHV4WUJuekhweEs4NnJ5b2NNS1BYM3ZKZUtBR3cydFQwcWlwTnN0QkFxUjY3Vm53TFVLUnhkaTZWa0NoSTFLeExBMmtMNGl0QkNVMGFkYnQ1OWpqcFdHX2VB?oc=5
Glória de Dourados,Política e Institucional,"Polícia Civil inaugura a 53ª Sala Lilás do MS, em Japorã - pc.ms.gov.br",pc.ms.gov.br,"Fri, 24 Oct 2025 07:00:00 GMT","Polícia Civil inaugura a 53ª Sala Lilás do MS, em Japorã  pc.ms.gov.br",https://news.google.com/rss/articles/CBMiiAFBVV95cUxQQlpya005cXlFb0RtSFNMYnlTR3VIZFA2SlVlUk9pM09kUm1xR2dEeWk5VXZaUEFna2I3akpPb05OaUFySXhhVUlYekl4SG5DXzRzaGNiYTZpelJiOWpKU0JTZ2xrR3lNNzgxbjg4ZVktX290WnpuQlJySUVyb0E3R0s4ckFvTVR4?oc=5
Iguatemi,Social e Cultura,Festival de Dança Coreografada da Melhor Idade define campeões - fundesporte.ms.gov.br,fundesporte.ms.gov.br,"Fri, 05 Dec 2025 08:00:00 GMT",Festival de Dança Coreografada da Melhor Idade define campeões  fundesporte.ms.gov.br,https://news.google.com/rss/articles/CBMingFBVV95cUxOejF5QU42UU41bFdMVmxDbDBBbDNSMFVkSTZYRHcxb3ZDVGF1OUw2NmN6ZEFQN1g0MkFyN251VjV1Mi1ldW81SHN5VnFYZnhEVDhNT2tzdnZpT3F5VGFMVnhSSEl2bVNfc1FCRkE3SUtlbVFwbW82WUp5MFM4d3JlSTJ6dUlxaGNLMWR2Ry1fMW5DMHVMa3dRMHhXeGVHUQ?oc=5
Iguatemi,Social e Cultura,"Cine Sesi Cultural finaliza 3ª etapa com 101,6 mil pessoas em 32 cidades - Agência de Notícias da Indústria",Agência de Notícias da Indústria,"Mon, 12 Nov 2012 08:00:00 GMT","Cine Sesi Cultural finaliza 3ª etapa com 101,6 mil pessoas em 32 cidades  Agência de Notícias da Indústria",https://news.google.com/rss/articles/CBMi2AFBVV95cUxPb2s0TFZTN1VsNUxCcm5kdFdhMzBnMjJIdWFITFkxa0Iza0Q0SGlMem9TeGdkU2FDeHZZUE1WR3VxVGV0T08temhMVmRwempUbW5Cdm9YN3N0aF9zYUJNZkVTTzRmbXlZc1NhZmtGUE9CbG0zblRyejhPbU5Va2ltdUU5TlJ2Zy1Gb3VJdU9oY1hSN0pBdy1ua1ZETFkxb0VfejFNLXctS0VIekNYQWNYYnBiQk5QRDJoV01uM3NRNHUxOTZyTWp0NkUyLUw3T2JhTzNlazRJNDU?oc=5
Iguatemi,Social e Cultura,"Cine Sesi tem 2º maior público do ano em Bonito com 4,9 mil pessoas - Agência de Notícias da Indústria",Agência de Notícias da Indústria,"Tue, 25 Sep 2012 07:00:00 GMT","Cine Sesi tem 2º maior público do ano em Bonito com 4,9 mil pessoas  Agência de Notícias da Indústria",https://news.google.com/rss/articles/CBMi0gFBVV95cUxQNHRsNkdrcS1vTGxMOUFyR0d1UmtSc0ZNZ1FEN1ZhZHNSRzh0XzBsUml5MENpYVZ2RXcweFdEMHh2cFBZbEYxMU5iV1k5Z3B2cmlLU0QzRDZtbGVFWkpQcmwwb2UtaUZXMDRZTm5QUlNBOWJ0azBnV01zbjNvYmRWcHZKbkRYN2doRElyZHNRQUFjMlBiUDJERWRQN1ROOHZUVmExUkJLZm5HWmFDNHNMQ2xVdktYd25hZ0ZKbnBPTEV3REJIWFlSU3ZlVE0tM05pN3c?oc=5
Iguatemi,Educação e Negócios,GIRO FUNTRAB DE NOTÍCIAS – 03/06/2025 a 16/06/2025 - funtrab.ms.gov.br,funtrab.ms.gov.br,"Tue, 17 Jun 2025 07:00:00 GMT",GIRO FUNTRAB DE NOTÍCIAS – 03/06/2025 a 16/06/2025  funtrab.ms.gov.br,https://news.google.com/rss/articles/CBMihgFBVV95cUxOdThvX3U3ay1qR2dRN04ydUZIM3JZRWVqWU53Yzc2NFlFSWVfbmFHRnlGRkpHbmRaUnNKUDB6SWlIaGZLZHViV0xvNW1QSlBfRVRORHFzMDRuMGlrbmhmZFpacFpLVWt6QzJTMThTMzlCV2hvYVF5eDE3WHhFeWw3RXBHamc2UQ?oc=5
Iguatemi,Educação e Negócios,Metrô Bahia anuncia ação de cadastro para vagas de estágio e jovem aprendiz em outras empresas; veja como participar - G1,G1,"Mon, 08 Jun 2026 07:00:00 GMT",Metrô Bahia anuncia ação de cadastro para vagas de estágio e jovem aprendiz em outras empresas; veja como participar  G1,https://news.google.com/rss/articles/CBMiygFBVV95cUxQb2hJZkU2ZlJGR3V0bUF4YVZYTFkzUXZUa3I1MWZDaVdVQV9pWWg0anBJMVhiX3pqY3NxbDJGel9qSDRBN2oyQkpJSTZ5bEVZa0d1RUNremdGOUZiQVpyTGVOMm02aXFjWWV2b05KQTBhc0NDaEQ3bE9vZHRDUE1OU3NveGhzVmI4UnJIZHhLZURhWE5XR0ZJNmFwbmkyS3F0R1NRUnFaYkpFVFE2bE1UMmlzTkloOXBKdUpudXpFTDVUeXNRMnhEbmln0gHYAUFVX3lxTFBDeHdFSUFYa0VCS2ZDVkR3ZTk3aDIyeWJyX2hQZDAwVDktdzNhWlhnUEVXMHdWUjB4WnZoYm9nZWJVb0JBWmZHbnRubmdNOHRBVGUzQ1A5dkFQY21zRTNYR2JKcVhXdTRVWTc0MnEtSFVLOG9BOVU1WHZmQUlBQUk0Q3hGdXhjWVdRWFI5TDdYdkl6c2VKUThnWkdWdDJ2c2twV2JiZG01QmkxT1pSY2xBbmNROVVLS1RBR2gtMVEtVGhXM1BQeFpYWGN1a0tuejJnWEZKRHlaRA?oc=5
Iguatemi,Educação e Negócios,GIRO FUNTRAB DE NOTÍCIAS – 19/07/2025 a 29/07/2025 - funtrab.ms.gov.br,funtrab.ms.gov.br,"Sat, 19 Jul 2025 07:00:00 GMT",GIRO FUNTRAB DE NOTÍCIAS – 19/07/2025 a 29/07/2025  funtrab.ms.gov.br,https://news.google.com/rss/articles/CBMihgFBVV95cUxNOHBuSjhObGNFM3VINTBfUW12S3ZIb2hWZ25wdGZxWWdZT29VQjZoYUE3VE4yNzhZZ3ZRVFRBTjlESTNlZTdtbmwyY3RIa0N3VklscllrbTZjVV9JdVplQjM0dDlWc1VJNGVndEJwZy1wV0Vzb0Z1T3hIMjBheTdxczN1QjI2UQ?oc=5
Iguatemi,Educação e Negócios,"Vagas temporárias, de estágio e jovem aprendiz: veja oportunidades de trabalho abertas nesta semana - G1",G1,"Tue, 09 Jun 2026 07:00:00 GMT","Vagas temporárias, de estágio e jovem aprendiz: veja oportunidades de trabalho abertas nesta semana  G1",https://news.google.com/rss/articles/CBMimAFBVV95cUxPOXZyaW1WQU9kMFdobGJnclRHakItZEpCNC1KQUhVWHkxbkRkV3JVVlNyc05hWXktSkF0Qk1JRHRvWHoycWJaR2FNWFVmMk4xMV9iMFlSNWtLcjA1MUxUeDFwNC1HcVIxY2t6R1FZSHdSYkhQWWhPVmdXRXBCeUdEcnlCNml3UjhBWC1kSXpCUHIwOEZrQjVYetIBpwFBVV95cUxPbi1UWUFJTmNvMVM4bnRxQkE3eXpZOHM2ZGo0QTQ1V0lidm5KdjNhWHZESkxremQ5SExMakk0MnZrdVU0MGFBd2JyaUdoRTBXSWFLMVAzTEpyc0k0ZkVxRGdkQXluUGJmV0lLc29SMERTUFlpbjR1dlVINmZ6WXlVZlZZbEFYYlhHSXdMTXRjMVBEamhHY3p4U0l2dDJiRGt1R01XMHdkVQ?oc=5
Iguatemi,Educação e Negócios,Empregos - horacampinas.com.br,horacampinas.com.br,"Fri, 26 Mar 2021 09:26:55 GMT",Empregos  horacampinas.com.br,https://news.google.com/rss/articles/CBMiTkFVX3lxTE9XbkNCQ2JMLWlObzhzR2FKOGc2dWQ4NmZhdmVfb3Z2YzI4NUQ1dzVDd3ZUdFNjMTIyaWdZOHJqdjBxd3hYT09Id2swX3ljQQ?oc=5
Iguatemi,Política e Institucional,Iguatemi e Japorã recebem obras milionárias para saúde e infraestrutura - Midiamax,Midiamax,"Thu, 14 May 2026 07:00:00 GMT",Iguatemi e Japorã recebem obras milionárias para saúde e infraestrutura  Midiamax,https://news.google.com/rss/articles/CBMitgFBVV95cUxQeXV0MkFRUi1OM2p0RjNUcURiLTdCLV9CVF9oU0l2dFNqWVF1M0Q1UkZzWDZMMlp2S3B1anM2YVBLWHRGS29FUzdKdUtySnNyZFFsdlNqMnhMTmo3cmlRejc0V2FZc1dhSzJLV05qZmlhT3hFMDNKU2h3bmJNam56REstYk9GdjhwMVhyUHRGdXFaemdKSXpJS3BYd3ZQeWNXTWVyalNuZ0FqRDZnWmp1UG8zQ29ZZw?oc=5
Iguatemi,Política e Institucional,Acordo que anula concurso da Câmara de Bonito e devolve valor da inscrição a candidatos - Midiamax,Midiamax,"Mon, 15 Jun 2026 07:00:00 GMT",Acordo que anula concurso da Câmara de Bonito e devolve valor da inscrição a candidatos  Midiamax,https://news.google.com/rss/articles/CBMiwAFBVV95cUxNMkswMUNBeGJTc0dXWExTSWVCR3hyYWdyUUsyQk85OFE4OUpsUlFYMEVXc3RoZTNoU1JzclZxc1pmdEVSdE9hSnJUQ3BYZXhPNHdiTHd4QlRpQlJ6a0h1ZUM3MzdSWnMzM1NsdUp5NlZ6XzFQOE5mcmN1YV9HOGpvbzF5Y2FGbWNQY2FVLTFOZGtNWVVBZTE5VHNuVkNmSk5wNXJscU43Z3dLT2ZGQTEzeHo3cU9neHRFY2VfNkk2Qmk?oc=5
Iguatemi,Política e Institucional,Prefeitura de Iguatemi MS abre processo seletivo com 17 vagas em Assistência Social - Qconcursos Folha Dirigida,Qconcursos Folha Dirigida,"Sat, 24 Jan 2026 08:00:00 GMT",Prefeitura de Iguatemi MS abre processo seletivo com 17 vagas em Assistência Social  Qconcursos Folha Dirigida,https://news.google.com/rss/articles/CBMitAFBVV95cUxPRGtpa1Q1b2VCdHJlRzgydGVuQ2VCMlB5WTBZaHlyUW1OaThUbTdIUzRlUzBmbi1raXA3a0J1MS1jZzZjQ3BaYVlyTElrc0ExcGRqb0pjSl9Xc0tQdDlaT1Q2NWVkT0FuV2k0T3cwNU5GNUxGVms1ZUI2bmFvNUtHMWUwQVJ5dXZna3JLWC1wazZzT0pBb1FGSENFV21OX1hRaWhPRG14dkl5QlhsTVVkNUh0YnA?oc=5
Iguatemi,Política e Institucional,"Polícia Civil inaugura a 53ª Sala Lilás do MS, em Japorã - pc.ms.gov.br",pc.ms.gov.br,"Fri, 24 Oct 2025 07:00:00 GMT","Polícia Civil inaugura a 53ª Sala Lilás do MS, em Japorã  pc.ms.gov.br",https://news.google.com/rss/articles/CBMiiAFBVV95cUxQQlpya005cXlFb0RtSFNMYnlTR3VIZFA2SlVlUk9pM09kUm1xR2dEeWk5VXZaUEFna2I3akpPb05OaUFySXhhVUlYekl4SG5DXzRzaGNiYTZpelJiOWpKU0JTZ2xrR3lNNzgxbjg4ZVktX290WnpuQlJySUVyb0E3R0s4ckFvTVR4?oc=5
Iguatemi,Política e Institucional,Dos 14 aos 24 anos: processo seletivo para jovem aprendiz tem 42 vagas - Primeira Página,Primeira Página,"Mon, 23 Feb 2026 08:00:00 GMT",Dos 14 aos 24 anos: processo seletivo para jovem aprendiz tem 42 vagas  Primeira Página,https://news.google.com/rss/articles/CBMivAFBVV95cUxNMksxWDJnSnR2dFJDYWlkZ1ZmMFEzSkl0YW1BNVV5N2Z2VEU5ZDdmVmFwX2tSeGJsai1IaVdDclNSYTQ2azhSem9hVWRsWFh1U29ydkVDZl83dkR4YXh6M0tOcjZtU0tOeWMzM1ZUVDl2YmZUdnRoYktmOTZHdEdLeHFEYTR1MFIzYmdvaHlIUmlMY1R3NFpWcFMtZzF5NGJtLUttZTJPcTVmXzVCU3pDMnljWFFtVVVoTW02cg?oc=5
Itaporã,Social e Cultura,Projeto Artesania fomenta cultura e geração de renda no interior por meio do artesanato - fundacaodecultura.ms.gov.br,fundacaodecultura.ms.gov.br,"Fri, 30 Aug 2024 07:00:00 GMT",Projeto Artesania fomenta cultura e geração de renda no interior por meio do artesanato  fundacaodecultura.ms.gov.br,https://news.google.com/rss/articles/CBMixwFBVV95cUxPMS1CRmJSdnVlZS1ZMWtrd3R5ZDctSnhNVlFoeUlsQ1FXUGlYMW93cnhseVRlVTRwclVEQWVvZWZTTmlndEFHaVBLeGswdjMzRjF0NVl2eDMxeVd2Sl9jWVpDZlRmM1dXblZIdEpDbnoyb0RVa2d6aVNlQnRBdG4xSklkMkFBNzVERkNmcjRsQ2VaSDJINEE0emJXQUx3WE1kZWRyTEtscDZzZFlwZmFpeHM2S2lzTmw4d1hWSDBwalRyOXVzbHRj?oc=5
Itaporã,Social e Cultura,"Cine Sesi tem 2º maior público do ano em Bonito com 4,9 mil pessoas - Agência de Notícias da Indústria",Agência de Notícias da Indústria,"Tue, 25 Sep 2012 07:00:00 GMT","Cine Sesi tem 2º maior público do ano em Bonito com 4,9 mil pessoas  Agência de Notícias da Indústria",https://news.google.com/rss/articles/CBMi0gFBVV95cUxQNHRsNkdrcS1vTGxMOUFyR0d1UmtSc0ZNZ1FEN1ZhZHNSRzh0XzBsUml5MENpYVZ2RXcweFdEMHh2cFBZbEYxMU5iV1k5Z3B2cmlLU0QzRDZtbGVFWkpQcmwwb2UtaUZXMDRZTm5QUlNBOWJ0azBnV01zbjNvYmRWcHZKbkRYN2doRElyZHNRQUFjMlBiUDJERWRQN1ROOHZUVmExUkJLZm5HWmFDNHNMQ2xVdktYd25hZ0ZKbnBPTEV3REJIWFlSU3ZlVE0tM05pN3c?oc=5
Itaporã,Social e Cultura,"Neno Razuk destina R$ 5,3 milhões para cidades do interior - capitalnews.com.br",capitalnews.com.br,"Wed, 09 Jul 2025 07:00:00 GMT","Neno Razuk destina R$ 5,3 milhões para cidades do interior  capitalnews.com.br",https://news.google.com/rss/articles/CBMiwAFBVV95cUxPaEhnUG1TSmFvaGwwMF9SZjBDaDk3OFZVbEN6cHZYWlhLc3pUeGNmZkJrOHpqRXpvOVpHaVl6d2thelpXUUptTmVPT3Y5ZGo5c2RjUFh6bUZOUTg0WTV1M1ZoN2ZWS2d0QkFxblRUMHppMWRpVzg2aE1aTTBIMERObTV2Sno0Y01ReXFQWDBqWHZaRmUwSlNxS0lMZ3YtNG5Od3paenNEWE1VbGw2VW1tQU5qbDROVW9ZejZlMlZGU3M?oc=5
Itaporã,Educação e Negócios,"Abertas vagas para estágio no IEL! São 2,3 mil oportunidades em diversos cursos - Agência de Notícias da Indústria",Agência de Notícias da Indústria,"Thu, 15 Sep 2022 07:00:00 GMT","Abertas vagas para estágio no IEL! São 2,3 mil oportunidades em diversos cursos  Agência de Notícias da Indústria",https://news.google.com/rss/articles/CBMi1AFBVV95cUxPZVR4cGRoUmdLcUYxSFRXYnNWZm9BVVo4VU1UQ3J0R1FGeVNZelRXSlViOFcyOXdmTjBNV0RVQktPUHU4OUUxRDZ3WlIwWkE3UUNGa1Bxdm5kTUhIT0dMRGtPMkpLeEhSdzBhZFA0YVpwcUF2TlhDdzdScUd0TTBrLWQyVkw0a0hudnBMR0xrem8wclBRV20xZXdUcGNWT1hWLUV0bnJDd1Y2aklIXzNLR0VHaDh6MzZxVFhzd0h4TnRva2xzeDJyRXg0YmcxN0RTSlp1Qw?oc=5
Itaporã,Educação e Negócios,Secretaria de Educação-MS abre 415 vagas para Assistente de Atividades Educacionais - Ache Concursos,Ache Concursos,"Tue, 10 Sep 2024 07:00:00 GMT",Secretaria de Educação-MS abre 415 vagas para Assistente de Atividades Educacionais  Ache Concursos,https://news.google.com/rss/articles/CBMi0AFBVV95cUxQR2RPcHZBOGdsUjNsYzM2Q09vVUN3ZW5rdHhnMFJUZ3JiZU5hbVdRemxJZ0NpQm5sby1kQWllVHkyS0JoM0xtWjN0VnA4U0JKdGdQbWJvUDJxeFdxSFUxQ1ZNWGhOLU1CeWhDQVZLaGY2eHhaakZuR0RuN1J0WVNxLV9iaWtnNVZ5eXZ2TzJkVXJsdkM3VnpMTXZ0OTFlYktWRHRzSHNkNG5oSE9JalZuVFZoRVFkVlNzUTJ0a2RtSVNFRXFKQWVNSTdoY254eFRD0gHWAUFVX3lxTE1MVk44Z1J5aXhtQUpvWDhCLWlEMjQ1eG92ZnhnQnVDWmFycEtMc3Q5cjRxOFZId1BSWWJZZkRZdWMzV3VMbzd0LTYyZmQtR0RMeXctSkI2eWZaWXlPaTg2VU5OalVva2IxQUpGOWVrcEZ0Q2hmMTFwaXZha2lRUllIczh6NS15czFMRkthbzlESFlNbnBwU1c4a1lfdC1CcHVBcmtKd094Vlc3WkRLd1dqeDU2R2lYa3JJX01ZaS1yb0RXLVZ0RFkwQmNoa2pYeVg5bFVIWVE?oc=5
Itaporã,Política e Institucional,Itaporã é destaque em Mato Grosso do Sul com a segunda maior nota da Atenção Primária nos indicadores de qualidade - Prefeitura de Itaporã - MS,Prefeitura de Itaporã - MS,"Thu, 06 Aug 2026 17:11:00 GMT",Itaporã é destaque em Mato Grosso do Sul com a segunda maior nota da Atenção Primária nos indicadores de qualidade  Prefeitura de Itaporã - MS,https://news.google.com/rss/articles/CBMi6AFBVV95cUxQa2czLVRzMk1ldEFYenhuS3NVZ1BpUEFEdEtJamoyaTJUby1QaGxKVXdVLVVLbXY2TUhlVFBJTkFTVEp0VG5jQzR1OTF6VExUdWV2Nm9yUnpBVElJWHBnaWZiRjJZNGpJZkpnYnk2dFVHRzhyYjJzVmlLN0Jwa3NhU0RwNHFxV1hzaWtlUEhaMWM4S1BYQ21KOUVfVUp3TTFnUU1tZXdpUjNtZmZLWUd5RU5JbkhmbVU0MGNkQ3dNQ1lpV09tNHBIVE9YUDNGMGw3UDRyWmxXbTNDVHYxWWN1cUZYdFNEVjJB?oc=5
Itaporã,Política e Institucional,MPMS e Prefeitura de Itaporã avançam nas tratativas para implantação do Projeto Acolhida - mpms.mp.br,mpms.mp.br,"Wed, 04 Mar 2026 08:00:00 GMT",MPMS e Prefeitura de Itaporã avançam nas tratativas para implantação do Projeto Acolhida  mpms.mp.br,https://news.google.com/rss/articles/CBMixwFBVV95cUxQbnBBYVFtRVJiQ3BuLUlVcFpxa3hqRnd1UXdjZFBwMWhQNl90dlFqVkhQWEZmY08xTG41dF9iQ09ReW1ueGRXcnVFZkdJZy1kOGNxYm52NWlIX1dTR3EzQWxFZmRYaGxsMHpYN21kTE1NR2lzeVB6bndpNTRpblg1NG4tc051Ri1MUDBUcnY5b0hodTVDLVhJX2EzdU9lRlc3WGFqeVV1UW5CSGJCcU50dmlDbXY5Vkhoeml4cEFNUlNxY1ZMZ2Fz?oc=5
Itaporã,Política e Institucional,"Com 'bênção' do TCE-MS, Itaporã pagou R$ 1,2 milhão a esquema de livros investigado pelo Gaeco - Midiamax",Midiamax,"Mon, 20 Jul 2026 07:00:00 GMT","Com 'bênção' do TCE-MS, Itaporã pagou R$ 1,2 milhão a esquema de livros investigado pelo Gaeco  Midiamax",https://news.google.com/rss/articles/CBMiwwFBVV95cUxQb1dsN2c5SFdsOFRRUURBdVVwN2pqUENqTVBFZGtyT1dtZ1loSGF6alZuOEpLeWZIbkJUeldxQ0FxS3c5ODJjcnBvZWxsYTdXNWw1aVJwR1NOempVdTgxdDVRRmNNX0VzdFFpRHItSU1Qb1dwQzR5YlVaSldhUHBMcUR4djVhQXNGLUlWcmo3QTZZTEtCeFdFUjY0V0JXQWZRMFNHbS10cE9lclFqS09HZE4zRUhXM2h0c1hfZmprVWUzd2M?oc=5
Itaporã,Política e Institucional,MP investiga desvio de verba da educação em rodeio de Itaporã - Campo Grande News,Campo Grande News,"Fri, 13 Mar 2026 07:00:00 GMT",MP investiga desvio de verba da educação em rodeio de Itaporã  Campo Grande News,https://news.google.com/rss/articles/CBMiwwFBVV95cUxPZ1hxRm9sYjBtOHhlVkdmY3pxVzB1VnVMcFl3NVdJSTBuaWhhcTdhbXY3TVp2RXNMX2ZlZGh2eTlqaXY1RFc1aTFKdjBlZ0pNRGFBUG9zc2VoS3FYU2cydHItV1A4RWh0Zm96SHBwd1h3M2F6VzJITlA5LU82dzRvQkc2T2tGNTJYTjItZFBCLUQ5dXQxamhWbzBBeHRhQWpFeEVibFpSem92Z1ZOcDlnWEdyenY5UWFIel9JT0dRdGN1V2PSAcMBQVVfeXFMTmFrWjJZRmp2RkNxQVdTR0VYZEtETWFoVzdGcG5iZUstQXQ0NDg2OWppWk1rc2JFdURWTHZKUi1kb1IzMzVGVDdzRVhJVDJRUXdrbGhnN2diUTFaR0ZsYnFXQjNtR3N4bXNIdG9lRlZNVlNIR2xvdjZvYmtLczVIWHRPSzdNNHJEbE9rclRMMVVXNXR2TUtRNVpPZ3J0bEdLQmU5c190V19seTAtTmYyMGpGUmYySEtBNTRsUm1RWnpqWHpZ?oc=5
Itaporã,Política e Institucional,Senadora Soraya garante bicicletas elétricas e muda rotina de agentes de saúde em Itaporã - MS Todo dia,MS Todo dia,"Wed, 27 May 2026 07:00:00 GMT",Senadora Soraya garante bicicletas elétricas e muda rotina de agentes de saúde em Itaporã  MS Todo dia,https://news.google.com/rss/articles/CBMiyAFBVV95cUxORXZNaXZidE9PMjlEZEtFdnptRXNBT2lWSDJEY0ZlNy0ySUZUUWpNX1YtdlhPanRieWxvRE1ETTY3WWpnYnM3Yy1NOURMTHpiUVc1ellpYm1TclA5bGhsamlQcDVkc294ek5ZcDNUVERRYWEtSzJpa2NtT2lxb2VVUUxETzBOZ0RsdFhnVlo0Zm9HY1dxcnZYeGE3Ulc0VE8td2tsTXBTOU9MQnloai15c2xrVWRKTEU5UTdYT1Z0VWdEZmU1Q2I5Rw?oc=5
Itaquiraí,Social e Cultura,Festival de Dança Coreografada da Melhor Idade define campeões - fundesporte.ms.gov.br,fundesporte.ms.gov.br,"Fri, 05 Dec 2025 08:00:00 GMT",Festival de Dança Coreografada da Melhor Idade define campeões  fundesporte.ms.gov.br,https://news.google.com/rss/articles/CBMingFBVV95cUxOejF5QU42UU41bFdMVmxDbDBBbDNSMFVkSTZYRHcxb3ZDVGF1OUw2NmN6ZEFQN1g0MkFyN251VjV1Mi1ldW81SHN5VnFYZnhEVDhNT2tzdnZpT3F5VGFMVnhSSEl2bVNfc1FCRkE3SUtlbVFwbW82WUp5MFM4d3JlSTJ6dUlxaGNLMWR2Ry1fMW5DMHVMa3dRMHhXeGVHUQ?oc=5
Itaquiraí,Social e Cultura,"Cine Sesi Cultural finaliza 3ª etapa com 101,6 mil pessoas em 32 cidades - Agência de Notícias da Indústria",Agência de Notícias da Indústria,"Mon, 12 Nov 2012 08:00:00 GMT","Cine Sesi Cultural finaliza 3ª etapa com 101,6 mil pessoas em 32 cidades  Agência de Notícias da Indústria",https://news.google.com/rss/articles/CBMi2AFBVV95cUxPb2s0TFZTN1VsNUxCcm5kdFdhMzBnMjJIdWFITFkxa0Iza0Q0SGlMem9TeGdkU2FDeHZZUE1WR3VxVGV0T08temhMVmRwempUbW5Cdm9YN3N0aF9zYUJNZkVTTzRmbXlZc1NhZmtGUE9CbG0zblRyejhPbU5Va2ltdUU5TlJ2Zy1Gb3VJdU9oY1hSN0pBdy1ua1ZETFkxb0VfejFNLXctS0VIekNYQWNYYnBiQk5QRDJoV01uM3NRNHUxOTZyTWp0NkUyLUw3T2JhTzNlazRJNDU?oc=5
Itaquiraí,Social e Cultura,"Cine Sesi tem 2º maior público do ano em Bonito com 4,9 mil pessoas - Agência de Notícias da Indústria",Agência de Notícias da Indústria,"Tue, 25 Sep 2012 07:00:00 GMT","Cine Sesi tem 2º maior público do ano em Bonito com 4,9 mil pessoas  Agência de Notícias da Indústria",https://news.google.com/rss/articles/CBMi0gFBVV95cUxQNHRsNkdrcS1vTGxMOUFyR0d1UmtSc0ZNZ1FEN1ZhZHNSRzh0XzBsUml5MENpYVZ2RXcweFdEMHh2cFBZbEYxMU5iV1k5Z3B2cmlLU0QzRDZtbGVFWkpQcmwwb2UtaUZXMDRZTm5QUlNBOWJ0azBnV01zbjNvYmRWcHZKbkRYN2doRElyZHNRQUFjMlBiUDJERWRQN1ROOHZUVmExUkJLZm5HWmFDNHNMQ2xVdktYd25hZ0ZKbnBPTEV3REJIWFlSU3ZlVE0tM05pN3c?oc=5
Itaquiraí,Educação e Negócios,GIRO FUNTRAB DE NOTÍCIAS – 03/06/2025 a 16/06/2025 - funtrab.ms.gov.br,funtrab.ms.gov.br,"Tue, 17 Jun 2025 07:00:00 GMT",GIRO FUNTRAB DE NOTÍCIAS – 03/06/2025 a 16/06/2025  funtrab.ms.gov.br,https://news.google.com/rss/articles/CBMihgFBVV95cUxOdThvX3U3ay1qR2dRN04ydUZIM3JZRWVqWU53Yzc2NFlFSWVfbmFHRnlGRkpHbmRaUnNKUDB6SWlIaGZLZHViV0xvNW1QSlBfRVRORHFzMDRuMGlrbmhmZFpacFpLVWt6QzJTMThTMzlCV2hvYVF5eDE3WHhFeWw3RXBHamc2UQ?oc=5
Itaquiraí,Educação e Negócios,"Acabou a desculpa! SENAI tem mais de 8,3 mil vagas em vários cursos pelo Brasil - Agência de Notícias da Indústria",Agência de Notícias da Indústria,"Fri, 26 Apr 2024 07:00:00 GMT","Acabou a desculpa! SENAI tem mais de 8,3 mil vagas em vários cursos pelo Brasil  Agência de Notícias da Indústria",https://news.google.com/rss/articles/CBMiyAFBVV95cUxNcFlwckpLcUVCNG9lUVVHa1JzeWtNNFFaSVllNk9hYWVqQzRkSXdhbW85Qk1ua3oyXzJDTFowWldzZDZiWUVtbVVyVFFxWGMwNmJkWWVuNVd5MFQyT0VwYUFDQ3BqcGM0VVdFMWRZOHhQS1ExVFE1amhwRUdmdUI2UkVHdHhuSmdwRndGbWRBM1c0Njl2X29Lb3hKN3haWloxaVFKYWp1QS1NMk1rWW1RNnZwQ3J5WmtMd29MVU9jSXBkcGVlOVZFWg?oc=5
Itaquiraí,Educação e Negócios,CCR MSVia está com 30 vagas de trabalho abertas em municípios de MS - Motiva Rodovias,Motiva Rodovias,"Fri, 01 Aug 2025 13:57:05 GMT",CCR MSVia está com 30 vagas de trabalho abertas em municípios de MS  Motiva Rodovias,https://news.google.com/rss/articles/CBMivwFBVV95cUxOd245czhPYXNyS0ZkMG03UzliYWlkeFFQRThicVNDQnRJZlZxOWo5eG5LM1ItTEJIbjRTTnF1MUEtSVc4MzVfY1JkcURsaDNiRzJkblVxUHhOUWlIS2wxX1ZCUmI5WGNtMlFnQVZadm1Pc05UUEE4X2tYN3Z3cXAwUERkWVdXNUhKU3RPVHEtRGdmWlI5WkV3Y3hST1NWUWlPX0RXU085VE5FNVAwcDNfdnA3Y1NUbDY3MHA3bXBpQQ?oc=5
Itaquiraí,Educação e Negócios,Jovem que procura o primeiro emprego em Itaquiraí passa a disputar 127 vagas de aprendiz no frigorífico de aves que mantinha apenas 32 contratos diante de uma cota mínima de 103 - CPG Click Petróleo e Gás,CPG Click Petróleo e Gás,"Thu, 17 Sep 2026 07:00:00 GMT",Jovem que procura o primeiro emprego em Itaquiraí passa a disputar 127 vagas de aprendiz no frigorífico de aves que mantinha apenas 32 contratos diante de uma cota mínima de 103  CPG Click Petróleo e Gás,https://news.google.com/rss/articles/CBMivwJBVV95cUxNRlBXMkZCUjFBSHA2aExrS0J6UDYtYnd6ejJ0OEItUjlaM3gwelBrZldodXlMLXRKMTBYSmZRSlZpcEUycm1ZTXlUbGo2UDFXaHlZWXNIeC1rZUJKUFZCNHQzcE9zaVd0U3lpeWM0VDAxU28tOTVxZlFKMmtwRmFweFRCM3IyTkdTa2lMMUt3RTF4dUdYR2Z1ZVU5ZW83LXZzeUFCMnMzX2g1U1FzRkRmdFFwdHFWOXpldWFuaDU5Ul9MZ1J6Tk5sXzNURUVTVmdOWmFXZWFXcnRqdzRydmhyd3AzV2dSQnQ2V2dIekFsNlY1TlRaZ0U1X3BEU3VtcmZzMUExa2ZuQVg1UU5GSXIwM3N3NWRRckdlYmoza1FxV1RIb1dsTkV5dE1HWGVlUDd5M0ktWGpVdm1tak5jWHUw?oc=5
Itaquiraí,Educação e Negócios,Quer trabalhar? Concessionárias de rodovias abrem vagas em vários estados - Estradas,Estradas,"Sat, 13 Jul 2024 07:00:00 GMT",Quer trabalhar? Concessionárias de rodovias abrem vagas em vários estados  Estradas,https://news.google.com/rss/articles/CBMingFBVV95cUxOLWZLVUhjTE04VnVqSS1QQ0t4bVV0WlVZNnlENU82NUZLQTBLYzZwcDUwUm84OHJEMFQ5RDNYZFhMZ08tVDdhMTh0bldHNmNUZlJSZFA1UlhkLURLeU1uTXdpMVVBNGlXcDJIbjhLUEp2YXVLUGxaRmVzdkpvRlU5cTc3Rk1NNGIxb05PSm90YnZiVVAtaG0wWHBza2dNUQ?oc=5
Itaquiraí,Política e Institucional,Itaquiraí lança Plano de Desenvolvimento Municipal para diversificar e fortalecer a economia local - Agência Sebrae de Notícias,Agência Sebrae de Notícias,"Wed, 03 Jun 2026 07:00:00 GMT",Itaquiraí lança Plano de Desenvolvimento Municipal para diversificar e fortalecer a economia local  Agência Sebrae de Notícias,https://news.google.com/rss/articles/CBMi6AFBVV95cUxOemNnWVVkZzBwUEVhajZwU3JuRzMyTnBWLVNFY0tSQmY1UUNjZUpEQUEzckxIWXVGdXZteFJmdUhBbnJaRVpyb1dYS3QweTRVNFZLUTBiMUVrXzMzdVNUbWpCWnBka3dpMF9jbDNzWlJfNGpNZS0zODZVdUxuQWxvWkI1R0JpdmphQ1kzREY0X3pqWG9zR2pVeDVldzU1RHVLaWlCOUN5YTJTZkpOVzZCZ2NpVmlBTTcwR3ZtaDZfVklzVF80bGw5MUZwZ2pLSkNjQXh6dVl0ZUhnZ0gtOWY4UTVsZkFPdzdC?oc=5
Itaquiraí,Política e Institucional,Liandra participa de comemoração dos 20 anos da Bello Alimentos - Notícias em Rede,Notícias em Rede,"Mon, 21 Sep 2026 15:22:03 GMT",Liandra participa de comemoração dos 20 anos da Bello Alimentos  Notícias em Rede,https://news.google.com/rss/articles/CBMiqwFBVV95cUxPLTRNdGhqSFdKTmZIdGx1Y0FvWW12M3QwSkw2ckxUV2ktWTBZWi1fU3FJcnRZSlBiLWQ0bU93eTBDbE03Y0g5NFFZSkdsc0gyeVI5bFV5VFo0RWFWSUx2dzhCNWw3UUFmZWFSY1d3cXZzVzZYUGxiR294dEFDZFZ0NUQ1cjl4ejZJTG5TeDJwVEhORERuZ25haE9GX1dhOGxiOWh0LVBqU0VLOTA?oc=5
Itaquiraí,Política e Institucional,Sidrolândia (MS) receberá Mutirão de Documentação da Trabalhadora Rural - gov.br,gov.br,"Thu, 30 Oct 2025 07:00:00 GMT",Sidrolândia (MS) receberá Mutirão de Documentação da Trabalhadora Rural  gov.br,https://news.google.com/rss/articles/CBMiugFBVV95cUxPWE9DZU5XbDRCMHpBdEdoM09kOV9HTjZCUnZEdXV6MkJtOUdybWQ3M1llbnAwZDFMakZ6LVZLSHZkSTFtSEJRZGx4dnBleUZIWTFnV0NNeHlKOE5aU2xhZjd0ZmI4cVJlM21LSWJBWVJDTmVlUE9rTUxWT2ZRMG5INC16WmhGMWdhb1djLXpSUS1BczgwNTNPZUxMc19kTXUtNElYTldNaTkzbUQ3VndFN21DNkxrWXpfakE?oc=5
Itaquiraí,Política e Institucional,"De casas a sinalização: Governo de MS formaliza R$ 44,1 milhões para obras em Itaquiraí - Midiamax",Midiamax,"Wed, 13 May 2026 07:00:00 GMT","De casas a sinalização: Governo de MS formaliza R$ 44,1 milhões para obras em Itaquiraí  Midiamax",https://news.google.com/rss/articles/CBMivgFBVV95cUxOTGM4dENOZkdNdlhtdEpTM3VSVW5lTngyaFliSzd1WlF4RUtOem00MVA3NUpUanhhQ3dsamh0S0RNRTl4TU94MW5naWd1bklQSUM1ZGFjM1hlcnlrM2VwMXBxY09NZ0duYXVBRjh3WldZRFJEalBpU19jMXRUZktwRHlHYWg4eUR5MjZPamZ2UUZWLU1KRF8wLWdJa29HQmxpMm1ubk5kQXBtYWZ4dVQ1dVNORmt5Q0tDM2RXcmdn?oc=5
Itaquiraí,Política e Institucional,Rede Municipal de Ensino recebe novo ônibus escolar para atender estudantes de Bandeirantes - bandeirantes.ms.gov.br,bandeirantes.ms.gov.br,"Wed, 03 Dec 2025 08:00:00 GMT",Rede Municipal de Ensino recebe novo ônibus escolar para atender estudantes de Bandeirantes  bandeirantes.ms.gov.br,https://news.google.com/rss/articles/CBMi0wFBVV95cUxOeUFxejhtY3NQc1VIMHN2Qmw0bG1JOVZVZ0FhLUQ4Qjk3VDBjdzA3U2xsLV9ramJoZTZtRlNBQkpFcEw1TGw0ZWI2b0gyQmhLYmQ3Xy03SW1NZEN2enVJZFlnYUxIVTJCNlIxbVFmUzFIaGZpWGtpcUtSNGRzalFsSEFVT3pjWWFSQUFtbldMaDMwVC1PNEE4cGdkX3VWR09CMkMtS0V3RUhUNmluazF1VmJBbjhVZjBKc1RuUnh1VGVjSVZOUWloODlkeG50NEE4VnRB?oc=5
Ivinhema,Social e Cultura,"Agendão: fim de semana vem com Ney Matogrosso, Som da Concha, chegada do Papai Noel, exposições e shows no interior - pontaporaemdia.com.br",pontaporaemdia.com.br,"Fri, 08 Nov 2024 08:00:00 GMT","Agendão: fim de semana vem com Ney Matogrosso, Som da Concha, chegada do Papai Noel, exposições e shows no interior  pontaporaemdia.com.br",https://news.google.com/rss/articles/CBMi8AFBVV95cUxOVGNMc0wtZEJEQ0JmcFVmU0diVmJTeldOMk5vQklJcmRteWxPREFwNzhwWlFUN0s2VXBBM2Q1b2FPUDdXNUlDXzM5SXNBOTNQTWxSbUhHdU5xYlVSWkh5TGU2bEpsNldpNHJ1NDdNNWFORGpnVTlrUnFmaWVnQldadjJGR0V4MzdHY0FHYVBDQWNlUk9BNXZBWXhqSlprTGYyVWxnYmpwemJJUnlyTG1oYWl4cmtZVmVHQmtVTmhOTWZZZzJYWER6QjdLQ05rS1ltTkUwMlRWYk9VQUM3ZUx2ZXBVVWNYc2NWT1ZUNFJDZnk?oc=5
Ivinhema,Social e Cultura,Projeto Artesania fomenta cultura e geração de renda no interior por meio do artesanato - fundacaodecultura.ms.gov.br,fundacaodecultura.ms.gov.br,"Fri, 30 Aug 2024 07:00:00 GMT",Projeto Artesania fomenta cultura e geração de renda no interior por meio do artesanato  fundacaodecultura.ms.gov.br,https://news.google.com/rss/articles/CBMixwFBVV95cUxPMS1CRmJSdnVlZS1ZMWtrd3R5ZDctSnhNVlFoeUlsQ1FXUGlYMW93cnhseVRlVTRwclVEQWVvZWZTTmlndEFHaVBLeGswdjMzRjF0NVl2eDMxeVd2Sl9jWVpDZlRmM1dXblZIdEpDbnoyb0RVa2d6aVNlQnRBdG4xSklkMkFBNzVERkNmcjRsQ2VaSDJINEE0emJXQUx3WE1kZWRyTEtscDZzZFlwZmFpeHM2S2lzTmw4d1hWSDBwalRyOXVzbHRj?oc=5
Ivinhema,Educação e Negócios,GIRO FUNTRAB DE NOTÍCIAS – 03/06/2025 a 16/06/2025 - funtrab.ms.gov.br,funtrab.ms.gov.br,"Tue, 17 Jun 2025 07:00:00 GMT",GIRO FUNTRAB DE NOTÍCIAS – 03/06/2025 a 16/06/2025  funtrab.ms.gov.br,https://news.google.com/rss/articles/CBMihgFBVV95cUxOdThvX3U3ay1qR2dRN04ydUZIM3JZRWVqWU53Yzc2NFlFSWVfbmFHRnlGRkpHbmRaUnNKUDB6SWlIaGZLZHViV0xvNW1QSlBfRVRORHFzMDRuMGlrbmhmZFpacFpLVWt6QzJTMThTMzlCV2hvYVF5eDE3WHhFeWw3RXBHamc2UQ?oc=5
Ivinhema,Educação e Negócios,Funtrab e Biosul anunciam 2ª Rodada de Empregabilidade do Setor de Bioenergia com mais de 630 vagas em 15 municípios de MS - semadesc.ms.gov.br,semadesc.ms.gov.br,"Tue, 14 Oct 2025 07:00:00 GMT",Funtrab e Biosul anunciam 2ª Rodada de Empregabilidade do Setor de Bioenergia com mais de 630 vagas em 15 municípios de MS  semadesc.ms.gov.br,https://news.google.com/rss/articles/CBMi6gFBVV95cUxOZTcxZHpLaVpBb09zcUpDelJXR21TLWxMbnVDZFM3aTFRRHlwMXBiQVFITGlTZGVCb0dVRVFaeExrR2ZPYzRidm1BTktUdWZQeVdCLUs5LUJMTk5aeXBnUFU4eTN5VlA4TVR5bTBFeTNYRVlQNTVxd1ZrektaanZVYlhkMGdsZktiRHdETGpQNmZzU2ctZ2syUlA4TFU2NVRudkNaeWlxeHFUaTUwN2lGeEJ2V0JNWTE2U2VJaEJFRk43MklSOXY4TzdHV1d6ajRHenRRNGo0Q1F5emN5M0FSNjJqc0dTUThreFE?oc=5
Ivinhema,Educação e Negócios,Rodada de Empregabilidade mostra a diversidade de profissões que movem o setor de Bioenergia em MS - Cana Online,Cana Online,"Fri, 17 Oct 2025 07:00:00 GMT",Rodada de Empregabilidade mostra a diversidade de profissões que movem o setor de Bioenergia em MS  Cana Online,https://news.google.com/rss/articles/CBMi2AFBVV95cUxOcVYxY0pSY0NWcVk5dmF1SEtneU1tb0lYdkY0RTZudkk2OEhDcHdlMXJhM0ZGbm0zeUkwbnZiWlFPeFpkN2tFSmxNWW14OV9fMHZTYlltdTRMSkpDSVFOUzN1d2doZ2VYNDJETUtGYzFPS2d6V2NvWU8zQXpTZF9yUUc3bHQ2NVNYbWJzMjRZbWRFOXlwcjN0RGtyMlB3b0RtWnNoeVA2eDNPXzFYSDhxOVNUZVhRX2V1Wm1kMXR1cllTUDZJd0FYbWdsT1pFdnhSQVg3U1VLQnE?oc=5
Ivinhema,Educação e Negócios,Inscrições abertas para processo seletivo de cursos técnicos em Agronegócio e Fruticultura do Senar/MS - portal.sistemafamasul.com.br,portal.sistemafamasul.com.br,"Sat, 10 Jul 2021 07:00:00 GMT",Inscrições abertas para processo seletivo de cursos técnicos em Agronegócio e Fruticultura do Senar/MS  portal.sistemafamasul.com.br,https://news.google.com/rss/articles/CBMi7AFBVV95cUxPWThpZ0tUOEp2eEJ0ZmtzenBSVG1zYnF2LVppVGViMS1IbnAzMXowazRvRWhvakpld2s0Ni1iVjNqUkl6VjFqZkVtdWRUN1dsYS0yek9uVmt5OUZyRTlHWjk5NXBhY2ZNQlRGUGdBYmhMbXl0dUlJeVF2cHZKVFRHQUI2Q0xTWUEyZ21QTmpBcld6R0Z3OEI3MlMxbjJiblNxQV9yRXhES3BWbXdMOUlGZFBsTUZvRURYMG42RDJ4VHE3ZTNscEtpZTM5N0doazI3Vzk2MDNEZlJHSEp1VXJyWDg4OHR1S3o2WmFJXw?oc=5
Ivinhema,Educação e Negócios,Corpo de Bombeiros divulga novo resultado da seleção para bombeiros temporários - Midiamax,Midiamax,"Fri, 17 Oct 2025 07:00:00 GMT",Corpo de Bombeiros divulga novo resultado da seleção para bombeiros temporários  Midiamax,https://news.google.com/rss/articles/CBMiwwFBVV95cUxOZHdRQVgzaklJd20tdFM1cUFkNFc5ZVR0TnZ3NTBqUGlwNXhJT1F0c0ZRQnBUMFFvaTVSNXRZODBwaDl4ZmxLVm1nbUhoNUwyeUZBYVExVkliUE54NU93S25Bc3gzeWNxcDhUMFBqcUdlUjNZMTRVMVBtMWdraFNNTkZCNGZQYTJLY3g1bzJDZWRHaVA2dXNwQlIydGhRdmFlY1pxYkYxQy15UmhGSHBqLThraW5zc2hvNC02cmZfdXgyN00?oc=5
Ivinhema,Política e Institucional,Nova Andradina reúne profissionais para discutir inovação e tecnologia na construção civil - Prefeitura Municipal - Nova Andradina,Prefeitura Municipal - Nova Andradina,"Thu, 17 Sep 2026 13:58:00 GMT",Nova Andradina reúne profissionais para discutir inovação e tecnologia na construção civil  Prefeitura Municipal - Nova Andradina,https://news.google.com/rss/articles/CBMixAFBVV95cUxPVUNpN1cwMGFPUU9sLUpNU09aaldJcDdMZFBBZnUxTFBQR2F1SkVQNUk1U2FwdUFzT1c4S1ozLTN1LTFCUGw0SmJOVXE2cVNaTVZVY2M1XzFQd2tLZldmNlhJd3hDWmtJNWVGd3NGZWU1NmE2ZXVoRzk1YzVWSXlpbWUyalJwUlQ4UFFqMHZBSDVXVW5BdDlOeDZxa3hwRF92X2daY280Q0VSelpRVFZ1N2hCaEtOOWxidVdWaE9zcDJfTjQ5?oc=5
Ivinhema,Política e Institucional,Investigação mira salário de R$ 18 mil pago a procurador em Ivinhema por suspeita de irregularidade - Midiamax,Midiamax,"Thu, 10 Sep 2026 07:00:00 GMT",Investigação mira salário de R$ 18 mil pago a procurador em Ivinhema por suspeita de irregularidade  Midiamax,https://news.google.com/rss/articles/CBMi0gFBVV95cUxPZmJUeEFhc3A1LWNTaThvaWNoeWlDTDJPS3A5U2RvU19uaV9SQ0xOVk43MGpubkhCQzlwVTk0SU5zMUNxR3dpbjdxLV9aWFI2QjRsNFFKRVhaRHBKMUdaZjRWNGpHaEhLbEMwQjJfWC1wTjgxRVJ0VjRlZkNXTVd5SVp1YjluTTJjUUpGN3hxa2JTVGlCR1Y1NnQ0Qkt6LWVGREVhUlNtcHdyYkRpaUk2ZzFweFB2Y2ExN0c3TUIzdGJ0aVdGWXNHaFZJWndjNlNDTHc?oc=5
Ivinhema,Política e Institucional,Renato Câmara cumpre agenda em Ivinhema com entrega na Escola Angelina Jaime Tebet - Diário MS News,Diário MS News,"Fri, 13 Mar 2026 07:00:00 GMT",Renato Câmara cumpre agenda em Ivinhema com entrega na Escola Angelina Jaime Tebet  Diário MS News,https://news.google.com/rss/articles/CBMivAFBVV95cUxPWU9ZcmlwdTNWY2RPZHlVNDd5anRVZG5UNi1IaVpRbXZUdWFucUFWUXVObEczdEdzRE1HenUxdmd4MDdaOGlLNjRXWERnRVpXZG1fWGU1VkctNmxWRmlYaXAzWXVqU1V5SEhWR0hFUlRzamJYRFdSXzlKZWxJMURiaVZabzFqdkttN3RVaWo3ai1abE8tOVliZVdVUmh2RVVPMXRtTFRNV0VyU2FTWDZSSFppU2llblJQRUFFZA?oc=5
Ivinhema,Política e Institucional,Prefeitura de Batayporã MS abre processo seletivo com 4 vagas - Qconcursos Folha Dirigida,Qconcursos Folha Dirigida,"Mon, 09 Mar 2026 07:00:00 GMT",Prefeitura de Batayporã MS abre processo seletivo com 4 vagas  Qconcursos Folha Dirigida,https://news.google.com/rss/articles/CBMilwFBVV95cUxPRzJ1VkxtTFRVTXJhV3FVMm5GNFZ5bzEzOVN1QVJ1d0dsM3NTNkNZMlYwSFRJM1FRU20tTXpRUkZyR1BHVmZnTVpJdTlGOEViYVcwem1kQzhpbWJCVGxXLTZqbGNDTXNoX0VCY2lXMmg2bkJfM0tmdFRXbUZ5Tm9qZmswQjZGeVRjOVVoaVdhQXhBNHoyZmVZ?oc=5
Ivinhema,Política e Institucional,Câmara de Ivinhema MS concurso 14 vagas salários iniciais - Sou Enfermagem,Sou Enfermagem,"Mon, 13 Apr 2026 07:00:00 GMT",Câmara de Ivinhema MS concurso 14 vagas salários iniciais  Sou Enfermagem,https://news.google.com/rss/articles/CBMiogFBVV95cUxNQ3hGaFVsNG14ZTdYZ3JodDBNWk9qV0xnZ0Jjc281SnA3b1hETDd0SURZV2VDeDZhNl9obTJsUVhGX2xoQ2g5UWlNU1hIWDlxWWxxd1MwWEE2NGEyVDQzS2F2bVY1WXV2Rmo4b1ZJTFFlRkI2cnJKdE9LeWlBdlBEellXZzExQUxhOXdubExHTGJEM2ZXbmpOT0NxczhmdW51RHc?oc=5
Jardim,Social e Cultura,"Segunda maior cidade de MS com IDHM 0,747 e dona da 3ª melhor qualidade de vida - Correio Braziliense",Correio Braziliense,"Sun, 27 Sep 2026 17:30:00 GMT","Segunda maior cidade de MS com IDHM 0,747 e dona da 3ª melhor qualidade de vida  Correio Braziliense",https://news.google.com/rss/articles/CBMiwwFBVV95cUxNRUxGb1pqLUZtb19QMWdxcHBLNTE2VzZZLUxWa0I3d2oxRWpuRzdtbEtCYUJzd0ozSmIzNVViN0lWcVUyVnp3TUp5UnZHTDlCR0tDeVlnM2pMZ19VSWh2aTlHdDNNdnNnaW0zWjdEMGZhVnRuNU9RTUJSVnhQd2Qxc3pRd0p1V0xCWTNrYmJGUHRKVE5UYXVJa3h3cEt5T2dpdEpHNWpNNmk2ZzBsNDcweWhIS0tMb1ZOV0lSeUhrcGlJSW8?oc=5
Jardim,Social e Cultura,Virada 2026: Avenida Paulista tem programação variada e gratuita - Agência Brasil,Agência Brasil,"Fri, 22 May 2026 07:00:00 GMT",Virada 2026: Avenida Paulista tem programação variada e gratuita  Agência Brasil,https://news.google.com/rss/articles/CBMivAFBVV95cUxPYXlLUDlKMVFBN1JEMjgzY2dPNEhTeHU0MXpOQUdfU1JFR0k2UWVmQlZpWVV3V0xvWVlNenVuZ2FfT3RXdXJ5OG9UUjA1MHBxM2xuMF9mbHVGZW9RS3hwOF84RDNTNVJIT1FsTU42MzRKeXFfRjhQWlh1LW9neHpwaUpma0F4TmVhXzNacnRUNmtPRlhIbTZiZks1V05SWUVVSTdBQkdVaWRtQW5pYThJdlgwMC04c0FmRElIZw?oc=5
Jardim,Social e Cultura,Mato Grosso do Sul — Cultura Viva - gov.br,gov.br,"Fri, 20 Mar 2026 07:00:00 GMT",Mato Grosso do Sul — Cultura Viva  gov.br,https://news.google.com/rss/articles/CBMioAFBVV95cUxOMC0yYzBrZ0QyUXhQVlhaV2NQWXpaU3FPdUhnSmtJeWh2ei1TYms0d1d6MF9NQi11MkFsVmJ6ZVQ5VjNhRVZLS2hyb25xYXZmUGpEVFdlY196QkpZQlRfRTVWTUtkUWNEMlIzSDZOZDlUeEhJb3FnR0hCTjF0cy04a0NsalRIakUtZXc2R1FtbFBKTGdvQ2p5eEVuRE5Xem0t?oc=5
Jardim,Social e Cultura,Do vinhedo paulista às águas termais goianas: as 6 cidades do interior para viver bem no Brasil - revistaoeste.com,revistaoeste.com,"Wed, 13 May 2026 07:00:00 GMT",Do vinhedo paulista às águas termais goianas: as 6 cidades do interior para viver bem no Brasil  revistaoeste.com,https://news.google.com/rss/articles/CBMi2gFBVV95cUxNNkFvWU93ekFjM3RSb3BidHQ1akljd1NoLTl2ZXdGVC1vbmo5cnNsVHg4T3RCVkR1ZzR6U0M3OHJRWWRIMURJTS1lbDcyMUctT3NUcVZ0RFVidngyN2t1UjZOZVN3cFE0Zjc5WU5TXzBvc3g5NmRKZjJBNHh2Qk01U2dXaWgtRi1TR1JHVzRtaVRvZ2VROFhQakthRDRWSXlJZ2dOWTRnbW9ZWVhxQkZyQXRDdzdDdHZ3UTBGSWVXaVYzUHZaSFNPU0N4ZkR1OTBEUHYzMUNmZUVaZw?oc=5
Jardim,Social e Cultura,Indústria aposta em capacitações e consultorias e oferece programação cultural de graça! - Agência de Notícias da Indústria,Agência de Notícias da Indústria,"Fri, 04 Oct 2024 07:00:00 GMT",Indústria aposta em capacitações e consultorias e oferece programação cultural de graça!  Agência de Notícias da Indústria,https://news.google.com/rss/articles/CBMi7AFBVV95cUxNWGRMb0hvSDVMQmRaNHVFemxZSjE2YUdDNEUzb1hQODllVm5qMHk0cnAzTDc1Q1psV2dhMjVCeUgxYmh0U0IwYkxLNGo4WkZpN2tBeDB0ZXhyd20wRXktN1ZwaDR6MjY0Q3hNUThXR05sSnZtMWZuYXRrRzhDVVJILTlHbkotYmVmNXphSEFSVGtEQUZtWldOczQtNnJmS1YwVlFvWEQ3ZkVuaktHYVhaUFRnX2kwSGpGVzdlbjhNQ3JGcXVFekIxcHFxRWlEb0FTbzVHekFmTmFnYkVYeExJeThiS2RQcVQ5Y290Uw?oc=5
Jardim,Educação e Negócios,Quer estagiar MT tem 168 vagas nessa semana; veja áreas - Primeira Página,Primeira Página,"Mon, 28 Sep 2026 15:24:46 GMT",Quer estagiar MT tem 168 vagas nessa semana; veja áreas  Primeira Página,https://news.google.com/rss/articles/CBMivAFBVV95cUxNTlFJakZYa1BReHlJb3ozR2xSaUZNQll6aG1jeHNNbFF1YzNvanU4U1dLWUFVc19jeG5vbjRWMDdiZkw4S3J5R3g2VVRHMHl5c2FzaVNNbWU1YV9vQnBxei05bjFFZERhRGQ5MlhNQmJHWFZNanMxZWZQMDdTTHZqQk40N3BRNGhHVkVvSkpyd0pMS09ZUkJpelR6Y3o4SzhkdkpSVDhyVVpiMlNuRm53Y0xwZFBwX3dsVTBoaQ?oc=5
Jardim,Educação e Negócios,Oferta inédita no IFMS abre curso de informática para mulheres - Correio de Corumbá,Correio de Corumbá,"Wed, 27 May 2026 07:00:00 GMT",Oferta inédita no IFMS abre curso de informática para mulheres  Correio de Corumbá,https://news.google.com/rss/articles/CBMitgFBVV95cUxQTDJBYXdEdVRNQkpaU0x5Q3JpX1hRWFNwZ3RheWo3b3ZtRkpKZGVPbEhyRDBnYjdtQUNVNzNQck1nczVITGlyY1JEUV90ajF1bmtaM3Myb016S2tnRWhiMWZNSHdOR2Y0SGd2UjhXQ1FkS0x2YVZjYURONVVxbUlYUVhVNzdoMVFIaE5WR2dBRTBQbElnOFkwVnJpUjZlQUFCeHpPN3FYUDBRMmdwQW96bTU0dGVGd9IBtgFBVV95cUxQc1BNWWlOM0NodUpXMTFsZmdfcml6bm1BbnVoNk9pQ3FsTEotanRKWWdSU0ZkeDB0eGM4VUdwdUo2MUdFb3B6UFVGcS0tLUtmMXFNeVRTdWtjb0pqWElzVmVqZWxvUV9kUnRwT1hFc0NESGNpMmRuVVRyVUstbFYzTlplTUVvRlUwcXROLXpwX0ZQRmpwTVZVd0IzYkhBRnZNandTNnhMWXZDSzlucW5yUWd6am5mQQ?oc=5
Jardim,Educação e Negócios,Concursos em MS têm 314 vagas e salários chegam a R$ 10 mil - Midiamax,Midiamax,"Mon, 15 Jun 2026 07:00:00 GMT",Concursos em MS têm 314 vagas e salários chegam a R$ 10 mil  Midiamax,https://news.google.com/rss/articles/CBMirAFBVV95cUxObW5XUWFER3BONkcxUWhlV20wNFoteVdGeW9aQ0NFVVZWQ25pZjhtY19CUXlMWUFEM1RLdTV0SnNmeTllNlhnNE1xYTBwbzJOLU44WWp1V0kwYjRLUmdyUFpYNG9NYkU4YjB6bWFadEJua2lITEFuZGstcXdVS3ZiYlBMdkY2c0V3WUpQSDdMM0hhdk5TUERwem0xclNFS3F6ZzUyd1NJMzlBZkx3?oc=5
Jardim,Educação e Negócios,CIEE abre 210 vagas para estudantes em Mato Grosso - Primeira Página,Primeira Página,"Tue, 11 Aug 2026 07:00:00 GMT",CIEE abre 210 vagas para estudantes em Mato Grosso  Primeira Página,https://news.google.com/rss/articles/CBMiywFBVV95cUxNNjd3dFJ5VlAtQ29SOXF6RTZQV0M2bU50WDN4X3FmYmEwWV9SQVJFRUh4WVVtQmlWNlBudVU2ZlpiQXZYZW1jaFRXNHUxOTBtY01mVmUyWmRoMlhoaTBLV1ZieE5yZlVVWnU1ekI3MjRfb29JeHJabkNLRkRQZU00WDdCSUZRUi1zWXBrcVhONkhjUC1jMlExS1U4RkdiTlQ1SGhOTlQ2ZlVMNFVrcjlzeXRnbFFzbmYtUUdvMGN2NHFCMGZZTE9aV1VqTQ?oc=5
Jardim,Educação e Negócios,Cursos para mulheres em MS: bolsa de até R$ 720 em 8 cidades - Campo Grande News,Campo Grande News,"Sun, 08 Mar 2026 08:00:00 GMT",Cursos para mulheres em MS: bolsa de até R$ 720 em 8 cidades  Campo Grande News,https://news.google.com/rss/articles/CBMiwgFBVV95cUxQTUNLU1ctS2hCRU93TDB3ZkdJRU9jZkRHX0ZrR0FSTXR4MzZLOTVVM3hXeVlKX3ZtRWsyVHFRUDh6TDY2YWRKdUd6NExkZkt3TU5JRFZHcTVxSEdFaWZ4R3czRF9LbDdKYzNEQlZUUW1yQ0VLelhXZ0d3enZ6ODhnM01YdzJ5SWtKUnBoX3hxU3pOY0IwTzF4Wlk0NUt4eVI2YmtweFVuZW02UVRIeDl4YVpOaXhlNi1ZcHRVRWhkY2RyQdIBwgFBVV95cUxQSWlKc1FpNEU1NW01VHdTcEcxZG1ORnBxWXQyY3ZnN3czRkMtNXVHVHlta1JkLUppRkJqN1hmdTk1aThLZGtlWVJNZVd6NmZHSGphRGprc1BJOVg3bUMzNktuQmNlYnBVcGRuX1BnbDhDOEJkazRodlo0NEZpVGNvdXBDMDZFXzZJZW9MSENuRWNLb2g4SGNWaUtRejNMYnNWZTJyTnhjMUFTU2pmVkF3Mmhpc21oSnljZVlFYzdPSTJWQQ?oc=5
Jardim,Política e Institucional,Prefeitura conclui desocupação irregular de área pública no Jardim João Paulo II - Dourados News,Dourados News,"Wed, 23 Sep 2026 17:26:00 GMT",Prefeitura conclui desocupação irregular de área pública no Jardim João Paulo II  Dourados News,https://news.google.com/rss/articles/CBMiuwFBVV95cUxQN0xEWWhFZ1p0QXlGVnZjNnFwN2RRSVhfcGZtaThFNk0tOVJZWk51bTJKcGtUZU0tYnRKbnJDZHEtUDBWSXY2SXJUUVFTNy1jMG5KdU0tRWtlSFRJVFRlUHZncUhPalgwMVg5OERFR2piTW1NaFdPYkRCd1dGQkFwbjE5TFdwMExLYlh5LUlfUFNFNDFfMzJraHNwZDJ5OVI5bkM1S21VSGVxMWRkWjJaS0h4NEc4ZmRPeWZz0gG7AUFVX3lxTFA3TERZaEVnWnRBeUZWdmM2cXA3ZFFJWF9wZm1pOEU2TS05UllaTnVtMkpwa1RlTS1idEpuckNkcS1QMFZJdjZJclRRUVM3LWMwbkp1TS1Fa2VIVElUVGVQdmdxSE9qWDAxWDk4REVHamJNbU1oV09iREJ3V0ZCQXBuMTlMV3AwTEtiWHktSV9QU0U0MV8zMmtoc3BkMnk5UjluQzVLbVVIZXExZGRaMlpLSHg0RzhmZE95ZnM?oc=5
Jardim,Política e Institucional,Sábado tem Mutirão Todos em Ação no Jardim Anache – CGNotícias - Prefeitura de Campo Grande,Prefeitura de Campo Grande,"Thu, 23 Apr 2026 07:00:00 GMT",Sábado tem Mutirão Todos em Ação no Jardim Anache – CGNotícias  Prefeitura de Campo Grande,https://news.google.com/rss/articles/CBMipwFBVV95cUxNNkp6Rm1KNmZwX2FOQ3l2TWFTcXUxb2lETlQyQXdldDkwaTBVY1poN2dDZjAxaEsycHNib2Vsb3RLMTFqOGltV0FzZU1hV1BEVVFvWlNGeDdSNEJ6ZjJ0dXdsR2lzMmR1WnpLSjJ5Z196SmJtNnl4UmZ2alNuODdQX2s0N3RDc0J3NGlNUThFZjExcVp0aWlSVHVhbkFlWnJWUUx0VjJxWQ?oc=5
Jardim,Política e Institucional,Prefeitura inicia desocupação de área invadida no Jardim João Paulo II - Dourados News,Dourados News,"Fri, 18 Sep 2026 07:00:00 GMT",Prefeitura inicia desocupação de área invadida no Jardim João Paulo II  Dourados News,https://news.google.com/rss/articles/CBMiuwFBVV95cUxNQzN5NklETVBCVDNGRFpRdTdqVUhhX0R1TnR2TUlfaFFZNnBobU44MHJKVzJieUNEZ1VuUGRIeWlCZ0RkVDZBNlJsUG12NmpBYlNoMHV4MXhsZUZVRlFXNVdmeEVkTVM4dVNMZjdxR1Zpc3pNdDlrd09yaUZqYTg1SzFsQWdVNlNWSHRmSS1CRXRZX3MtbTRfa2dUVjNsTldqQVNOdi1UbW96MElqY2FQWWdmTHVEQ3h3TGxV0gG_AUFVX3lxTFBxdERydXp0UndyYm5FTENvSTdhZGRnS09adTZ2RFZCdFBDUzRKUWdnODc1NGZmOGMtbzJUUG1uWFFON0ppNHlkVnJhSmJmZWhLLXlzbUlVUnNuRXNyQl83aU5YaElsa0FIcGNiOGZaX3hjOHV5Tm9oS0NDaEJKS2F6THl2Q2cxUnJiT04xY1hNR01pN3FlR1k1ZU5meFFIZFV2bXNxUmFSemVlWEMtdFRMc0NrQVRvUndfeDZiZmJj?oc=5
Jardim,Política e Institucional,MP processa Prefeitura de Campo Grande por precariedade na USF Bonança - JD1 Notícias,JD1 Notícias,"Sat, 01 Aug 2026 07:00:00 GMT",MP processa Prefeitura de Campo Grande por precariedade na USF Bonança  JD1 Notícias,https://news.google.com/rss/articles/CBMivAFBVV95cUxOTTAwQUFNbGdRWGg3RV9ia3ZzdXhoVmlMU3NJcUlXU21KSnRwOEI4VXdwTUxHUGdQZkhDcm5ZVXByXzBZUGdmMExSSkREVDVYRDA1WGZOT2JPRDBWM1ZQcTZFNUtFalZKc3BrYl9UcXVodTdPUlpCYjhadmlKVllyM1p0SEVWbVZmUUtZakZtalVyc1lkbHRGNzYxd3VTcjAyV2swMG1RdGIxdV9jTlJrTEc0V1RGSVQzSmVxdA?oc=5
Jardim,Política e Institucional,Câmara decreta luto e família divulga detalhes de velório de Alcides Bernal - Primeira Página,Primeira Página,"Mon, 13 Jul 2026 07:00:00 GMT",Câmara decreta luto e família divulga detalhes de velório de Alcides Bernal  Primeira Página,https://news.google.com/rss/articles/CBMitgFBVV95cUxPbkUtcmRLc3pZc3kyMXJFeFhOdTR2c081VzdDTXNTc2ZsN0VyelR3bUUwQ3RSa2dKbzBNLXl5V3BIa3hwZXlKUDRzOXAza05IWnU3WF9HaUp0bjRjT1VKdl9wMnpucjBFTHZsYjNqLWNTUXMyel8tSjIyWi1nNE0wY2NibEtHdjY2RWlNc0xsdjVJc3dVaFFPWnlpU085Q1pDaUFSY1NVZVRZN3ZIblFRZUtjanpndw?oc=5
Ladário,Social e Cultura,Mato Grosso do Sul — Cultura Viva - gov.br,gov.br,"Fri, 20 Mar 2026 07:00:00 GMT",Mato Grosso do Sul — Cultura Viva  gov.br,https://news.google.com/rss/articles/CBMioAFBVV95cUxOMC0yYzBrZ0QyUXhQVlhaV2NQWXpaU3FPdUhnSmtJeWh2ei1TYms0d1d6MF9NQi11MkFsVmJ6ZVQ5VjNhRVZLS2hyb25xYXZmUGpEVFdlY196QkpZQlRfRTVWTUtkUWNEMlIzSDZOZDlUeEhJb3FnR0hCTjF0cy04a0NsalRIakUtZXc2R1FtbFBKTGdvQ2p5eEVuRE5Xem0t?oc=5
Ladário,Social e Cultura,Instituto Moinho Cultural abre vagas gratuitas para oficinas de música - Folha MS,Folha MS,"Tue, 17 Aug 2021 07:00:00 GMT",Instituto Moinho Cultural abre vagas gratuitas para oficinas de música  Folha MS,https://news.google.com/rss/articles/CBMiqAFBVV95cUxOX18xQTVPSVVKOUtCYWltdGJpSWZPTmFHdWJwUE0tTVpZb0V1WFV1NnZvMnd3czFxVS1QYUJRZEhoUllMRlM5NHk1Ry1XZExoUjlNdkZYdjFPZ29nQ3pFU0laeU5WSXdvSVNKSDZpYm00bkZ3ZFBUUERjNEVLUHFNQXkyVXNod3NKT0lQam9ZUW1VLWJEeHdUcmxINTcyLXpDcjFRS2N6dUM?oc=5
Ladário,Social e Cultura,Moinho Cultural promove júri simulado para debater abuso sexual - Correio de Corumbá,Correio de Corumbá,"Mon, 29 May 2023 07:00:00 GMT",Moinho Cultural promove júri simulado para debater abuso sexual  Correio de Corumbá,https://news.google.com/rss/articles/CBMitAFBVV95cUxNYUZkcWlBd3RiaVRxcWZ1LVptdm84bllBWEJQbmJGMnVTSnJnREg4ajJZdHhpY3UteTZUV2hXeTRJWVlpNzFMQm03SVNtX3RaVzBidU9zX0Y2RHMyRG1iSTlTSzFrRVE3WUstMS1Yei1OWHNvUHJER1NNWVlUbVJvOU1XaHd1SGVzQjkyeUVJRWJzcU5oZ0IzVnlSNVU2czZPUlhMTEpDNEJyTnhBVkJOeGJvNHXSAbQBQVVfeXFMTmstYUhSb1dJTG5wZjI0ZVRidXJyT3d3Z3l6d21WUnFSQTJsbjg4cFdNVmREcEhtTU5VWTRfcDEzZVZZcG96TVd5cWxVTnBIOHF5OE01VUdXYW9BeDJEN3JFQzU1VHFaN3k5QWFtcjJOcnB0MEZ5dFRaNzdkSGNFZEVhZmRnOHB4RHZfTVdCRWV6VFBCYVdpNkZFMlBORUVScTJFeTFxLV9OcjJkRnpJbzZUOHNF?oc=5
Ladário,Social e Cultura,Moinho Cultural sai em turnê por Mato Grosso do Sul com o espetáculo Guadakan - fundacaodecultura.ms.gov.br,fundacaodecultura.ms.gov.br,"Mon, 10 Apr 2023 07:00:00 GMT",Moinho Cultural sai em turnê por Mato Grosso do Sul com o espetáculo Guadakan  fundacaodecultura.ms.gov.br,https://news.google.com/rss/articles/CBMiugFBVV95cUxPVmNtMHp1aGNCV2pCOFZ2LUp6NmVBNFh0d0ZXRk52bDlLZlUxaGFETmI1Rk9iLTdxYXlOc0k4Um1PVUZleHN6V3ByZG9mbFBBWDJFQ29QdVllUzJhZVczeHpiclhtUEVtU2c3VkpFMFBYNHgxVGZnQjJNNVgxY1M4RWVvSUwtcV9abDd3ZWNLUzVjLWZ5bWhjQW9YRTJRSWZBd2ZqRFllaEswcktUTmlDMkxCX1VoeG9zeXc?oc=5
Ladário,Social e Cultura,Festival América do Sul Pantanal terá edição 2016 realizada em setembro - Diário Corumbaense,Diário Corumbaense,"Mon, 16 May 2016 07:00:00 GMT",Festival América do Sul Pantanal terá edição 2016 realizada em setembro  Diário Corumbaense,https://news.google.com/rss/articles/CBMiX0FVX3lxTE02d2MxQzJaVDFvbnh0WFowVXVzOHo1dklld1VLcENwV09jQ2c1UG9FMkJDYWpxbVZNZDZ2X1VkRXNXTzlaQml6a1Q3UC1jb2RGQVU0aGVlSUt6NjNpMThN?oc=5
Ladário,Educação e Negócios,IFMS abre inscrições para curso que amplia acesso ao ensino médio técnico - Correio de Corumbá,Correio de Corumbá,"Mon, 02 Mar 2026 08:00:00 GMT",IFMS abre inscrições para curso que amplia acesso ao ensino médio técnico  Correio de Corumbá,https://news.google.com/rss/articles/CBMixAFBVV95cUxNY3NDVDN0azJuMUNWVy05dURZcWFlVXVCN3VuY0M3M3hidXFsRWxZOTh4Yy1EUFZfcjJzQ0NnZlZYaWhqU2VnQy1YbThKOVptWi10ZW93anotQXFXVjlfcHJnSVRVNVBTS3RQcGR1TXhsUk0xRTJBTWpqT2NRSjZEeUpYU29ydVIzWE5oNXJLb3hxcGVZaG5UYXJ4WE8zWmVHcThVMnI1VTBYRHl4ckxWUjdtb19WMk82ckloQVNsM1dKdTQx0gHEAUFVX3lxTE1fSEFaZWg1YmJZVXpDUVRTVmhZZHdoeEpGX29vWUN1LVo4blNFN2NKSU5nc0pkRGV4TUd3RDRVMTZBMjI3aTdiTnhVMHRkUERiX2kyTGFrRmdlZm01WnlQYXhNX3F2ZDBzM01nSVhBbzNLMDdqSjlmVUxmS19IXzI0c1ZrMXVnY3BGOGJXT2lTdkowWDR1UXRlV0NfaHNmY18tRlhyUlFnN2JyZHZHVHk5YktWc0VYeFhaaUg3ajI3SGxIZEQ?oc=5
Ladário,Educação e Negócios,IFMS abre 480 vagas para curso preparatório gratuito com bolsa de R$ 200 - Campo Grande News,Campo Grande News,"Mon, 02 Mar 2026 08:00:00 GMT",IFMS abre 480 vagas para curso preparatório gratuito com bolsa de R$ 200  Campo Grande News,https://news.google.com/rss/articles/CBMixgFBVV95cUxPdzNQYWQwS0l1MXIxdHZHVkU0YjQzY0J5aXc5WVJRNnI0Yi1wR0Z1TUpVcmRHMkF5QTYwWUpQbldGUnh1c1ktODVJSThGUWRHQmk0YkFEUmRNNm9tNy1qcHl3bTF5a1c0RlFKRUNCclBPcGQxcU50bEdpdF9hWkxIaTh0QXp4bjVKbU5GWW9lbWNXOTRIVF80UjNDenYtT0szMGxCNi1KZ0pFT3I2dmZMaFZvdEtQbzdqWmwwYURoVVFaOVh2dkHSAcYBQVVfeXFMTmlXUzBoaXRCYkdGU2VVenZGb0FEVjlQTGtfVnFaQ1hKQUhva3Foclk2ZnVTbmRVSDhldzMtakp5VWc4c1VDQWdNbmNnQV82U09PUDUwNDF6bGVhTWpWOVl4UFJDb1Q0UlRhUTNvZXFXa2JoNUpzSVgtTjRXbUNkY2hVVUppXzVQMm91eEJTUC1jTEJEZmpsNmRiVmJ1bUR1ZUsxSVZhZjQ5N3VlZFRWRzhnc28ycTdwUmtuMzBKWU5aUEtRcUFR?oc=5
Ladário,Educação e Negócios,Curso da Saúde oferece formação profissional em Corumbá - Diário Corumbaense,Diário Corumbaense,"Wed, 15 Oct 2025 07:00:00 GMT",Curso da Saúde oferece formação profissional em Corumbá  Diário Corumbaense,https://news.google.com/rss/articles/CBMiW0FVX3lxTE5jSjYtUVhPS1hscUZ0TWdTdk1Ia3N0WVoxODJ5T2JJS3ZaUE1WYzRMbkpGMU03U09yTXhKWU9PTzBScjVNZUFaLUFJa3hKSXRGVTlUSDAtOXZUSnM?oc=5
Ladário,Educação e Negócios,Concurso para cabo da Marinha tem provas em Ladário e inscrições até domingo - A Crítica de Campo Grande,A Crítica de Campo Grande,"Fri, 10 Jul 2026 07:00:00 GMT",Concurso para cabo da Marinha tem provas em Ladário e inscrições até domingo  A Crítica de Campo Grande,https://news.google.com/rss/articles/CBMifkFVX3lxTFBXamZjUFk2c2Z6SFkwWnFLYVdfSTJmYTBIOHJxamFKTnZRalRlN2gxTDVpVTR6QXVpN1hXeklwejhETUVqWXRZVEJqU0laX2FBUFZreGU1OG5MLUVqZmQ0dlA5S3ZKWWYtNTBaR3o1TVhIWE5mNWhiZ0pOZnZBUQ?oc=5
Ladário,Educação e Negócios,"De pesquisador a geofísico: em 20 concursos públicos, são 13.211 vagas esta semana - oglobo.globo.com",oglobo.globo.com,"Mon, 06 Oct 2014 07:00:00 GMT","De pesquisador a geofísico: em 20 concursos públicos, são 13.211 vagas esta semana  oglobo.globo.com",https://news.google.com/rss/articles/CBMixwFBVV95cUxQd0w1UW8yejhtd0ZWMFVXZHRKaHMtR1hjQUFXZ0NUbDdaWVFMNGpNRmJfOXI2OFJGX05Qa204cUp0OS1YYXJIRzA0ckZOLVVJTndEQWtRaWtoVVdwVkgzcDg3dEZCWFl2RkVRRGdra3c3MFhyRkxaSFZHdkZyb1dtU0syRG5oZDRxeWFFcmpqenRPVmNlUjJVMC04ekJGT0hjRDlvd3FMRzhPNHp3RXh6aGZRcGcyR2FZeVNXWHB2MkZtX1I3WWFz0gHWAUFVX3lxTE42SVNUVjlGbDBXQlRXcmwtbTNESUZzal9rTkE1VjhuVlMyQ21rUDJ3dlpPeF9RYVk5VjdpN3JGTWF6WWstV0VXQnJLLTdnZWhkQWo4SVBlblVMTnNKWlpYQ0ZWNWdyOTNDYzZBbUFidWg1UzhWenZ3dXBBbV8wSXN5UlVVWTFlS0tjUnN5TUJxLVJlRkVtOTdlMXZNeVJPV3dkVmlqQy11VnR4WTFYay0xd2hGTUJjSmZPdnJseUNiQ0x4T0ptZTFRRHVSTGszMm9GZENOaGc?oc=5
Ladário,Política e Institucional,Parque Pérola do Pantanal será novo refúgio em Ladário - Campo Grande News,Campo Grande News,"Mon, 10 Aug 2026 07:00:00 GMT",Parque Pérola do Pantanal será novo refúgio em Ladário  Campo Grande News,https://news.google.com/rss/articles/CBMitwFBVV95cUxQQjVxVUNSM3EyQTB4c3lmX3ZGU2Jub2kyM0NmdHVUWTJXNXFHVV9JakRUNkhibUJkcng4enp1V1g4NmwtRFJRcDA3d24zT0ltNjA2MWhaODNwX1V6Z1ctLW5WYTR1ZWxERC1EVWRHX1E1bmtBSWY4cTlSR0FEZjE3RG5mUUZsN3NwUkVCU3hUXzBiMndvY3lnX21SR2Q5cU9BZlNsLXhqb1hSTENMTnRCbWN2NG1ieUnSAbcBQVVfeXFMTzV6NVp3UXVqcWpKUWR4ZW1xcHVwMEhNOExJczZNclpKYjFXM0IzNS1zVG9IQ01tS1NRRWZad1lwSFp0TnNya3VGTWlWMW1zM1FsOEVfNjNxV0NlOTl4eHZMdklKdnhfZmdBcjdXWkwzRE5XNEwzNmduYjNXa3IyMHFLTHJrRExub3FTQ2lwZ1lhRWpOY0wyOWNwNnI2a1FMSS1aM0RTQnByX0xKZVFwX014bUNPUVpz?oc=5
Ladário,Política e Institucional,"'Vamos esperar', diz presidente da Câmara de Ladário sobre abertura de CPI após operação - Midiamax",Midiamax,"Tue, 14 Jul 2026 07:00:00 GMT","'Vamos esperar', diz presidente da Câmara de Ladário sobre abertura de CPI após operação  Midiamax",https://news.google.com/rss/articles/CBMirgFBVV95cUxNS1pldFBxRnJISkYzVXo1cjRjc1ZSVVVULURoUU1BZW1VOGs1OGJOelJQV0l2SmIwYkNqaXNPN2xfbGtPM1FvUlhMYkZMZTBpS2hiVU5KUEpON0VWTmdwd3hpaXBLdWduVm9OQjFubVN6X0NXNVg3TUFFV2pwQ0YxWndQN1ZOeTVsZDNaRFdKXzZlYUpPcHA5VFdMOTFBa2lEc0EyS0Q3SDVrTDBJS3c?oc=5
Ladário,Política e Institucional,Ladário agenda audiência pública para discutir LDO 2027 - Midiamax,Midiamax,"Thu, 04 Jun 2026 07:00:00 GMT",Ladário agenda audiência pública para discutir LDO 2027  Midiamax,https://news.google.com/rss/articles/CBMikwFBVV95cUxNS2ZocnZIRjBMajcyRW9FVGxqR2dENEtRU2xualB5cHhCS0I4MzVzTjhWbnMxdmVZZXBhWHQtWGoyRldLT3lOZUhRTGtmTlBQbmliUFZPc1VUdlNsYUhmN1RQYzY1UmR5MWJrZG8xNjl2R0ttWm1rWHBLNE1waGo5UnJBUFZ1b21XbVZ5NDV6NTRqTE0?oc=5
Ladário,Política e Institucional,"Caravana da Castração encerra atividades em Corumbá com mais de 1,2 mil animais atendidos - Município de Corumbá",Município de Corumbá,"Wed, 20 Aug 2025 07:00:00 GMT","Caravana da Castração encerra atividades em Corumbá com mais de 1,2 mil animais atendidos  Município de Corumbá",https://news.google.com/rss/articles/CBMiwAFBVV95cUxQNFhyTWFVYWlaQ205SF9KaXVEbkZENUxvSVJpbkdzRmdZZ1FIRjIwQVVJeTQ4VTFvdVhTYnEzbFR0eWxuN2dmQ183Z2RGTkVpYThvQXRxVk1JUVhoUVE2NVVHWXM5bkVkcmZmSndEeTNLRDNubnNaT3dXVTVIck9ycEQ3YUJ1NmdIVTNQZElrLWNpSzRjb1FtSTBjb2ptMGcyRm9ock8xMFh4bjh1aS0wZ1BqM3RiUGZjbXR5M2RlU0g?oc=5
Ladário,Política e Institucional,Gestão Municipal protocola pedido de veículos e sinalização viária para Ladário em reunião na Casa Civil do Estado - Correio de Corumbá,Correio de Corumbá,"Tue, 08 Apr 2025 07:00:00 GMT",Gestão Municipal protocola pedido de veículos e sinalização viária para Ladário em reunião na Casa Civil do Estado  Correio de Corumbá,https://news.google.com/rss/articles/CBMi-gFBVV95cUxNWGFzQ1JxdzFscWxDbEtxaHNDOWRSTFAzUXVhckNnX2QwRjQtSE5TekRUQmlyS3hkRlYxYlBvWnB0VUpHWjRPbG1CUFl6R0dPUWtKYWxRR0tQdklSSGlKNjBCWTVJU2hLUG1weXY1Zm1pTDNwRUpBV2xCalpaZWEtdHB0OTk4YmRRZ05yNlV0Ump6Z2JPd3ZYemROa1lMenJNSk9QSXJyRmtxR3Rha0x0cVhGMzh1cWpJYlVSWURhMFRTRW9mSTd3V2NLTjVZYUdPRTNnUGExMUZiMnpoamRVSGh0OWJDbTFiMkU0cTFfZTJQYVE1R1hRREZ30gH6AUFVX3lxTE1RLVdpaHhoUENGcVdKUHNGZkpEck44MFVOOEpYZm05MXJNUGJaZzdVWm54T3lyX2FIZHdwUThJaXo5UFB1QVdXSXktSFBieURMdk1mcUEtWmNWQ0JzVTVZMnNfalVjcDdtNG1NbWZuMG10OFlXb3dZNTlfS19sek1yN3RiQldhX2xxXzBpRGMwZjlJOG5rRXp6SEdJSjZWRUhzcGRkUF82M25JeXpFYlFQbTNzQ3BfYTZwbkNYMG45djVHOUg2SEtsb01NSUZRRnJPT2hvMzc4X1V0VjdTV2pyaHhweUZXS2lTS19zNTJIQk9IUXFOU1FVMEE?oc=5
Miranda,Social e Cultura,"Miranda celebra 248 anos com Fecir, rodeio e grandes shows musicais - O Pantaneiro",O Pantaneiro,"Thu, 16 Jul 2026 07:00:00 GMT","Miranda celebra 248 anos com Fecir, rodeio e grandes shows musicais  O Pantaneiro",https://news.google.com/rss/articles/CBMivgFBVV95cUxOZ2plM2NXZGJUVWNUV0NwRW8wU0lJeWJ1c0dSYjNwc0Z3Z01RMFdDbE5NVU80ZElZN3VCYjNldXlBWnhjUFBYWm93MzNKTTNfRHljTFM1WGNNd3RoeC1oYkt2V0hQVDFCVFBfZ3FpT20tSHhac3JvTTdnaU80YlZleF9XQ2lRZVF1Ni1VTFdCTjQzLWxfU3JPQXpVTWF1amEwOWlrWEFUUDNjUUtYWmNlaFI4bDZfclZkOUJQeGt3?oc=5
Miranda,Social e Cultura,Jamilson Name visita municípios do Pantanal e reforça atuação em defesa do desenvolvimento regional - Midiamax,Midiamax,"Wed, 01 Jul 2026 07:00:00 GMT",Jamilson Name visita municípios do Pantanal e reforça atuação em defesa do desenvolvimento regional  Midiamax,https://news.google.com/rss/articles/CBMizgFBVV95cUxQNFRXb18zQ21PRExpY0FTZTdRUFhHY3FPbUw5aFRLdEtPSFlMMDdjRlg2enZjdzc5OFZkX253NjFUOEJYTjZHQ0NqdGt6aGY3QlI1NVJDYU82eHFTa2RVNS1XdDRMM3pxSVRJNWdfZjlNMjVOcWNKVlQ3NlJrWlZxNnYwTWtPYmVNYWstYkJuUlJmWlloNl9nakdBYUw1SWR4Qk9BRFlxR2wxU1Bwb0I1Wk5ZU2RrYmd0dFN3MUd1QTYyMHFyVGRPbWlWSVNZUQ?oc=5
Miranda,Social e Cultura,"Entrevista com o ex-secretário Marcelo Miranda, Jornal da Top - Diário MS News",Diário MS News,"Wed, 08 Apr 2026 07:00:00 GMT","Entrevista com o ex-secretário Marcelo Miranda, Jornal da Top  Diário MS News",https://news.google.com/rss/articles/CBMinwFBVV95cUxQNVVCTE1sNUhFU29MVDJla2ZPbjlEMk41UlZqSjlvLVBTSHZobXlQaDVUX2V4SW9jN1dfcXVTWDFZajgybXFsOUEwZ0xwZjgxcklCcVZWVnNhUFAxVUY5anBiaVoxZDFkSW9Ea1dsNkJ3M3ZncllMWmNTT3AwaW5NN0N4SjBwYjhHY1pLTlZ0WUZ1bUxrUElsb2dfMzdGSlE?oc=5
Miranda,Social e Cultura,"Três dias de festa gratuita com shows, rodeio inédito de cavalos, fazendinha e parque de diversões - Gazeta Digital",Gazeta Digital,"Fri, 07 Aug 2026 07:00:00 GMT","Três dias de festa gratuita com shows, rodeio inédito de cavalos, fazendinha e parque de diversões  Gazeta Digital",https://news.google.com/rss/articles/CBMi7wFBVV95cUxOYkRBSFo0RTdZNlI5SGxOLUNEbFpYMHd3U0ppNFVCUWprdll2MzdJdjcyYzFFeW11WnVtTWlMYnU2cHVjLUJHaEpGTXV6bHZwdjN1YkVlbEVUcWZJdDlSSHFQTHpWejVnaUdXYmdQenNOSUJINWM2WG9raFVXZHhFY1pZYUtuSGZRTEZyRngwcURyLWJ6ZkZBYWtZYkF1YllwdGNyVkdXVldfcG9yb2hDdlBaaXRQWUptekhHSlljYk5QcHg5QXlqQW1YNW54a0FjWFYxSHJlVm96WTZZM1FhWTV3Xzc3WkQzMGFvZlFfdw?oc=5
Miranda,Social e Cultura,Semana Modos de Acessar 2021 - Sesc São Paulo,Sesc São Paulo,"Fri, 26 Nov 2021 08:00:00 GMT",Semana Modos de Acessar 2021  Sesc São Paulo,https://news.google.com/rss/articles/CBMic0FVX3lxTE9GTGZsVUJyRkF0VFVjN3RIeU1JdGFOTUIzZXQxR0xEeFVEZVlvaDdpRkc0Xzl0bmpDOWFBbDUyd05tOE5WM2JVWTk1WjR2alQzLU1fWlhFbGk4Z1hwN1FjZlZhNGt6UXZSRkJqcFo1bm5BbWc?oc=5
Miranda,Educação e Negócios,Concurso DPE MT inicia trabalhos internos para novo edital - Estratégia Concursos,Estratégia Concursos,"Tue, 11 Aug 2026 07:00:00 GMT",Concurso DPE MT inicia trabalhos internos para novo edital  Estratégia Concursos,https://news.google.com/rss/articles/CBMibEFVX3lxTE9IVlVrZnJwTGY3N1Vtd1hDa2NJQzlfVi1tTGRQQVNQb2hnZG5RcVJzT005QjdWVVdMZV9VbUxBNUxiSGxNWmgwMk15NFVodWwyMFRhZ2VPVnVKVlY2V2hkMGk3Slctc0FiWTRGZtIBckFVX3lxTE91Z0dIeldCQk16d2l2TDJsdm05RUtldzQtVDlPTnM2a25jNEI3cmRHNFk4LVRfb1RVSHNTRUl3Q25oN25Xa04tRUVyOWpjU21JWGx5STBiZzBGZW1TNmpzcmlpVTdDRmJBVGxkTmVaelR4QQ?oc=5
Miranda,Educação e Negócios,"Em expansão na rede estadual, cursos técnicos já superam 137 mil alunos inscritos - Consed",Consed,"Thu, 23 Apr 2026 07:00:00 GMT","Em expansão na rede estadual, cursos técnicos já superam 137 mil alunos inscritos  Consed",https://news.google.com/rss/articles/CBMitAFBVV95cUxQcmtEVVg5YWR0R21vU1N2RkhMdnJrY0ZjSnpGcnVmV1FqMXdobk5JbHV4VWRIQ3ZKNEU1QUlOS2N2d0EtQkxxd1hJdXc2T2RrZVpHRTR0M25GRTlidlo5Yjc3ZjRoZ1k0M2VtVDFnYkVDNTFnWXIxb0JrY0RlMEhwR1VYRFcxc0MzcXhnejJ6aE1fREJsNXl6U0dJeWI1MDMxU3F6SFlQd2NuekQtdjMwOHFrTGM?oc=5
Miranda,Educação e Negócios,GIRO FUNTRAB DE NOTÍCIAS – 03/06/2025 a 16/06/2025 - funtrab.ms.gov.br,funtrab.ms.gov.br,"Tue, 17 Jun 2025 07:00:00 GMT",GIRO FUNTRAB DE NOTÍCIAS – 03/06/2025 a 16/06/2025  funtrab.ms.gov.br,https://news.google.com/rss/articles/CBMihgFBVV95cUxOdThvX3U3ay1qR2dRN04ydUZIM3JZRWVqWU53Yzc2NFlFSWVfbmFHRnlGRkpHbmRaUnNKUDB6SWlIaGZLZHViV0xvNW1QSlBfRVRORHFzMDRuMGlrbmhmZFpacFpLVWt6QzJTMThTMzlCV2hvYVF5eDE3WHhFeWw3RXBHamc2UQ?oc=5
Miranda,Educação e Negócios,Escritório Social da Agepen transforma recomeços e amplia oportunidades para egressos do sistema prisional - agepen.ms.gov.br,agepen.ms.gov.br,"Wed, 14 Jan 2026 08:00:00 GMT",Escritório Social da Agepen transforma recomeços e amplia oportunidades para egressos do sistema prisional  agepen.ms.gov.br,https://news.google.com/rss/articles/CBMi0gFBVV95cUxPc3REaWx6NE5XSkdPUGNMUGxUSHJwa1VRaEFzbVlLaFVSSVY2WlhISjZQTHdsUzRQUWEzU1RSajhQelU2dU8wUlB0SEZyMmUtbWhycjNPcFF6T1BRSEFWMjkzTDdWamlNNWVMZTZEaU91aGJRaTMzWHRaSnVQckJfLUVqaHlYcnNHb3Jvd3l1VlFIOUx1NEtWeGIxZVdNcFZvZEdRa1paR1RQUWZabGpLSVV0MTVGTGxnYU1WM1E5VnFtRHQ5MWJPbzgzUXVGS0dkQ0E?oc=5
Miranda,Educação e Negócios,Petrobras abre 715 vagas no Programa Jovem Aprendiz 2025: veja salário e benefícios - Seu Dinheiro,Seu Dinheiro,"Wed, 01 Oct 2025 07:00:00 GMT",Petrobras abre 715 vagas no Programa Jovem Aprendiz 2025: veja salário e benefícios  Seu Dinheiro,https://news.google.com/rss/articles/CBMiygFBVV95cUxQYVlFektiNGdjNkxkbEMyOFhiUV9DOWtqRURlRFg0VXNWWHRsZ2lPNjY1OEhXeHFlbHBOUE53MDdlaU9scVVITTY3YUhCSE9aUjItVzI1czVuVFdfZWlERktVSlFMMGUwcTF1UXRubGlpT0FnVFpkWE50ZkFnSFF4WkhSZlQzTWdWVkYxcHQwb0lnMGhiWGFXLTZOa0JNeUlJZlNwd01yakpaMTRXdURPeUJhTHQtU0dWemRzc2JGdEhXemNqcnNEdmZB?oc=5
Miranda,Política e Institucional,Dona de casa viaja 212 km para participar do Mutirão Todos em Ação – CGNotícias - Prefeitura de Campo Grande,Prefeitura de Campo Grande,"Sat, 25 Apr 2026 07:00:00 GMT",Dona de casa viaja 212 km para participar do Mutirão Todos em Ação – CGNotícias  Prefeitura de Campo Grande,https://news.google.com/rss/articles/CBMivAFBVV95cUxNVzVBRXNMejgyeGVxSEkzSnpwc1A5SDBhaGdORHp3OC1NYVVPQ0VkTHg0NDVCb1F1TUxnRWkycEhnMUl2bHBrbXJsMDA5T2FFdmEyNjBQbnR0bi1yb29NRmdSS3NwUUpwUDdRZTRzUy1JS0VTRVF0WUtkMERpcGJRcGlQN3I1clJScDdaVlRZWFVjcmdmRVlxbnpMMlgwdTJtRUtzaXd6bzRIUm5GenRYZkJCRnpDMEd4UWt3Qg?oc=5
Miranda,Política e Institucional,"Morre Marcelo Miranda, ex-governador de Mato Grosso do Sul - Diário Corumbaense",Diário Corumbaense,"Tue, 23 Jun 2026 07:00:00 GMT","Morre Marcelo Miranda, ex-governador de Mato Grosso do Sul  Diário Corumbaense",https://news.google.com/rss/articles/CBMiZ0FVX3lxTE9MeTBKc0dVVHpmelMybF9GZGxWQXNreUgxdE5CMzR3eVRoNkxIdmpaazZ3aE5oZkE0R1BNaVZsdms1N2dxdUdzWnQyR1VOMGtyRUlSSFZIX2ZBTzROWkJMVGNIV2ZZRXM?oc=5
Miranda,Política e Institucional,"Nota de Pesar – Marcelo Miranda Soares, ex-Governador de Mato Grosso do Sul - Diário Chapadense",Diário Chapadense,"Tue, 23 Jun 2026 07:00:00 GMT","Nota de Pesar – Marcelo Miranda Soares, ex-Governador de Mato Grosso do Sul  Diário Chapadense",https://news.google.com/rss/articles/CBMirgFBVV95cUxOYUo2QmgzeXV3dHp6NVBDMW5pQ2EyM1oxMWpQckxGQllyZHNaU2VmYlNtMWNSanduckN6TmlHbjVfdzBGZDhxdVV5b2ZjVlJkRTgzdERRa3FoaDBZTEFQNWM3QmllX29RVk1mOXNiaWNsMjNDdngwOGhuQVBBWHRiem94Ri1lb01mdC1DNTkzM1NmYmNlQktPYkdKckd0ak13VHFSV1hwcXF3aXVOYXc?oc=5
Miranda,Política e Institucional,"Morre Marcelo Miranda, ex-governador de MS e ex-prefeito de Campo Grande - - Folha de Campo Grande -",Folha de Campo Grande -,"Tue, 23 Jun 2026 07:00:00 GMT","Morre Marcelo Miranda, ex-governador de MS e ex-prefeito de Campo Grande -  Folha de Campo Grande -",https://news.google.com/rss/articles/CBMiowFBVV95cUxOUGJDWExhRXhlVHFkU3NwdGd6S3RFR1RaaF9hMzM5cWc5dkdaV2pQUmYtUnJiUlhTalZlMHpPdjkzcjBkbVNoMEwxSEg2MDZFeEdnLUtqcjRZWGt0bjRwTDRsSFpKR3piNG53LVNzWlo5MXl2S245Q1NNbm8ta29qX29HVmRFa2tSbDJ6OFdJN2hKT2Qyc0pad1RoZkw4SDBsNVk4?oc=5
Miranda,Política e Institucional,MS se despede de Marcelo Miranda com luto oficial de três dias - Primeira Página,Primeira Página,"Tue, 23 Jun 2026 07:00:00 GMT",MS se despede de Marcelo Miranda com luto oficial de três dias  Primeira Página,https://news.google.com/rss/articles/CBMisgFBVV95cUxPczJKRzFQdXNONDM4XzRfai1WT0F3Y1RXc3VpN2dMZ0ZiT2VlLU5hRDNuODRuV0V4b3B2VkN3dzRSbWVOSlZuanR6QjVPYzA4ZkE5SWtyc25uSnRWMTJlbENUTHJWRk1IeGg5NE1jVDRPSllzZ05rOXJtcFR3RXI2dWZxSFhyNG16eFIxVlZMNkZLZXdVT21tQjEyU1FnNmF4NEZGY0JYZThIWmtXX2RucVZ3?oc=5
Mundo Novo,Social e Cultura,"Cine Sesi Cultural finaliza 3ª etapa com 101,6 mil pessoas em 32 cidades - Agência de Notícias da Indústria",Agência de Notícias da Indústria,"Mon, 12 Nov 2012 08:00:00 GMT","Cine Sesi Cultural finaliza 3ª etapa com 101,6 mil pessoas em 32 cidades  Agência de Notícias da Indústria",https://news.google.com/rss/articles/CBMi2AFBVV95cUxPb2s0TFZTN1VsNUxCcm5kdFdhMzBnMjJIdWFITFkxa0Iza0Q0SGlMem9TeGdkU2FDeHZZUE1WR3VxVGV0T08temhMVmRwempUbW5Cdm9YN3N0aF9zYUJNZkVTTzRmbXlZc1NhZmtGUE9CbG0zblRyejhPbU5Va2ltdUU5TlJ2Zy1Gb3VJdU9oY1hSN0pBdy1ua1ZETFkxb0VfejFNLXctS0VIekNYQWNYYnBiQk5QRDJoV01uM3NRNHUxOTZyTWp0NkUyLUw3T2JhTzNlazRJNDU?oc=5
Mundo Novo,Social e Cultura,Projeto Artesania fomenta cultura e geração de renda no interior por meio do artesanato - fundacaodecultura.ms.gov.br,fundacaodecultura.ms.gov.br,"Fri, 30 Aug 2024 07:00:00 GMT",Projeto Artesania fomenta cultura e geração de renda no interior por meio do artesanato  fundacaodecultura.ms.gov.br,https://news.google.com/rss/articles/CBMixwFBVV95cUxPMS1CRmJSdnVlZS1ZMWtrd3R5ZDctSnhNVlFoeUlsQ1FXUGlYMW93cnhseVRlVTRwclVEQWVvZWZTTmlndEFHaVBLeGswdjMzRjF0NVl2eDMxeVd2Sl9jWVpDZlRmM1dXblZIdEpDbnoyb0RVa2d6aVNlQnRBdG4xSklkMkFBNzVERkNmcjRsQ2VaSDJINEE0emJXQUx3WE1kZWRyTEtscDZzZFlwZmFpeHM2S2lzTmw4d1hWSDBwalRyOXVzbHRj?oc=5
Mundo Novo,Social e Cultura,"Cine Sesi tem 2º maior público do ano em Bonito com 4,9 mil pessoas - Agência de Notícias da Indústria",Agência de Notícias da Indústria,"Tue, 25 Sep 2012 07:00:00 GMT","Cine Sesi tem 2º maior público do ano em Bonito com 4,9 mil pessoas  Agência de Notícias da Indústria",https://news.google.com/rss/articles/CBMi0gFBVV95cUxQNHRsNkdrcS1vTGxMOUFyR0d1UmtSc0ZNZ1FEN1ZhZHNSRzh0XzBsUml5MENpYVZ2RXcweFdEMHh2cFBZbEYxMU5iV1k5Z3B2cmlLU0QzRDZtbGVFWkpQcmwwb2UtaUZXMDRZTm5QUlNBOWJ0azBnV01zbjNvYmRWcHZKbkRYN2doRElyZHNRQUFjMlBiUDJERWRQN1ROOHZUVmExUkJLZm5HWmFDNHNMQ2xVdktYd25hZ0ZKbnBPTEV3REJIWFlSU3ZlVE0tM05pN3c?oc=5
Mundo Novo,Educação e Negócios,IFMS abre vagas em cursos técnicos em 7 cidades; matrícula é por ordem de chegada - Campo Grande News,Campo Grande News,"Tue, 10 Feb 2026 08:00:00 GMT",IFMS abre vagas em cursos técnicos em 7 cidades; matrícula é por ordem de chegada  Campo Grande News,https://news.google.com/rss/articles/CBMirwFBVV95cUxQdDJPcWhlNnl3aFh3RERLdzkxci1QNXJEbmFXOS1lZDJVaFp5Ync0X0hTUzl1ZTAyM2V2cXZCaW90b2plSENWVnJwenBHOTgyZGM1QkxlTmJwS1pFQUx6enhaNFViMkswOG4yOV9NWjNrMEp0RDZBWmhtMzRMUW5iN041U1hNN3NwdHRFU0N4V1VaRjNWVGhpYjIzbnE1OGktcHpXXy1nVDVvVkVpanFB0gGvAUFVX3lxTE16SHZHcEVoc05JdVY4SjdxQ1NLd3BESEFDa2JQVTdNcXloWWlPNHQzVGtNY2RndThhLU9WbzgxbFJKOHhLV3FOYVB5d1JaRU01TC1qcW9USnRBVTJGOU5Td2RXV1lYWmNJOS02ZEVpMWliTUZuaEQ2RHJyWlh5OXhrT25fdldGVzI0cE5ydkVxMG9sLW9rXzZxdGNXTU5iMkRIYW9jSHh6VXRUSlB4YmM?oc=5
Mundo Novo,Educação e Negócios,"Acabou a desculpa! SENAI tem mais de 8,3 mil vagas em vários cursos pelo Brasil - Agência de Notícias da Indústria",Agência de Notícias da Indústria,"Fri, 26 Apr 2024 07:00:00 GMT","Acabou a desculpa! SENAI tem mais de 8,3 mil vagas em vários cursos pelo Brasil  Agência de Notícias da Indústria",https://news.google.com/rss/articles/CBMiyAFBVV95cUxNcFlwckpLcUVCNG9lUVVHa1JzeWtNNFFaSVllNk9hYWVqQzRkSXdhbW85Qk1ua3oyXzJDTFowWldzZDZiWUVtbVVyVFFxWGMwNmJkWWVuNVd5MFQyT0VwYUFDQ3BqcGM0VVdFMWRZOHhQS1ExVFE1amhwRUdmdUI2UkVHdHhuSmdwRndGbWRBM1c0Njl2X29Lb3hKN3haWloxaVFKYWp1QS1NMk1rWW1RNnZwQ3J5WmtMd29MVU9jSXBkcGVlOVZFWg?oc=5
Mundo Novo,Educação e Negócios,CCR MSVia está com 30 vagas de trabalho abertas em municípios de MS - Motiva Rodovias,Motiva Rodovias,"Fri, 01 Aug 2025 13:57:05 GMT",CCR MSVia está com 30 vagas de trabalho abertas em municípios de MS  Motiva Rodovias,https://news.google.com/rss/articles/CBMivwFBVV95cUxOd245czhPYXNyS0ZkMG03UzliYWlkeFFQRThicVNDQnRJZlZxOWo5eG5LM1ItTEJIbjRTTnF1MUEtSVc4MzVfY1JkcURsaDNiRzJkblVxUHhOUWlIS2wxX1ZCUmI5WGNtMlFnQVZadm1Pc05UUEE4X2tYN3Z3cXAwUERkWVdXNUhKU3RPVHEtRGdmWlI5WkV3Y3hST1NWUWlPX0RXU085VE5FNVAwcDNfdnA3Y1NUbDY3MHA3bXBpQQ?oc=5
Mundo Novo,Educação e Negócios,Concurso Mundo Novo MS: confira os gabaritos! - Estratégia Concursos,Estratégia Concursos,"Tue, 30 Sep 2025 07:00:00 GMT",Concurso Mundo Novo MS: confira os gabaritos!  Estratégia Concursos,https://news.google.com/rss/articles/CBMihAFBVV95cUxNREt1X3MzVzBsZHZVekIyRFNucTQ1QTNQVnBWZDRjZzRjQ3dpd0l3UzNDd2VlV1RtdXBrVDFuTi1nUzZhU2VSTmhZeGxNY1hhQUdwWV9sN05IVUNQSFdMcjdhZWFEMC01QVRLMjlqRnFpaDhjamcxVFVKWUJGWVBSZkZCWmTSAYoBQVVfeXFMTVE4VHEzYVctbkVWQUVyUmE2ZU9LWW9wYnY5Y3pDWnJITEZITllTTDE3S2dfTTNpZ2t1U2J5ZHhWaG5KTENfSFJDd1I3ZlpZSFA5ZS1zRHJENTdJYlNTZElDYTduVzdwM0xzMnFiMGxVeEJEWnNtMnJRbERxbEs5bERHcWdDdmFOeUt3?oc=5
Mundo Novo,Educação e Negócios,"Sanesul abre processo seletivo com 40 vagas e salário de até R$ 3.189,38 - G1",G1,"Wed, 08 Jan 2020 08:00:00 GMT","Sanesul abre processo seletivo com 40 vagas e salário de até R$ 3.189,38  G1",https://news.google.com/rss/articles/CBMi0wFBVV95cUxPeXNKT0xheUozNVB0NDVMNTRZZnYtbXNhbER1TlBUUXJoSjE5Z01kNTAzUjhrZktYVEtqSTVla3dKQkpFdXhWSGxtMWtXekxuRjF5VlhlVk44Q3JPUWZ4X1VBZ2tfNVdBeDg1NkwwSXJTS194ZjNSVDJIeEsxdWhVZlJkNEZYMjZOeUNqSzdPTlpfSi1wdnkzU0huLWlHOE9kMFZuYldQYXRnM3djQzg1Mm1mNGJLaEZFWUlTT1pQeGxIdlhXV3JlVDQ1TlhZdDEwcVhj0gHiAUFVX3lxTFByWUhFR1VyLU5nX0tDbUc0X1R3TFRuTmpIR1Ftbmk3OENVRFJCckZtN29MLVgySG4tMURVdDNnWmdKSHhqbWZQYU1EWGdEWEhuUmpEbksxOG03a3p1eGU4UnM0a1pRc1VvUEtRb3FFdnZwU3NBUGlJVmxfS0ZGbWpWaEZJbXRQZnJQYndXS3Z1Vkx3eHFqc19HX2pybGswSE9YbmhXMDB3M1BzVXhuVHV5VWVrQkQ3N29XNUdOVTdqWVUyaTVfNFZUaEFRRHFLdWRQZUdITDUxM3Fkbzk3dGExX2c?oc=5
Mundo Novo,Política e Institucional,"Itaipu anuncia investimentos em esporte, educação e infraestrutura para a região oeste do Paraná - GDia",GDia,"Fri, 03 Jul 2026 07:00:00 GMT","Itaipu anuncia investimentos em esporte, educação e infraestrutura para a região oeste do Paraná  GDia",https://news.google.com/rss/articles/CBMixwFBVV95cUxOaDBvSkZXazZrSDM3Y0dZNzhUMFp0SXNhU05hUHoxOXMxVHBxX0pEX1E2U0RTcVIzUG56N3hZajJiUnVkRE8xSmtad3BrUHNndnp5ZUgzRVVfek90N2tHcVJBZUZSOTBKdHBfaFBIVGUtRkdKS3FBNUtDZ0d0QkljYnllcjFmZWhNWG53OXM2VGE5a2NtTTJlbkRfNC1xTk15VXZKVEp3cHJRMVpfTmVka3lWS3FCQXZQYzA3d1h4eUJsQ08weTg4?oc=5
Mundo Novo,Política e Institucional,Mundo Novo recebe repasse de R$ 350 mil para ações de saúde pública - Midiamax,Midiamax,"Mon, 15 Jun 2026 07:00:00 GMT",Mundo Novo recebe repasse de R$ 350 mil para ações de saúde pública  Midiamax,https://news.google.com/rss/articles/CBMirAFBVV95cUxOdUU1eExINmhTMlNfcEZHeGE5Y0pWbFNZdldhU3JKaVVVQmRocllQMEZfR1pKUjNqLXRhYVlqczVHaE9rR3ZkYmZUMndHeElpYUN4QUxXdWhiOW9DTHo0WUhBSVpfV3VUUGwwXzE0eE5kWXp6YUpJNWdjVmRFNC1iWnU5Tjk1LW05dFkxdW8wZVpfVDFqc09kZlBJaVBWanE3RGhXVjZmYUxJV2tq?oc=5
Mundo Novo,Política e Institucional,Mundo Novo investe R$ 1.011.220 na construção de ponte em estrada rural - O TEMPO,O TEMPO,"Tue, 18 Aug 2026 07:00:00 GMT",Mundo Novo investe R$ 1.011.220 na construção de ponte em estrada rural  O TEMPO,https://news.google.com/rss/articles/CBMiswFBVV95cUxQQklhanhnazhKR3IxX3pFamdQbGlGV1E2Y1RnMDNJYVhUUnl4ZVB2XzlRT1FzdmFOQXVCQ3QtM0RlbHZZT01lS1ViTy1UUUVsQ0VmZTlxc25SQ2ZQbkpwdXFJc0pScFh0RzJkaGdsNnRZbWVWaldISEZHMDRIY1VjQ3djeW1aak9fMkh4OC1hN2tqS2hJQWdXT3Fwdk1rTDZvd2N3Z0t5SlIxSFo0NW1qUi1hVdIBuAFBVV95cUxPMkZuODVKUW9hbUNKckpXbnVhdTV2SE9GRllneG1rNV80N01MMGZJdFR2ZUFaei1JLVZLRG5FUEN3dDgzNGZIcE56amV1MGFFOEVnazE0UHFRTmt5UkJZa01hZDJOZGJudl9aQnoxRThLM1R0LXpmLUVxWHRKbHJwSUNJcjUwc284MjRGUzRKMDg1UlByMHlRRFpJQXd2SEMzTTdtcVhnVExFbUhDSm5la1BKdXVEdFM0?oc=5
Mundo Novo,Política e Institucional,"Polícia Civil inaugura a 53ª Sala Lilás do MS, em Japorã - sejusp.ms.gov.br",sejusp.ms.gov.br,"Fri, 24 Oct 2025 07:00:00 GMT","Polícia Civil inaugura a 53ª Sala Lilás do MS, em Japorã  sejusp.ms.gov.br",https://news.google.com/rss/articles/CBMijgFBVV95cUxPbExxTDdpU3U2U1otclpkdE9rRjJnTGNvNHoxd1JMOUNsLVFPUlhFSUFUVUNpb05rN2doZlFqc2FwSmhKTGhMN0JnYzZrN1ZWUFByWUhmMG5KSUFVOHJBQy1HM0xkdlMtbWlXXzZVc0w3Yk1Jb015MGk0c2VCN1ZrVXBaMVU4dXNfTGVGRFpn?oc=5
Mundo Novo,Política e Institucional,MPMS promove I Encontro Intersetorial para fortalecer rede de proteção a mulheres em Mundo Novo - mpms.mp.br,mpms.mp.br,"Fri, 06 Jun 2025 07:00:00 GMT",MPMS promove I Encontro Intersetorial para fortalecer rede de proteção a mulheres em Mundo Novo  mpms.mp.br,https://news.google.com/rss/articles/CBMi0AFBVV95cUxPaXdQNERFbXFNa1VxYTl4eG11QUc1UmF2YzBpVC1WTUQ2eU1RQ3VGWUNVRTRSWURiSTFyUEt1T2VabG9Ka2pOY3ZzcEJNdTdVUC1RUGp5UF9VTlRJWHRxZmlpSUo0dEVDUnFkN1JsdHFydkU3ZmJYc2Y0RVQ4ekFFUFFrMWxXbVc3S2k4SDN3bS13VE5RUUw2NmpwWlBZcklpUGZMdUd4RUJqdmRRTE1BaUhDcnNSV3FrYllTUnBfYVhyWjgtX0VMeFAzSTlFb1dW?oc=5
Naviraí,Social e Cultura,"Colônia de Férias da FIRJAN, matrículas no SESI-MS e museu de ciência 4.0 na BA - Agência de Notícias da Indústria",Agência de Notícias da Indústria,"Fri, 25 Nov 2022 08:00:00 GMT","Colônia de Férias da FIRJAN, matrículas no SESI-MS e museu de ciência 4.0 na BA  Agência de Notícias da Indústria",https://news.google.com/rss/articles/CBMi3wFBVV95cUxNN2tMbnMwdVZmdDlBajNYTEd0eF9rYlB2Z1ZvV0pxSmVlRlZqQmUxMWJzOTU1dGpFWW9HSU5aZmQzeGVIN3FXN2lhZTg1WnY0MzhOUU4tR3F1WWlONlhCaTBoYm5OX3FYM180VlU2UWlRSW1LclJmckJFbWZnWVdBVW9oNWZQUmdBblZyQ1RGX0FHVERSeUdjeUpUUTMwY1FuM3RWVHc1WnBDOEo4MTJrNWJ5UmJqTmJDcVBNTGhudVFFbENfR3dfZ2otWUtDZTM1MGg2aHNVWkxhYlEzZlhN?oc=5
Naviraí,Social e Cultura,Projeto Artesania fomenta cultura e geração de renda no interior por meio do artesanato - fundacaodecultura.ms.gov.br,fundacaodecultura.ms.gov.br,"Fri, 30 Aug 2024 07:00:00 GMT",Projeto Artesania fomenta cultura e geração de renda no interior por meio do artesanato  fundacaodecultura.ms.gov.br,https://news.google.com/rss/articles/CBMixwFBVV95cUxPMS1CRmJSdnVlZS1ZMWtrd3R5ZDctSnhNVlFoeUlsQ1FXUGlYMW93cnhseVRlVTRwclVEQWVvZWZTTmlndEFHaVBLeGswdjMzRjF0NVl2eDMxeVd2Sl9jWVpDZlRmM1dXblZIdEpDbnoyb0RVa2d6aVNlQnRBdG4xSklkMkFBNzVERkNmcjRsQ2VaSDJINEE0emJXQUx3WE1kZWRyTEtscDZzZFlwZmFpeHM2S2lzTmw4d1hWSDBwalRyOXVzbHRj?oc=5
Naviraí,Social e Cultura,"Cine Sesi tem 2º maior público do ano em Bonito com 4,9 mil pessoas - Agência de Notícias da Indústria",Agência de Notícias da Indústria,"Tue, 25 Sep 2012 07:00:00 GMT","Cine Sesi tem 2º maior público do ano em Bonito com 4,9 mil pessoas  Agência de Notícias da Indústria",https://news.google.com/rss/articles/CBMi0gFBVV95cUxQNHRsNkdrcS1vTGxMOUFyR0d1UmtSc0ZNZ1FEN1ZhZHNSRzh0XzBsUml5MENpYVZ2RXcweFdEMHh2cFBZbEYxMU5iV1k5Z3B2cmlLU0QzRDZtbGVFWkpQcmwwb2UtaUZXMDRZTm5QUlNBOWJ0azBnV01zbjNvYmRWcHZKbkRYN2doRElyZHNRQUFjMlBiUDJERWRQN1ROOHZUVmExUkJLZm5HWmFDNHNMQ2xVdktYd25hZ0ZKbnBPTEV3REJIWFlSU3ZlVE0tM05pN3c?oc=5
Naviraí,Social e Cultura,Projeto Circula Cultura MS encerra primeira edição com público de 25 mil pessoas em 42 municípios - fatimanews.com.br,fatimanews.com.br,"Sat, 13 Jun 2026 07:00:00 GMT",Projeto Circula Cultura MS encerra primeira edição com público de 25 mil pessoas em 42 municípios  fatimanews.com.br,https://news.google.com/rss/articles/CBMivgFBVV95cUxQSjlwTVMtd2FPTndJUW41Q3FOMGNTb3Zma0ZqS2hKY3cyRWFxcHhpT3hURzBLM1VRWFpSaFZGR180TVA0VDZyTklrYkxUOVFnN3RLNERheU5CS005NW1tLTNyM1NZZTFWdzlLZ1cwS0pkNjlYd0FiZkJ6T2ZUN2lxRDlkMnhreHZYV1ZkWWZDa3FqVWpjVlpKZXNVQnNQV09XWG45VHVta1hvejdvZE5jSm54UVZJQldaU3Nud3dR?oc=5
Naviraí,Educação e Negócios,Senai MS: 2 mil vagas em cursos técnicos com bolsa de R$ 300; inscreva-se - Campo Grande News,Campo Grande News,"Fri, 13 Feb 2026 08:00:00 GMT",Senai MS: 2 mil vagas em cursos técnicos com bolsa de R$ 300; inscreva-se  Campo Grande News,https://news.google.com/rss/articles/CBMiygFBVV95cUxOWHVYVm1BR1ZyVVlueW43X1VYM3ZFMEU1ZlRfU0xfLTY3bmZFaHM1ZlZXNGFwMzJKRFhPajF1WDI1VjZ6ZWh2QkZacmtMSFlEMEJJOEI5VnN3c1Jab05rUjRCQW1ncUpoNmpBSGZnTlcwRlc5dFl6dXAySEV4bE4xZ1ViVjF2N2x0anBPNmZlTVFMQ014dVJqendPRnJLSlEtMk1vbEtkTUlEUTQzMEpUTWU2dG9ZeWI4eDEzUWtmblBOMmFxVS1SeklB0gHKAUFVX3lxTE1kbU4yTTRfSGxJMkRSUHljYThnRHh4WlppSHkwclI1Q0EyN0VVNVR1aDM2YTBpeWJvZU5hNWtBcnVoQ0xFbTBsTHBjLTg1d2dRTDM4TllLa0lEZXA2TnpPT0cxZWtrWXJtWGZJS0JveEZPVVhnTnFlT3ZfaHo1Q0JMRmt4YjI4QXdtTGQxV2UxSG1SejFEZ0hIOUVGZHNDeTlDeElucE11RG0tUUhaWm9JcHMxV2NydVgxekljWUlRQTdRWjdDVm9wSHc?oc=5
Naviraí,Educação e Negócios,"Seu futuro é agora! Senai tem mais de 2,4 mil vagas em cursos em MS - tanamidianavirai.com.br",tanamidianavirai.com.br,"Wed, 01 Jul 2026 07:00:00 GMT","Seu futuro é agora! Senai tem mais de 2,4 mil vagas em cursos em MS  tanamidianavirai.com.br",https://news.google.com/rss/articles/CBMiYkFVX3lxTFBlVDN5NFVxd2RURTFPVXdnRENNRWczYzljX1dKb0dVR2NmSE5ZazFVZFh5OHJYX3F0YU9fM29sd3o0RWFsTnRWNnhLc0xQajhLN21hdmZ5YkVIamtaY0JGcE5B?oc=5
Naviraí,Educação e Negócios,Funtrab e Biosul anunciam 2ª Rodada de Empregabilidade do Setor de Bioenergia com mais de 630 vagas em 15 municípios de MS - semadesc.ms.gov.br,semadesc.ms.gov.br,"Tue, 14 Oct 2025 07:00:00 GMT",Funtrab e Biosul anunciam 2ª Rodada de Empregabilidade do Setor de Bioenergia com mais de 630 vagas em 15 municípios de MS  semadesc.ms.gov.br,https://news.google.com/rss/articles/CBMi6gFBVV95cUxOZTcxZHpLaVpBb09zcUpDelJXR21TLWxMbnVDZFM3aTFRRHlwMXBiQVFITGlTZGVCb0dVRVFaeExrR2ZPYzRidm1BTktUdWZQeVdCLUs5LUJMTk5aeXBnUFU4eTN5VlA4TVR5bTBFeTNYRVlQNTVxd1ZrektaanZVYlhkMGdsZktiRHdETGpQNmZzU2ctZ2syUlA4TFU2NVRudkNaeWlxeHFUaTUwN2lGeEJ2V0JNWTE2U2VJaEJFRk43MklSOXY4TzdHV1d6ajRHenRRNGo0Q1F5emN5M0FSNjJqc0dTUThreFE?oc=5
Naviraí,Educação e Negócios,IFMS abre vagas em cursos técnicos em 7 cidades; matrícula é por ordem de chegada - Campo Grande News,Campo Grande News,"Tue, 10 Feb 2026 08:00:00 GMT",IFMS abre vagas em cursos técnicos em 7 cidades; matrícula é por ordem de chegada  Campo Grande News,https://news.google.com/rss/articles/CBMirwFBVV95cUxQdDJPcWhlNnl3aFh3RERLdzkxci1QNXJEbmFXOS1lZDJVaFp5Ync0X0hTUzl1ZTAyM2V2cXZCaW90b2plSENWVnJwenBHOTgyZGM1QkxlTmJwS1pFQUx6enhaNFViMkswOG4yOV9NWjNrMEp0RDZBWmhtMzRMUW5iN041U1hNN3NwdHRFU0N4V1VaRjNWVGhpYjIzbnE1OGktcHpXXy1nVDVvVkVpanFB0gGvAUFVX3lxTE16SHZHcEVoc05JdVY4SjdxQ1NLd3BESEFDa2JQVTdNcXloWWlPNHQzVGtNY2RndThhLU9WbzgxbFJKOHhLV3FOYVB5d1JaRU01TC1qcW9USnRBVTJGOU5Td2RXV1lYWmNJOS02ZEVpMWliTUZuaEQ2RHJyWlh5OXhrT25fdldGVzI0cE5ydkVxMG9sLW9rXzZxdGNXTU5iMkRIYW9jSHh6VXRUSlB4YmM?oc=5
Naviraí,Educação e Negócios,GIRO FUNTRAB DE NOTÍCIAS – 03/06/2025 a 16/06/2025 - funtrab.ms.gov.br,funtrab.ms.gov.br,"Tue, 17 Jun 2025 07:00:00 GMT",GIRO FUNTRAB DE NOTÍCIAS – 03/06/2025 a 16/06/2025  funtrab.ms.gov.br,https://news.google.com/rss/articles/CBMihgFBVV95cUxOdThvX3U3ay1qR2dRN04ydUZIM3JZRWVqWU53Yzc2NFlFSWVfbmFHRnlGRkpHbmRaUnNKUDB6SWlIaGZLZHViV0xvNW1QSlBfRVRORHFzMDRuMGlrbmhmZFpacFpLVWt6QzJTMThTMzlCV2hvYVF5eDE3WHhFeWw3RXBHamc2UQ?oc=5
Naviraí,Política e Institucional,TJMS obriga Naviraí a fornecer terapias a adolescente com TEA - Campo Grande News,Campo Grande News,"Mon, 28 Sep 2026 12:44:00 GMT",TJMS obriga Naviraí a fornecer terapias a adolescente com TEA  Campo Grande News,https://news.google.com/rss/articles/CBMixgFBVV95cUxPczlfdnpxQzZ0Z2xKa0FVMDMzZS1naFhpcUxpYUtUVG1VRVVkYlo5WFhBOExwUzZLejhwNDVLWmJvMXRSYjNzQ3RLcUNVZlJJNHJ0WGc4V2JLb1B6Qi1uNGN0SWEtRjRhME5UY2J5andBVWZSVlRxOF9aM0dIbE5FajdxbV9QaW1yLWczelZhejJZTmJkOUozS0RWdDkwN2ZKQXlQS0dNeDJYVHJJcHYwT2ZSMFZSXy1wQV9rVjdNMm45RVMyRUHSAcYBQVVfeXFMT3M5X3Z6cUM2dGdsSmtBVTAzM2UtZ2hYaXFMaWFLVFRtVUVVZGJaOVhYQThMcFM2S3o4cDQ1S1pibzF0UmIzc0N0S3FDVWZSSTRydFhnOFdiS29QekItbjRjdElhLUY0YTBOVGNieWp3QVVmUlZUcThfWjNHSGxORWo3cW1fUGltci1nM3pWYXoyWU5iZDlKM0tEVnQ5MDdmSkF5UEtHTXgyWFRySXB2ME9mUjBWUl8tcEFfa1Y3TTJuOUVTMkVB?oc=5
Naviraí,Política e Institucional,Naviraí Promove Drive-Thru de Vacinação contra Influenza neste Sábado na Praça Euclides Fabris - navirai.ms.gov.br,navirai.ms.gov.br,"Sat, 23 May 2026 07:00:00 GMT",Naviraí Promove Drive-Thru de Vacinação contra Influenza neste Sábado na Praça Euclides Fabris  navirai.ms.gov.br,https://news.google.com/rss/articles/CBMiyAFBVV95cUxNM2l3R2lSWjJnNDBlejFLdkh0R3VIaUQyTlF4MUhJa3diSEdNM0FQYjZ2UUltSHNnZThtVEg4V3g3ZHVLSGJUM3ljYVNVQnZtSzhhM0ZueDBTalowRm1CNVNncjh2SUdvRFFoSVFHRjllemZJVks2XzVOQnRhVGpEQmYzd3J0eE5GQy16YnRLRGpFbXhzeXVSV1U3TWlScnBGUndyQVVGdnVnX190TUNlRWlTN25KR2lOVm9CbjhqRThYYlhaWE5jYQ?oc=5
Naviraí,Política e Institucional,"Naviraí coloca folha dos servidores ‘à venda’ por, no mínimo, R$ 6,5 milhões - Midiamax",Midiamax,"Mon, 07 Sep 2026 07:00:00 GMT","Naviraí coloca folha dos servidores ‘à venda’ por, no mínimo, R$ 6,5 milhões  Midiamax",https://news.google.com/rss/articles/CBMirwFBVV95cUxOa0RZMkdYVW40RF9nbWtYQWFBTXdyWVhuNnJnWkpHQ3FXODR6a0xIZmZxYUdOQTlSa3RWWXZtenAwWVhwb2t3dU5HUThMc2Jza3o4UDloWDNOWDhxSlhxdGtES3BOaHVraGFmZTN0MUZqSlU1b3JQYmE0UW1RSURtMlp6S0ZRenFoRWp4OTREWlFSX2J3MjhIMVQyWkFrZVQtY0lrMkd3QU42d2ZvQkFR?oc=5
Naviraí,Política e Institucional,MPMS investiga pagamento de salários abaixo do mínimo em Naviraí - mpms.mp.br,mpms.mp.br,"Wed, 11 Mar 2026 07:00:00 GMT",MPMS investiga pagamento de salários abaixo do mínimo em Naviraí  mpms.mp.br,https://news.google.com/rss/articles/CBMipwFBVV95cUxPQm9MWWNBQnpSYUhTZ2lCZFdXYWFaelVCQ053dWM5MkI2amcwYnhPMGg1ajBwMTB6aW9uTzI4OEdEek9lVllnajlUeWJoR0dTcE1GQXNsd0xfMTN2cHV3eVlSLXd1OC1uak1iMDY3U19iMmVtUDYyWFdOWTQ0eVNXWnMyQmVpblNaU0RBT0NYN3phLXNJa2g4cENlNGlfa3hNYUtaVUNmMA?oc=5
Naviraí,Política e Institucional,"Polícia Civil inaugura a 53ª Sala Lilás do MS, em Japorã - sejusp.ms.gov.br",sejusp.ms.gov.br,"Fri, 24 Oct 2025 07:00:00 GMT","Polícia Civil inaugura a 53ª Sala Lilás do MS, em Japorã  sejusp.ms.gov.br",https://news.google.com/rss/articles/CBMijgFBVV95cUxPbExxTDdpU3U2U1otclpkdE9rRjJnTGNvNHoxd1JMOUNsLVFPUlhFSUFUVUNpb05rN2doZlFqc2FwSmhKTGhMN0JnYzZrN1ZWUFByWUhmMG5KSUFVOHJBQy1HM0xkdlMtbWlXXzZVc0w3Yk1Jb015MGk0c2VCN1ZrVXBaMVU4dXNfTGVGRFpn?oc=5
Nova Andradina,Social e Cultura,Dia D da empregabilidade terá vagas para pessoas com deficiência em 9 cidades de MS - Primeira Página,Primeira Página,"Sat, 19 Sep 2026 07:00:00 GMT",Dia D da empregabilidade terá vagas para pessoas com deficiência em 9 cidades de MS  Primeira Página,https://news.google.com/rss/articles/CBMi1AFBVV95cUxQMnBRSkFQNjJJRk5CeGI2RVZsNy1Fa2hSS1AzMTVjTjhNYkFvbzhWcjA3TVVETVVBV2JCaXJxUmNtZTdlX1VKU2hKSUVhTjRadVd6d1ItTXA2a2dRY0FZQXJxb1JycVY3aVh0ZXJNSl9WWEQtcXJ1dFl1RlpyMFhVWm1CdHhDS0Z2cldtQnJqam5FNzg0eWlxT28ySV9tbTZadHNCV0piWk1VRi04dnRTQm5NSHpVbmU0YWJZMlo4c0pjRGtNM1RqZmpZeDlscXRNTlZadg?oc=5
Nova Andradina,Social e Cultura,Festival de Dança Coreografada da Melhor Idade define campeões - fundesporte.ms.gov.br,fundesporte.ms.gov.br,"Fri, 05 Dec 2025 08:00:00 GMT",Festival de Dança Coreografada da Melhor Idade define campeões  fundesporte.ms.gov.br,https://news.google.com/rss/articles/CBMingFBVV95cUxOejF5QU42UU41bFdMVmxDbDBBbDNSMFVkSTZYRHcxb3ZDVGF1OUw2NmN6ZEFQN1g0MkFyN251VjV1Mi1ldW81SHN5VnFYZnhEVDhNT2tzdnZpT3F5VGFMVnhSSEl2bVNfc1FCRkE3SUtlbVFwbW82WUp5MFM4d3JlSTJ6dUlxaGNLMWR2Ry1fMW5DMHVMa3dRMHhXeGVHUQ?oc=5
Nova Andradina,Social e Cultura,Paralimpíadas Escolares de MS começam neste fim de semana com atletas de 20 municípios - rioverdenews.com.br,rioverdenews.com.br,"Thu, 02 Jul 2026 07:00:00 GMT",Paralimpíadas Escolares de MS começam neste fim de semana com atletas de 20 municípios  rioverdenews.com.br,https://news.google.com/rss/articles/CBMiyAFBVV95cUxPN1BXZ2ZSVTJjeGM4bXhiS3NHODlXT09ZOUxyOWk0RFhSVFFpdGVqZFFxQ0psVlVycGY5blhRaTBCbTRmZWN2bE9DdVdGS1QyMkpvSmdzYVd0MXViN0tIT3A2WWlQdUZUTkFKVDVJZl8zbW9wMlhSYkpnMTlwZHZRdC1QbHVwd2R2eUNLOUlGeklGWi1UVFVjTFRhWEZZamVVNU9VSS1yWW5jdndwMGdxMHVmR2tWdTctSUZBeVNKczVoNUZwWUZEZA?oc=5
Nova Andradina,Social e Cultura,"Neno Razuk destina R$ 5,3 milhões para cidades do interior - capitalnews.com.br",capitalnews.com.br,"Wed, 09 Jul 2025 07:00:00 GMT","Neno Razuk destina R$ 5,3 milhões para cidades do interior  capitalnews.com.br",https://news.google.com/rss/articles/CBMiwAFBVV95cUxPaEhnUG1TSmFvaGwwMF9SZjBDaDk3OFZVbEN6cHZYWlhLc3pUeGNmZkJrOHpqRXpvOVpHaVl6d2thelpXUUptTmVPT3Y5ZGo5c2RjUFh6bUZOUTg0WTV1M1ZoN2ZWS2d0QkFxblRUMHppMWRpVzg2aE1aTTBIMERObTV2Sno0Y01ReXFQWDBqWHZaRmUwSlNxS0lMZ3YtNG5Od3paenNEWE1VbGw2VW1tQU5qbDROVW9ZejZlMlZGU3M?oc=5
Nova Andradina,Social e Cultura,UEMS abre inscrições para seleções de professores temporários em diversas áreas - uems.br,uems.br,"Thu, 08 May 2025 07:00:00 GMT",UEMS abre inscrições para seleções de professores temporários em diversas áreas  uems.br,https://news.google.com/rss/articles/CBMitwFBVV95cUxNWWRTaGYyaVJMM3RWUUhfUFZVemhHb0ZFaXowR1JXNVItNUJaZy1ERk8xLUdOQlRXMnhGWmx5THhjOFJWV3JmaGZlejkwLUlWeF9JRS10Rk9mcDlrT09FNXZYNHBrRnhxYzFmSmt4dWRFVjE0ZmwxeV9GRDRZbGg5dDJKSkVnZ1BmUmxFS1lzU3F6MDR3MmNwTmpVWGI5UWtlSFp3TkxIQjlMTHFBRFVFa0xkY3B0ZWc?oc=5
Nova Andradina,Educação e Negócios,Senai MS: 2 mil vagas em cursos técnicos com bolsa de R$ 300; inscreva-se - Campo Grande News,Campo Grande News,"Fri, 13 Feb 2026 08:00:00 GMT",Senai MS: 2 mil vagas em cursos técnicos com bolsa de R$ 300; inscreva-se  Campo Grande News,https://news.google.com/rss/articles/CBMiygFBVV95cUxOWHVYVm1BR1ZyVVlueW43X1VYM3ZFMEU1ZlRfU0xfLTY3bmZFaHM1ZlZXNGFwMzJKRFhPajF1WDI1VjZ6ZWh2QkZacmtMSFlEMEJJOEI5VnN3c1Jab05rUjRCQW1ncUpoNmpBSGZnTlcwRlc5dFl6dXAySEV4bE4xZ1ViVjF2N2x0anBPNmZlTVFMQ014dVJqendPRnJLSlEtMk1vbEtkTUlEUTQzMEpUTWU2dG9ZeWI4eDEzUWtmblBOMmFxVS1SeklB0gHKAUFVX3lxTE1kbU4yTTRfSGxJMkRSUHljYThnRHh4WlppSHkwclI1Q0EyN0VVNVR1aDM2YTBpeWJvZU5hNWtBcnVoQ0xFbTBsTHBjLTg1d2dRTDM4TllLa0lEZXA2TnpPT0cxZWtrWXJtWGZJS0JveEZPVVhnTnFlT3ZfaHo1Q0JMRmt4YjI4QXdtTGQxV2UxSG1SejFEZ0hIOUVGZHNDeTlDeElucE11RG0tUUhaWm9JcHMxV2NydVgxekljWUlRQTdRWjdDVm9wSHc?oc=5
Nova Andradina,Educação e Negócios,IFMS divulga vagas remanescentes em cursos técnicos integrados - Correio de Corumbá,Correio de Corumbá,"Fri, 06 Feb 2026 08:00:00 GMT",IFMS divulga vagas remanescentes em cursos técnicos integrados  Correio de Corumbá,https://news.google.com/rss/articles/CBMitgFBVV95cUxNcW9QMl9DSWs2MXZqS2ZSY0tPYzlRQXVhanRwUmJBcV9VV0h5M1hxOEJVVkIzSFRuczVtWlN4eDU1UXhxaVY0b0t2cnFHTU9vc0ExSTBIQlV1QmNYdnlTOWxXLTVLZlBxU0dMRk9PTmROb05SWTc3STJMX2xmY0I2OTVDczQ4Vnh5QXh2LWNLS3YxdkVLSjJkYlI1MENXblJVMTZMZnc3eTRBNWhFQlFvX0JJTEVUZ9IBtgFBVV95cUxPRGxTOWFLOVM4SE8xV0FMNUVrWTdSVGliT0N5MmRVcmlOZ3U5czNBRmFBdWVTbHZzRkJKTTdvalpTeEVmdDE5MWhsak1vNTE0TTdIdWcwa3FneVpxWldjZXhmQnpzTEpWT0xZWGQ0a1psN1JMdGx0SldlUi1ib3lEX0Uxa3pYdGV3cEU3SGRJRV80MC1QaW9VNnU2Vkw4aDFieHpRcUx6WjV4Zzl3QTQ5X2dDTl9DQQ?oc=5
Nova Andradina,Educação e Negócios,Funtrab e Biosul anunciam 2ª Rodada de Empregabilidade do Setor de Bioenergia com mais de 630 vagas em 15 municípios de MS - semadesc.ms.gov.br,semadesc.ms.gov.br,"Tue, 14 Oct 2025 07:00:00 GMT",Funtrab e Biosul anunciam 2ª Rodada de Empregabilidade do Setor de Bioenergia com mais de 630 vagas em 15 municípios de MS  semadesc.ms.gov.br,https://news.google.com/rss/articles/CBMi6gFBVV95cUxOZTcxZHpLaVpBb09zcUpDelJXR21TLWxMbnVDZFM3aTFRRHlwMXBiQVFITGlTZGVCb0dVRVFaeExrR2ZPYzRidm1BTktUdWZQeVdCLUs5LUJMTk5aeXBnUFU4eTN5VlA4TVR5bTBFeTNYRVlQNTVxd1ZrektaanZVYlhkMGdsZktiRHdETGpQNmZzU2ctZ2syUlA4TFU2NVRudkNaeWlxeHFUaTUwN2lGeEJ2V0JNWTE2U2VJaEJFRk43MklSOXY4TzdHV1d6ajRHenRRNGo0Q1F5emN5M0FSNjJqc0dTUThreFE?oc=5
Nova Andradina,Educação e Negócios,IFMS abre vagas em cursos técnicos em 7 cidades; matrícula é por ordem de chegada - Campo Grande News,Campo Grande News,"Tue, 10 Feb 2026 08:00:00 GMT",IFMS abre vagas em cursos técnicos em 7 cidades; matrícula é por ordem de chegada  Campo Grande News,https://news.google.com/rss/articles/CBMirwFBVV95cUxQdDJPcWhlNnl3aFh3RERLdzkxci1QNXJEbmFXOS1lZDJVaFp5Ync0X0hTUzl1ZTAyM2V2cXZCaW90b2plSENWVnJwenBHOTgyZGM1QkxlTmJwS1pFQUx6enhaNFViMkswOG4yOV9NWjNrMEp0RDZBWmhtMzRMUW5iN041U1hNN3NwdHRFU0N4V1VaRjNWVGhpYjIzbnE1OGktcHpXXy1nVDVvVkVpanFB0gGvAUFVX3lxTE16SHZHcEVoc05JdVY4SjdxQ1NLd3BESEFDa2JQVTdNcXloWWlPNHQzVGtNY2RndThhLU9WbzgxbFJKOHhLV3FOYVB5d1JaRU01TC1qcW9USnRBVTJGOU5Td2RXV1lYWmNJOS02ZEVpMWliTUZuaEQ2RHJyWlh5OXhrT25fdldGVzI0cE5ydkVxMG9sLW9rXzZxdGNXTU5iMkRIYW9jSHh6VXRUSlB4YmM?oc=5
Nova Andradina,Educação e Negócios,IFMS abre inscrições para curso que amplia acesso ao ensino médio técnico - Correio de Corumbá,Correio de Corumbá,"Mon, 02 Mar 2026 08:00:00 GMT",IFMS abre inscrições para curso que amplia acesso ao ensino médio técnico  Correio de Corumbá,https://news.google.com/rss/articles/CBMixAFBVV95cUxNY3NDVDN0azJuMUNWVy05dURZcWFlVXVCN3VuY0M3M3hidXFsRWxZOTh4Yy1EUFZfcjJzQ0NnZlZYaWhqU2VnQy1YbThKOVptWi10ZW93anotQXFXVjlfcHJnSVRVNVBTS3RQcGR1TXhsUk0xRTJBTWpqT2NRSjZEeUpYU29ydVIzWE5oNXJLb3hxcGVZaG5UYXJ4WE8zWmVHcThVMnI1VTBYRHl4ckxWUjdtb19WMk82ckloQVNsM1dKdTQx0gHEAUFVX3lxTE1fSEFaZWg1YmJZVXpDUVRTVmhZZHdoeEpGX29vWUN1LVo4blNFN2NKSU5nc0pkRGV4TUd3RDRVMTZBMjI3aTdiTnhVMHRkUERiX2kyTGFrRmdlZm01WnlQYXhNX3F2ZDBzM01nSVhBbzNLMDdqSjlmVUxmS19IXzI0c1ZrMXVnY3BGOGJXT2lTdkowWDR1UXRlV0NfaHNmY18tRlhyUlFnN2JyZHZHVHk5YktWc0VYeFhaaUg3ajI3SGxIZEQ?oc=5
Nova Andradina,Política e Institucional,Nova Andradina reúne profissionais para discutir inovação e tecnologia na construção civil - Prefeitura Municipal - Nova Andradina,Prefeitura Municipal - Nova Andradina,"Thu, 17 Sep 2026 13:58:00 GMT",Nova Andradina reúne profissionais para discutir inovação e tecnologia na construção civil  Prefeitura Municipal - Nova Andradina,https://news.google.com/rss/articles/CBMixAFBVV95cUxPVUNpN1cwMGFPUU9sLUpNU09aaldJcDdMZFBBZnUxTFBQR2F1SkVQNUk1U2FwdUFzT1c4S1ozLTN1LTFCUGw0SmJOVXE2cVNaTVZVY2M1XzFQd2tLZldmNlhJd3hDWmtJNWVGd3NGZWU1NmE2ZXVoRzk1YzVWSXlpbWUyalJwUlQ4UFFqMHZBSDVXVW5BdDlOeDZxa3hwRF92X2daY280Q0VSelpRVFZ1N2hCaEtOOWxidVdWaE9zcDJfTjQ5?oc=5
Nova Andradina,Política e Institucional,Nova Andradina reúne profissionais para discutir inovação e tecnologia na construção civil - Cenário MS,Cenário MS,"Fri, 18 Sep 2026 19:07:37 GMT",Nova Andradina reúne profissionais para discutir inovação e tecnologia na construção civil  Cenário MS,https://news.google.com/rss/articles/CBMixAFBVV95cUxQeGVfVFZYRTF4b25IaU4tRnByLXYxbHhlbXRlZGdFWF85cTZWMy1jZ2RDdXE1ZENGY1c5ZTl5MG9zWlRYQ3lKUXN0Uk1PXzlTOGNsaml1WDV0XzFybzNzRHltTHZHQjZKbmN3aERNbV8yQWlJclFrMklCdko2N3VrZ0NtVVJLYXlIamVIQWprS0dJWTRYRmJPSXRJX21yM0Zua0VudEppT0NfMVRfcVNZU0t4NTRvbGlTdEpOXzBaUjVpQ25y?oc=5
Nova Andradina,Política e Institucional,Nova Andradina recebe evento gratuito sobre inovação e transformação digital na construção civil - Prefeitura Municipal - Nova Andradina,Prefeitura Municipal - Nova Andradina,"Tue, 15 Sep 2026 14:43:00 GMT",Nova Andradina recebe evento gratuito sobre inovação e transformação digital na construção civil  Prefeitura Municipal - Nova Andradina,https://news.google.com/rss/articles/CBMizAFBVV95cUxPakxROFp3WFNoUHBJaTBPWFdTYmh3eWo4OGJGelh1TjMzaXFpcWd4LUVNNFZaX3kxd3Y1ZnBMY1hFV1AxbTZDWkRHMGt3MExyZFplUFd5T0NFUGlKS2JXTWhHb0w3dk1ycVhoRVF4c19VWXQwWUNfd1dJOWVISjFRSkJNbS1tRjg5bFozcmdpczB1UTE4cnBIUEN5NFZnOS1OdE1qdmFyTXBhUFRGaUltVmVvUV9Xa1VYb0hka1NvQ19WVldHcDEzNDdkal8?oc=5
Nova Andradina,Política e Institucional,Parceria entre Agepen e Nova Andradina garante economia superior a 50% e amplia política de trabalho prisional - sejusp.ms.gov.br,sejusp.ms.gov.br,"Mon, 09 Feb 2026 08:00:00 GMT",Parceria entre Agepen e Nova Andradina garante economia superior a 50% e amplia política de trabalho prisional  sejusp.ms.gov.br,https://news.google.com/rss/articles/CBMi1gFBVV95cUxNaFd6WGdLMDliS3MyQVpjNnBzZHBlN210bHNDM1VXVWIyNFFraXhBQ3NaWm9INHlELWdhUUNuVzJiWjg2ZWtrS3NIZTBRX2VSVlRxVkVIN24ybnZ2WW5wY3VubFVEV29PUktRcWxLQ0pLSnU0OXFWNExjek1lb0pkbUlQYV85YzhqRVlwVHIzQkEtcExIVjRzNVhsaVIwSTVXNnA5S3JhODcxRFJVOVZZOExfdzJoeXJMUGRPZlgxdmhVNWt4Vm81NmU4UWREdGNwSUZRaWpn?oc=5
Nova Andradina,Política e Institucional,Prefeitura de Nova Andradina é alvo de investigação após não incluir cotas em contratações - Midiamax,Midiamax,"Fri, 15 May 2026 07:00:00 GMT",Prefeitura de Nova Andradina é alvo de investigação após não incluir cotas em contratações  Midiamax,https://news.google.com/rss/articles/CBMizAFBVV95cUxQWkp0OHdCYUtLUlFNaDB5QlJUVmEzWHFwaGdrallROXhiR0lOQk85MDBsVUNRNkh1bThsZldLRVd4Y1NHUl9wUzU1Sk5Cd2ZvbjdMRlhtblhQYWJWTkR5R0JUUXVBTHJ2RUF3RjdWT0RfVlpQTXF2cGM1amcyVlNySHNUdnhWS01HazAyZGxXV0xxeDdqZmhRbEoyWkJKVDA4UXVxamp1YWZ3MGRIU3JvWFp2NkxxaUxXX2NmaFZ2bVdvTWx6NWVrTzc1SHE?oc=5
Paranaíba,Social e Cultura,Sesc Movimenta oferece 27 atividades gratuitas em Uberlândia e Uberaba; veja programação - G1,G1,"Sun, 22 Mar 2026 07:00:00 GMT",Sesc Movimenta oferece 27 atividades gratuitas em Uberlândia e Uberaba; veja programação  G1,https://news.google.com/rss/articles/CBMi6gFBVV95cUxOWlFtaUhOR2FRTmlsal81WWJXLWRhMkVwRzQ3ZnlBYXVDdXB6ME9FQ1d1dGd1N3ZsYWkwaERrUDRlWDRjdjZJbkZxbDZMTU51YzVkc2JrWG5WS3BRNmJidW4xUWJtMmJPbXlsdThFZkJxTElOdmZIam13RFhESVFxVHRmYU5uT0lLRjhEYjVDZWVXX2pMYjZmVlJSMUJ1WG9jQTVfamRPUmJBc05iczJ0cHNvWHo2VGJkeXVsbGpDOVByUC14MVFscV9wZUZCZWxWOG10cEhaZFRGWm1lYno0ZEJsRVc5VEFXVHfSAfgBQVVfeXFMUFAwWXE5Wk1lN2FPcXRwZkhSRmJ6YXBWNFFmRXhGU2RzSlgyektQM0NzekpvSEdJY3lnT1ZlSk00YzBYZkVncE1RLXdEdDB0eVI4WURHd3V4MWE3eWZzWWZLbjBSWndoOUtfWXMyLVFINDRXb0xDRXREOEpLN3hIMXJFTXdwSWVrUXVzeExsZVFXRDZwU2xsVnJDaWVMT0h6cUFXOE8xOFdHajJmM1Z6aFpXWS1XT1RLTF9rcDl5ajNaMnFLcWFpM0dEQmhTYW9wN0diT01EendNS2VaZklnWlJTYS1DWll4SlAwVzZCbDdlMTNIZVV0cEE?oc=5
Paranaíba,Social e Cultura,"Cine Sesi Cultural finaliza 3ª etapa com 101,6 mil pessoas em 32 cidades - Agência de Notícias da Indústria",Agência de Notícias da Indústria,"Mon, 12 Nov 2012 08:00:00 GMT","Cine Sesi Cultural finaliza 3ª etapa com 101,6 mil pessoas em 32 cidades  Agência de Notícias da Indústria",https://news.google.com/rss/articles/CBMi2AFBVV95cUxPb2s0TFZTN1VsNUxCcm5kdFdhMzBnMjJIdWFITFkxa0Iza0Q0SGlMem9TeGdkU2FDeHZZUE1WR3VxVGV0T08temhMVmRwempUbW5Cdm9YN3N0aF9zYUJNZkVTTzRmbXlZc1NhZmtGUE9CbG0zblRyejhPbU5Va2ltdUU5TlJ2Zy1Gb3VJdU9oY1hSN0pBdy1ua1ZETFkxb0VfejFNLXctS0VIekNYQWNYYnBiQk5QRDJoV01uM3NRNHUxOTZyTWp0NkUyLUw3T2JhTzNlazRJNDU?oc=5
Paranaíba,Social e Cultura,"Cine Sesi tem 2º maior público do ano em Bonito com 4,9 mil pessoas - Agência de Notícias da Indústria",Agência de Notícias da Indústria,"Tue, 25 Sep 2012 07:00:00 GMT","Cine Sesi tem 2º maior público do ano em Bonito com 4,9 mil pessoas  Agência de Notícias da Indústria",https://news.google.com/rss/articles/CBMi0gFBVV95cUxQNHRsNkdrcS1vTGxMOUFyR0d1UmtSc0ZNZ1FEN1ZhZHNSRzh0XzBsUml5MENpYVZ2RXcweFdEMHh2cFBZbEYxMU5iV1k5Z3B2cmlLU0QzRDZtbGVFWkpQcmwwb2UtaUZXMDRZTm5QUlNBOWJ0azBnV01zbjNvYmRWcHZKbkRYN2doRElyZHNRQUFjMlBiUDJERWRQN1ROOHZUVmExUkJLZm5HWmFDNHNMQ2xVdktYd25hZ0ZKbnBPTEV3REJIWFlSU3ZlVE0tM05pN3c?oc=5
Paranaíba,Social e Cultura,Sotaque centro-oestino: hibridismo cultural síntese do próprio Brasil - Globo Gente,Globo Gente,"Wed, 08 Sep 2021 07:00:00 GMT",Sotaque centro-oestino: hibridismo cultural síntese do próprio Brasil  Globo Gente,https://news.google.com/rss/articles/CBMiqAFBVV95cUxOSGlaNHRIUmhCSkR4X1RkMFQ4TTl3TU4wb3RybjQ1d1RzUnJxclcxMWw2Qmx2OVJuMHJpdFpuS2Z6c2Z6T21uRldUY09jVU90OVNoVHRwRUZjV1BVeEhXeGtvN0JlYm5abmpGZFhYcjNhdngwR2cybzBIZXBuQTM1SDNEdTVSeXpYeC1WaDV6SUNYM05fOUVaV3pqTGxMc1hMTVIxWk9ycHU?oc=5
Paranaíba,Educação e Negócios,Senai-MS abre 410 vagas com auxílio de R$ 300 mensais - Campo Grande News,Campo Grande News,"Fri, 28 Aug 2026 07:00:00 GMT",Senai-MS abre 410 vagas com auxílio de R$ 300 mensais  Campo Grande News,https://news.google.com/rss/articles/CBMiwAFBVV95cUxOcVg5UHFJTTRuNU9LdnA1Ri1Ia2F3UE5maHdYZmF2ZkpVQkJHeFRHRVlhdTFpTnRlM05fUDBRb1RVQ1RobHlzc0UzZzNOenZHeURmOFMzbGhzM0pYMDZhR21tcHk3ZGI5aHUzZk9sTGdxSS11TDN0NWRqR0FKVS1wajktakdvVkRielBYY2REQWVyMlU2VnJsNXRWemNicE9fOW12S1JsS1JCdWRxb1J0YU16Y0tENTlheXJTUzQ5U1XSAcABQVVfeXFMTjE3Rm5yMVJKRnktNE8wTzRkUDE4Q2h3eXlxLUZtdEJIUThjZDBxc3c0LXQ2NmlmQkQ1RkJCX25hd0NNUERmS1NXaGthaEZlSlFQN2NsVU5rTE8wdGJjazU2S3JJWUVsb2E1eHdkV3pHOG9XX0xNQjVQU3VxY2dqcEQxNmVZVzNfQkZDUlNkb1lMNDdTdzduM3JuRFZIUzVzNE40SzhhTVQ5YmR4T1I1ZE9aU3R1clp6S3RJekg4eHFR?oc=5
Paranaíba,Educação e Negócios,Quer trabalhar? São 152 vagas abertas com oportunidades em Mato Grosso do Sul - Primeira Página,Primeira Página,"Fri, 24 Jul 2026 07:00:00 GMT",Quer trabalhar? São 152 vagas abertas com oportunidades em Mato Grosso do Sul  Primeira Página,https://news.google.com/rss/articles/CBMixgFBVV95cUxQOU8xSUYtVm54U3RtUlZiRGRpTzhXdnhqTnJhMDJPWEpvZHNsQUNrN25vUmpPUXZnQkJqMDl3SHRDRTVNS1RyYnFPZ0lPVHY0SDVDY082aTlOVUJWb0tlVEo4aDgxZEUtbHZ6UGhVbkd6X3RDNHltdkY1T3JTU05iMmFRME5SVHBCSWJjSHJLN3d3TjFTcW1UM3l2ZXJjb1BORV9PMXBmWHduZnVXYVpUWWktQ2VZTHN2dnZEZkVnUlktSHV3dGc?oc=5
Paranaíba,Educação e Negócios,Arauco capacita operadores e mecânicos florestais - Hojemais.com.br,Hojemais.com.br,"Mon, 10 Aug 2026 07:00:00 GMT",Arauco capacita operadores e mecânicos florestais  Hojemais.com.br,https://news.google.com/rss/articles/CBMipgFBVV95cUxQX2tNN25WdDBEMGpicE5DTmJNNVVCUzNBblBwc1ZCclFSenRwQTlkN2ZxMlFvdzFvR3QtaFhfT2huaHBQNWsySE1lYmVXellIQWhvak9INmRaSXRpLWV5N19QSVYwRUlCSGNJbTdQaGs5QkpJSU5FeWRwcnhYbUhsNXFXZXZDaWRES3NYLTFnNjZfNmJlOUR3Q21CVFdMdHRXUkNxX2JR?oc=5
Paranaíba,Educação e Negócios,IFMS mantém inscrições abertas para cursos técnicos gratuitos em Paranaíba - RCN67,RCN67,"Wed, 03 Jun 2026 07:00:00 GMT",IFMS mantém inscrições abertas para cursos técnicos gratuitos em Paranaíba  RCN67,https://news.google.com/rss/articles/CBMirwFBVV95cUxPM0hneC1wb1JJMVdQT09JZ09BZEd5XzZUSW5YSUREcUtpcGY0S3RaS0ZvdGVRRGJfaXlpVkxKZ0wyTm1FbjZpY29EejMzNUJUTUhuN1d5bEVhTFh0TW43dzlIU0FTLWM1S1N1TXM3RUVvYThxNkE0eC1IWlQ1LUhza1NsT0k0YThFVk1Ocld4QWR5VzdPSVE2WXZoZHh4bWJ2dHk2ampVaGJwTzk1dTRV?oc=5
Paranaíba,Educação e Negócios,"Secretaria de Saúde de Paranaíba - MS abre seleção com salários de até R$ 9.857,09 - pciconcursos.com.br",pciconcursos.com.br,"Mon, 18 May 2026 07:00:00 GMT","Secretaria de Saúde de Paranaíba - MS abre seleção com salários de até R$ 9.857,09  pciconcursos.com.br",https://news.google.com/rss/articles/CBMitAFBVV95cUxPQmhQeHRJblBtNW5QNTRMcXQ2ZWg1aEhrajh5S2EwYUh1NTcyU3lpUVdqU2RZV3JmX0s1UjhvSnZrYzN6R2lsMW5POFdhVEk1clM0YWEyUWJNbGtVcnZqNUkzVFliSVFaQmdWY3FSS3NWX0tZdU9lNTFGczRiMllOVHV3MTVaNTFhZmhRYi1CRUp1am90TkFwTXhrak5xSkV1MkF3YTZWZHJXNzJLNWVGeXNFV18?oc=5
Paranaíba,Política e Institucional,Prefeitura de Paranaíba - MS anuncia processo seletivo com vagas imediatas e cadastro de reserva - pciconcursos.com.br,pciconcursos.com.br,"Tue, 22 Sep 2026 07:00:00 GMT",Prefeitura de Paranaíba - MS anuncia processo seletivo com vagas imediatas e cadastro de reserva  pciconcursos.com.br,https://news.google.com/rss/articles/CBMi0AFBVV95cUxONXRLSWJxeEkySGw1MUZONXNTOVlHZm01NC0yNlp1bFNiRkJtS3JkOGxGZ3FoYU8ydHhVd215MGNUSUpkM3pKaFc3TnRXc3ktZ0l6dEZTaWN6UEdiaUE5YmpNNjNSWlZDaU1XZWwtamtlSGROX014WnNnZGM4QWltM19MVDNwUzNxNVZ1bDQyVUo3TXRaVEpCajM1eUtSeXlwaTFYR2dZYnQ1cGRBVGdKaU1pUXdvcjQzbjJ3OWdEQy00TE1sYUpuN1NmWllwUHpy?oc=5
Paranaíba,Política e Institucional,Concurso Paranaíba MS: processo seletivo de 2026 - Estratégia Concursos,Estratégia Concursos,"Sat, 11 Jul 2026 07:00:00 GMT",Concurso Paranaíba MS: processo seletivo de 2026  Estratégia Concursos,https://news.google.com/rss/articles/CBMif0FVX3lxTFAtbVRxS01FN3hVTGp3MXRZY1pjc2E4SDFjbVJZOHc4NkN0S1E5azNha2pOeVFLQlJqclJvWnlIYVZ2TkVUTksxWTlLQ0FackF6WEZiTENDcHJPb1lDcXdGTVNUN3BDSG92TjlObzdUZ0FNX2FoUFVGbEFvUk12MUXSAYQBQVVfeXFMTk5wWnlNOG95ZTFhS3JIOGJFcld6U0d5WXFsXzNQZGs0bjlEbFNrakZlOXpqV1V2Q1M4amZSdE9yZzUzSm1vNnJQNF9XWWhpa3IwNzV5R0dPcVhUaE9ZVDhpQ25IWS04YnJ6aGRVUWNDaVMtd3VMVlRTcDM3aVU3MUh6X2ZF?oc=5
Paranaíba,Política e Institucional,Prefeitura de Paranaíba é condenada a pagar indenização após professora ser exposta em vídeo sobre atestados médicos - RCN67,RCN67,"Tue, 02 Jun 2026 07:00:00 GMT",Prefeitura de Paranaíba é condenada a pagar indenização após professora ser exposta em vídeo sobre atestados médicos  RCN67,https://news.google.com/rss/articles/CBMi5wFBVV95cUxOQ2tfaFB2djZkdEp0MXNub2Y2Z2hLNFQxQ1RNQ2dCRzhFcnppTU9xMVFXQzkxU2FEQ0RraXpVbDFBTFFWN0tJYmFFQXlkQW5nZ1hKUzFOODlzU1IwVEQtb19LejFxeFhKbEZ3di1OMWhsLWNpVmIyel9YQjVuUW9nSGZieV80cW54VDBjeE9TTTdxbHZ1ZG91R0hnQXVleXVZRlJhY3dHUG41T0pYd3pIQlFDd1FJdUlNcUZkSGF6TURsRzc4NW1vZjBpR1Z2U0FTZElUemJLUGV6UDAzTkhacWItT0xXLUE?oc=5
Paranaíba,Política e Institucional,Prefeitura suspende diárias após decisão judicial sobre obras de drenagem - Campo Grande News,Campo Grande News,"Tue, 06 Jan 2026 08:00:00 GMT",Prefeitura suspende diárias após decisão judicial sobre obras de drenagem  Campo Grande News,https://news.google.com/rss/articles/CBMixAFBVV95cUxNUmhnZXNydTFKT0VkeUgxdVpsb2R0YU9FMkRaS1kyUjFoYjFIWXhUNTdNUDBhUjZaNGwwWTFpM0QzUDNFQkNsRm9Zbm42X2ZnWmxNQi14UUduT3dIcC1rc0dvTy12MTkwRHNGdXh2NFY0dUw1S2twUHB0WlM0N1lGMDVZY2hRUHhhVFFlbmZ0dVFOUkhKT1dORlhTMXpGdHlwQXBkeExYUWtKZHRmZGxwOFJnanNvTm1PTEllenZ1N1ZYX0Fm0gHEAUFVX3lxTE1pRmVJZURXN0xqRlVDbWJocjRQMFlaSGJhRW54cElBLUVIRkRpRWFCcFZfdWlFX0xhejVqRlRWb3lnRGhEOHdaNmxoZGh0UHpfbGk0SlZ1MkhENExMcERpczJYT2ZTcHRURXFEbEs0aWE2TGg5UlpiN25zMWRsR2xRQThEQXFJOUpGdThkVTlhbjc2U3VLSF9jNmc5WmhVbU9fZnJSRnBMNFppMUQweUtnVVpBZFI2SjI5U2VLRDdfcDEzdlg?oc=5
Paranaíba,Política e Institucional,Educação realizará aplicação do SAEMS na próxima semana - Prefeitura Municipal de Paranaíba-MS,Prefeitura Municipal de Paranaíba-MS,"Thu, 31 Oct 2024 07:00:00 GMT",Educação realizará aplicação do SAEMS na próxima semana  Prefeitura Municipal de Paranaíba-MS,https://news.google.com/rss/articles/CBMiswFBVV95cUxQZ0hQbTdfbG1kRm40SkVpRTRqVmdHa0RuWXdhWlZHY2JvdFlPMjFvYlpYRzhvUjE5Nmk1RDBhQWdxX2YzNWxHcUNBOHFpajRKYnEwWkRlWWEzc1hKUmhZeW1BM3ZHbVh4X0hBZUR3YkxWMnFnMFQyajcyX0dkOVlzN3lWZlZIbWtubTRCbjBDNXFObmcxcjF6dXBCd0dkYU9ENXQ0M3hwUk40eEhDM2plU2c4TQ?oc=5
Paranhos,Social e Cultura,"Cine Sesi tem 2º maior público do ano em Bonito com 4,9 mil pessoas - Agência de Notícias da Indústria",Agência de Notícias da Indústria,"Tue, 25 Sep 2012 07:00:00 GMT","Cine Sesi tem 2º maior público do ano em Bonito com 4,9 mil pessoas  Agência de Notícias da Indústria",https://news.google.com/rss/articles/CBMi0gFBVV95cUxQNHRsNkdrcS1vTGxMOUFyR0d1UmtSc0ZNZ1FEN1ZhZHNSRzh0XzBsUml5MENpYVZ2RXcweFdEMHh2cFBZbEYxMU5iV1k5Z3B2cmlLU0QzRDZtbGVFWkpQcmwwb2UtaUZXMDRZTm5QUlNBOWJ0azBnV01zbjNvYmRWcHZKbkRYN2doRElyZHNRQUFjMlBiUDJERWRQN1ROOHZUVmExUkJLZm5HWmFDNHNMQ2xVdktYd25hZ0ZKbnBPTEV3REJIWFlSU3ZlVE0tM05pN3c?oc=5
Paranhos,Social e Cultura,"Neno Razuk destina R$ 5,3 milhões para cidades do interior - capitalnews.com.br",capitalnews.com.br,"Wed, 09 Jul 2025 07:00:00 GMT","Neno Razuk destina R$ 5,3 milhões para cidades do interior  capitalnews.com.br",https://news.google.com/rss/articles/CBMiwAFBVV95cUxPaEhnUG1TSmFvaGwwMF9SZjBDaDk3OFZVbEN6cHZYWlhLc3pUeGNmZkJrOHpqRXpvOVpHaVl6d2thelpXUUptTmVPT3Y5ZGo5c2RjUFh6bUZOUTg0WTV1M1ZoN2ZWS2d0QkFxblRUMHppMWRpVzg2aE1aTTBIMERObTV2Sno0Y01ReXFQWDBqWHZaRmUwSlNxS0lMZ3YtNG5Od3paenNEWE1VbGw2VW1tQU5qbDROVW9ZejZlMlZGU3M?oc=5
Paranhos,Educação e Negócios,IFMS Abre Centenas de Vagas em Cursos de Qualificação Profissional Totalmente EAD Com Seleção Por Sorteio! - pebsp.com,pebsp.com,"Wed, 24 Jun 2026 07:00:00 GMT",IFMS Abre Centenas de Vagas em Cursos de Qualificação Profissional Totalmente EAD Com Seleção Por Sorteio!  pebsp.com,https://news.google.com/rss/articles/CBMizAFBVV95cUxNMEF5NEVMbkZERm0yTGhSZ2VKZDl3SDkyR3lGMWlhOGlmZ1VmQUxhS1padzNzbGF0QTF4VV9zQUUwbXNlOENYdVZNcWFIVW1WTW4yUWxkcnlCejdRQkF6OWVKVGpRSklXdUhZT0hkOXNtdFE1elZhX1E1bVFzU0ZWZ1V0c0tnOF9fQkJhODYwX2NZbEJ5Q0I4aVpBZjlGajM3VGF3VF8zU0FNVlRMUUVKd3ZUYm41TFh0NWhfeEhXZXJFYjlTSTljN2FRR2w?oc=5
Paranhos,Educação e Negócios,Multinacional abre vagas para programa de estágio - odia.ig.com.br,odia.ig.com.br,"Fri, 14 Apr 2017 07:00:00 GMT",Multinacional abre vagas para programa de estágio  odia.ig.com.br,https://news.google.com/rss/articles/CBMitgFBVV95cUxNRG1PQ1o1aGw1R1pSOWtjbDBHcE9lTzZsRm1sU1psaFF3Q3ZibU12OTBPaFlzSU9EcHJ1d05zTWhqNmMzNGQ2OVdVQmFBS2w3cmhmcDZZSWlSVnRkVTFDRkdiVzAweE13TndSX19TVlZJMDJpTFlfRjdqQnlkd2QxVG1BVk1WSnJlOF9tSmVHdlJfd1BidzRyczlEVnJiWHFfbm5OY3VsbDA4b2hVS3A0MFNpV291QdIByAFBVV95cUxPWFRlVUItSjhxTWt5Q0t2dmhMRzk1NVZjRW94X3kxQWt2R0FYUVc3a2lzVHRQT0dPeVgyT1UtMllDWDJ2R0otWGVzYXFlOTVyZEl3V2wxNkRwOE9peXhha0F2Z1Q5NHR4STVGVkdNeTgzQ09JbnBLWmIyeHN5aElnVVNNcENSUWNudW4wRGR2c3hueXh2Rl9uWVptU2xMSk1OTXVWLW5zT0h1ZnEzS25VUTJNMjBnOFM4c00xSnE0MjdzcXc1QTVKMw?oc=5
Paranhos,Educação e Negócios,Secretaria de Educação-MS abre 415 vagas para Assistente de Atividades Educacionais - Ache Concursos,Ache Concursos,"Tue, 10 Sep 2024 07:00:00 GMT",Secretaria de Educação-MS abre 415 vagas para Assistente de Atividades Educacionais  Ache Concursos,https://news.google.com/rss/articles/CBMi0AFBVV95cUxQR2RPcHZBOGdsUjNsYzM2Q09vVUN3ZW5rdHhnMFJUZ3JiZU5hbVdRemxJZ0NpQm5sby1kQWllVHkyS0JoM0xtWjN0VnA4U0JKdGdQbWJvUDJxeFdxSFUxQ1ZNWGhOLU1CeWhDQVZLaGY2eHhaakZuR0RuN1J0WVNxLV9iaWtnNVZ5eXZ2TzJkVXJsdkM3VnpMTXZ0OTFlYktWRHRzSHNkNG5oSE9JalZuVFZoRVFkVlNzUTJ0a2RtSVNFRXFKQWVNSTdoY254eFRD0gHWAUFVX3lxTE1MVk44Z1J5aXhtQUpvWDhCLWlEMjQ1eG92ZnhnQnVDWmFycEtMc3Q5cjRxOFZId1BSWWJZZkRZdWMzV3VMbzd0LTYyZmQtR0RMeXctSkI2eWZaWXlPaTg2VU5OalVva2IxQUpGOWVrcEZ0Q2hmMTFwaXZha2lRUllIczh6NS15czFMRkthbzlESFlNbnBwU1c4a1lfdC1CcHVBcmtKd094Vlc3WkRLd1dqeDU2R2lYa3JJX01ZaS1yb0RXLVZ0RFkwQmNoa2pYeVg5bFVIWVE?oc=5
Paranhos,Política e Institucional,Paranhos lança Plano de Desenvolvimento Municipal para impulsionar empreendedorismo e fortalecimento da economia local - Agência Sebrae de Notícias,Agência Sebrae de Notícias,"Mon, 06 Jul 2026 07:00:00 GMT",Paranhos lança Plano de Desenvolvimento Municipal para impulsionar empreendedorismo e fortalecimento da economia local  Agência Sebrae de Notícias,https://news.google.com/rss/articles/CBMigwJBVV95cUxPZ2VzYWZsWVB3Wjhrc1pvajJwYkpIRHVlTkdjUC1VVUpKcW9BWTYtN2RKRHJnRzF3dC11dy1XQUNXb2o0V0h1aGIzNlhkZDZJT2tIZnFpelZTTlhrTXRHSnU1X29KbHBXbGpuYlExRHBQY1RxZGozM3BSLU1LNFhody1XN08wUjlNal9kV1RmZmZSSWJ1UGVUOXlaanBid2hJV3VSMkRNSTNUcHJXUDBpOURTMkl4Yzc0NkFLekEycVBwYWYyRTRIVkhIVDI3ZWtPN2xiVUxNZjU4TzExelZUdnNOS1lNY2ZaVWxqM1N1WHl6OU1TZ3FQa2U0Z2RkSjU0VGRj?oc=5
Paranhos,Política e Institucional,Pacote de R$ 10 milhões prevê de ambulâncias no interior de MS - Midiamax,Midiamax,"Tue, 14 Apr 2026 07:00:00 GMT",Pacote de R$ 10 milhões prevê de ambulâncias no interior de MS  Midiamax,https://news.google.com/rss/articles/CBMipwFBVV95cUxNZmtuUGRfLWQ2Z04yYUUwX1FZblVFV3l5OXV6Z0EtQ2dGZXZFMDB2RmJRNUR5UXN0Z0VWNFN4RndxZENXUkExRC1vTl9HcWMxZHJSODI2dU1udHpFTWRYeHp4R1ZrM3hkRFhVUGNYRGk2MWp1S05GTlpqQ091cFdXRzFYeXlHc2ZsTzJITW5nTWFwYW1JcG9mZEY3ZGZxbWJfc3RONWNfVQ?oc=5
Paranhos,Política e Institucional,Equipe da Justiça Federal/MS realiza visita técnica em Paranhos para tratar da próxima edição do projeto “Caminho do Acordo” - trf3.jus.br,trf3.jus.br,"Mon, 10 Nov 2025 08:00:00 GMT",Equipe da Justiça Federal/MS realiza visita técnica em Paranhos para tratar da próxima edição do projeto “Caminho do Acordo”  trf3.jus.br,https://news.google.com/rss/articles/CBMitwFBVV95cUxOTHUtRlBfZjA1VnN5UlRKaDlvOGt2ckk2aWtGSUdLMm96dGhISkFnT2F1UUIxMXlYNml5MmpXSWo1THRlMnVtcWl2UHhfSUlqQ3pUMVBiVVltangycGpwUkdteEdLTS1XVXA0UHBibmNSNUt1d1dBX1pTRVl1NjlnVDFDNk10RXhkQ3NPVmkzUlFCNElYUWV0SjB2ampSZHlpV19YdEJ3N3hranptWVF4d1F6UWdXWTg?oc=5
Paranhos,Política e Institucional,Novo prefeito de Paranhos faz exoneração em massa e nomeia novos integrantes do primeiro escalão - G1,G1,"Fri, 07 Nov 2025 08:00:00 GMT",Novo prefeito de Paranhos faz exoneração em massa e nomeia novos integrantes do primeiro escalão  G1,https://news.google.com/rss/articles/CBMi9wFBVV95cUxPTU5iT2JEc1dsNi05T185V0w3V0Z2elo2bVlPaG5ZaE5GZUNnODlrS0J3WnlzQjhJdWJmaTc1eFVwRTM4OTF1MmIxYWVyMlJ5UG44UmxrbksxSGVhUzhZUUUyUTFpUTA3LTNrdkl1aTNpdEFFYk82dWtsYnZkRkItTFJmZ2pDQjZnck9hckVQV3JtOUphbVoxcGprQURGSUhaT2cza2ROVVk1VnIydlJUeFlRa21NZDNQSGpjNXV4Z0VwcmJFRk1rbVlkeTFzSG81OWFPOEZPSFhYZmZoc28wTmVuN191WUNLZUFNUGp1UWNsMFlXTHE00gGGAkFVX3lxTE9nb3Z2VHpNa2t5NnJVUTBuVlhIVmFkU3VZMzNuVEJLeEdhc1NLdEdaeTVZQUc0TEZtaGRyYnJTbVRpNVIyQVN5bWZYVkFacFVzV2QyN2VuVnRBRUdFME10QllTOHdsOC0zSnNVTWhGTDFDQklkX3dnci1BQnZ0SEJzRGF5X3lqQ2JhRjJpYlpGaG9XUG5VZU1CdVcwM0htNEUzS1hJa0w3R2taTjJOVlk0SGRHYVRHUWpNLWVNMjNIRDQyOWRDOW9BcURfOHdEQUhRWTJ4Smg3SEZXQkJ3Z2hhYzZIZXZ4WlZsTzZWYUZ1S2szdzJkNVd4cG9abjBSckRSOUIwZWc?oc=5
Paranhos,Política e Institucional,Novo prefeito de Paranhos exonera secretariado em 7 de novembro - Campo Grande News,Campo Grande News,"Fri, 07 Nov 2025 08:00:00 GMT",Novo prefeito de Paranhos exonera secretariado em 7 de novembro  Campo Grande News,https://news.google.com/rss/articles/CBMiwgFBVV95cUxQT2o1cEU1bWMzVl9IOHY0eTFrbExaU2JJaTBzdEVodmtyWFFLdjExcUxudENaTWY0ZklxUmg3eGF5R2RMY1hUWmViUldMeEg1OVNHdUhmSUZSN1dZWWhDXzh0QXBLVncwTU5seFJFNUF0al9KZ3VJb2xTSVJucHIwWFlpM1lGaEt4LW5LMUJkUnNxazRhZGQ4OHQ5Y2NKNW8yWlpVdWRuU0wxNGdNY2ZuT1VhZ2FETWJIQzNJeTFrNG5nUdIBwgFBVV95cUxNLWN5TjlsN2NGWU9XcEhfdFQ5R29ERzhrbi1YWDgydDUweVBwTzMtTUprT3lvR1pFX2c4RXVVZzV3aXRwMnpiaFY3NndOd2d1TWNqWkFxVFdscjg2MlIzbW5vVmZQXzdYWkFqTkZoS1FCOXNpY1pGQll4dzNQS1I5Nk8zdnRTUkZTS3BtRTV5LWRxZEVxSGtmLVdHVDBzRm9xOHJBaDJxN1U4Z2M0Yklvbm5FQVRTa1phQUtOUVJnalZMQQ?oc=5
Porto Murtinho,Social e Cultura,Mato Grosso do Sul no início do século XXI: entre transições e perm... - OpenEdition Journals,OpenEdition Journals,"Thu, 25 Dec 2025 08:00:00 GMT",Mato Grosso do Sul no início do século XXI: entre transições e perm...  OpenEdition Journals,https://news.google.com/rss/articles/CBMiZEFVX3lxTE9PallocGxCSnVGaVdOTFlGUnpjQnVHZXJwLWo5NEdnT3BEb1dUMklfdmQ1eE8zZXc0SXB0OC1PZmtvazlNbklVR2dZMnhVNjRUV1FtVnQzNmtLcWx1anZiNmJORTc?oc=5
Porto Murtinho,Social e Cultura,Projeto Artesania fomenta cultura e geração de renda no interior por meio do artesanato - fundacaodecultura.ms.gov.br,fundacaodecultura.ms.gov.br,"Fri, 30 Aug 2024 07:00:00 GMT",Projeto Artesania fomenta cultura e geração de renda no interior por meio do artesanato  fundacaodecultura.ms.gov.br,https://news.google.com/rss/articles/CBMixwFBVV95cUxPMS1CRmJSdnVlZS1ZMWtrd3R5ZDctSnhNVlFoeUlsQ1FXUGlYMW93cnhseVRlVTRwclVEQWVvZWZTTmlndEFHaVBLeGswdjMzRjF0NVl2eDMxeVd2Sl9jWVpDZlRmM1dXblZIdEpDbnoyb0RVa2d6aVNlQnRBdG4xSklkMkFBNzVERkNmcjRsQ2VaSDJINEE0emJXQUx3WE1kZWRyTEtscDZzZFlwZmFpeHM2S2lzTmw4d1hWSDBwalRyOXVzbHRj?oc=5
Porto Murtinho,Social e Cultura,Megaestrada que liga o Brasil ao Chile se transforma na rota do desenvolvimento de MS - G1,G1,"Sun, 04 Jun 2023 07:00:00 GMT",Megaestrada que liga o Brasil ao Chile se transforma na rota do desenvolvimento de MS  G1,https://news.google.com/rss/articles/CBMi6AFBVV95cUxPSXd4S3VzWl9hZnhXdy1JSjJEeVdPZFlhQ1lFX05CVVExOGdVa1ZWMko2TGFJRGZuNzlBUXZnZ3B1SHFFR1ltRVpUekZGakFfYmd1MXQ1eWRJVEthSDBQTHZTN0tNTXFhWll2d0hvUGlwU3hOSWcyaEY5dDBud3VnT1VwSHoxWEsyR2lTcnk3WTZub3BIcVdzZjZhek9ydWp3bEVnZXN4T2toNjdxTmI3cXBOd3ZHaG1hNjZNMGxqREVPZURYcEtfajVsRWs1LUNoRFE4RWtjV05RTlFRSGx1ckpQemtROVdM0gH3AUFVX3lxTE50LWFsc2hwN3g4VUV0bWpKYzBoMkJhRjRYLXNveHVGdkhZY1N2SUhodmwtUXJLM2Vlalg2QTg5bkNBdU1kWUd3cEx6ZXNEamJ5RExRanhpVlNnZldPLVBzSFo1ZFViWm15b0p4bmFXaGRycm5aaGNQTnF2bTdTdk9NemM1OFhxVDBuaFpRWlo1Wnp4SmtTMWhlN2c1QVVBc2lBVEVLWjRhRjJSZE5Yc0RybUhLS0E2RWpoTHByLXZGMTVSWUdyam5KQmFFTTFDdTFTSVg1VXpZbWN5UlVoaG95cTdYcTNpSUx5MDZfM0kwemVaWmNjNms?oc=5
Porto Murtinho,Social e Cultura,Festival América do Sul Pantanal terá edição 2016 realizada em setembro - Diário Corumbaense,Diário Corumbaense,"Mon, 16 May 2016 07:00:00 GMT",Festival América do Sul Pantanal terá edição 2016 realizada em setembro  Diário Corumbaense,https://news.google.com/rss/articles/CBMiX0FVX3lxTE02d2MxQzJaVDFvbnh0WFowVXVzOHo1dklld1VLcENwV09jQ2c1UG9FMkJDYWpxbVZNZDZ2X1VkRXNXTzlaQml6a1Q3UC1jb2RGQVU0aGVlSUt6NjNpMThN?oc=5
Porto Murtinho,Social e Cultura,"Cine Sesi atrai público superior a 1,8 mil pessoas em Porto Murtinho - Perfil News - perfilnews.com.br",perfilnews.com.br,"Wed, 16 Apr 2014 07:00:00 GMT","Cine Sesi atrai público superior a 1,8 mil pessoas em Porto Murtinho - Perfil News  perfilnews.com.br",https://news.google.com/rss/articles/CBMirwFBVV95cUxOdUlrOUxwejlxck9ITmFCczVISUhCaUdPNGRpczUzaDZ3Y1RkWFhNYVBQU3NQVVJiTmNDckk0bUtrM3JTRTdjVFlMbmRLMkwyQnpCR1prOTNPUl9hWHdiaEFBYzhBNWF6NHVQZTdDZGRUTHVoR3A1a2NDeWt1V2xFWWVkMWRSSENsLXdmcnZuTml0VUVQX3podUtBMWlxY0ZRRS1KVGZUdGlXc3VEVXBZ0gG0AUFVX3lxTE9qTVJ6QjhUem1PTGp2eWsyNjgzRnRPdFRlLUlBT1A0NUh1NWdNNjk5OVQzNERua0dReDZHbjRmNUZEX0xvQjdUblNkN2kxMzlxVjJ1WUFHMHN4NUVmNm1qNmVuQzlObDBxVjRiaFF5dU1qQlJFMkthb1ZqeDF5emFBQ25QSjFQUS1Wd2c3VHJJYV92bi1NQXM1WXl2WUtRV0dIeXRuUUI1czM5c2dCa3c2REwxdw?oc=5
Porto Murtinho,Educação e Negócios,Governo oferece curso de comércio exterior para qualificar jovens de municípios impactados pela Rota Bioceânica - semadesc.ms.gov.br,semadesc.ms.gov.br,"Tue, 14 Apr 2026 07:00:00 GMT",Governo oferece curso de comércio exterior para qualificar jovens de municípios impactados pela Rota Bioceânica  semadesc.ms.gov.br,https://news.google.com/rss/articles/CBMi2wFBVV95cUxOWTE5OWlLM210SER6YlVWemcyZGEyc2JRdEI3NGNBLTZQdnpDWDlJTm1iSG5WNVZrRkNrR3lSN0tGV1U4eS00UGNjTUtXTDVTODFWbTV0eXJRU3hTa2U5OW9tUk45M0FJRHRxS19BNkdJa3loM2dHbjQyNGNXREl0aHh0UTY4ekJNUmNicHg4c3pQM0syR1hTUzJUU1NzR0ZxVERxbjBNS2VTZXZwemRibjY0T0xCRW1WTXhsS01YeEthbFBNLW9WaE56UFBWTUxJWUJxQXZxM0x6S0U?oc=5
Porto Murtinho,Educação e Negócios,"Acabou a desculpa! SENAI tem mais de 8,3 mil vagas em vários cursos pelo Brasil - Agência de Notícias da Indústria",Agência de Notícias da Indústria,"Fri, 26 Apr 2024 07:00:00 GMT","Acabou a desculpa! SENAI tem mais de 8,3 mil vagas em vários cursos pelo Brasil  Agência de Notícias da Indústria",https://news.google.com/rss/articles/CBMiyAFBVV95cUxNcFlwckpLcUVCNG9lUVVHa1JzeWtNNFFaSVllNk9hYWVqQzRkSXdhbW85Qk1ua3oyXzJDTFowWldzZDZiWUVtbVVyVFFxWGMwNmJkWWVuNVd5MFQyT0VwYUFDQ3BqcGM0VVdFMWRZOHhQS1ExVFE1amhwRUdmdUI2UkVHdHhuSmdwRndGbWRBM1c0Njl2X29Lb3hKN3haWloxaVFKYWp1QS1NMk1rWW1RNnZwQ3J5WmtMd29MVU9jSXBkcGVlOVZFWg?oc=5
Porto Murtinho,Educação e Negócios,"Funtrab, MS Qualifica e Mais Social realizam cursos gratuitos em Sonora e Porto Murtinho - funtrab.ms.gov.br",funtrab.ms.gov.br,"Fri, 04 Jul 2025 07:00:00 GMT","Funtrab, MS Qualifica e Mais Social realizam cursos gratuitos em Sonora e Porto Murtinho  funtrab.ms.gov.br",https://news.google.com/rss/articles/CBMiugFBVV95cUxNbGNYWU9WZllwTFNrNW5QMDdBR0I2VnV4ZW5sTjNVdWl2WXVyWFdCUmFGeFBvTUpUbGJ4N2NFVEh5OElDdnpKUEJNalMwMXpmd2I2eGtCZ3JGcHA4M0NKclRTc1VVQ0RlcFlSeDQ2SVA2V01weWJESUZsRWd5cDlTT1hxMlBweUdGTWRsX1Rib3FtNWRiLTZHSFhXNmhranZXOTBxZ0lnNHd0bkd6N2hWTUZ0UVE2WUw2UEE?oc=5
Porto Murtinho,Educação e Negócios,Corpo de Bombeiros divulga novo resultado da seleção para bombeiros temporários - Midiamax,Midiamax,"Fri, 17 Oct 2025 07:00:00 GMT",Corpo de Bombeiros divulga novo resultado da seleção para bombeiros temporários  Midiamax,https://news.google.com/rss/articles/CBMiwwFBVV95cUxOZHdRQVgzaklJd20tdFM1cUFkNFc5ZVR0TnZ3NTBqUGlwNXhJT1F0c0ZRQnBUMFFvaTVSNXRZODBwaDl4ZmxLVm1nbUhoNUwyeUZBYVExVkliUE54NU93S25Bc3gzeWNxcDhUMFBqcUdlUjNZMTRVMVBtMWdraFNNTkZCNGZQYTJLY3g1bzJDZWRHaVA2dXNwQlIydGhRdmFlY1pxYkYxQy15UmhGSHBqLThraW5zc2hvNC02cmZfdXgyN00?oc=5
Porto Murtinho,Educação e Negócios,IFMS abre 360 vagas em especialização gratuita a distância - InfoEducação,InfoEducação,"Thu, 02 Mar 2023 11:36:49 GMT",IFMS abre 360 vagas em especialização gratuita a distância  InfoEducação,https://news.google.com/rss/articles/CBMikAFBVV95cUxNTHZWN3c1YkdPQWlnNG51UUk4dXVUV2xqT2UxNkxmb3FySXBCbHVwQ2hRbVZfdmNtMFFXQlVJTDZXcGY2bDdTZ3lFbHV2SXJuT0VqTkc4eklxZ1BiTHhTdTNfUFZHbkFuNTRFVEdPaTlaN1VjS0tQa0dWUmgzaE5oWXpzSHZZUjAzQ3V1MnNvRWw?oc=5
Porto Murtinho,Política e Institucional,Sicredi firma convênio de crédito consignado com a Câmara Municipal de Porto Murtinho - sicredi.com.br,sicredi.com.br,"Mon, 28 Sep 2026 16:29:33 GMT",Sicredi firma convênio de crédito consignado com a Câmara Municipal de Porto Murtinho  sicredi.com.br,https://news.google.com/rss/articles/CBMi5AFBVV95cUxNZlZCTU1lOG9zbFlxSWJIMEtLNWplX0k0ajZYMVhGXzlCdUVjRXdOeDQ1eFZNZXlJa3BTb0xtalpxdXpUOXBrSTZJQkhJd2JaOGpNU19GOGhNeFVtQ2RkQUIyaGMxNW9Bb1hRXzJ2b3B4aGZmYVNGMUtKd093M3ZKN29jQ29SS0FOSENldlZhcm9tNWhRT05PQTdoUTZBZU1fRzd2Ml9HVkRkMW9wLVVSZkd1cFN3WlFJbkF1Wk9jWTlpZjlKcDNiZ1VLZVc0LW9LemZuNFlHenVfWlBtZGpnSlBKRUI?oc=5
Porto Murtinho,Política e Institucional,Pacote de R$ 10 milhões prevê de ambulâncias no interior de MS - Midiamax,Midiamax,"Tue, 14 Apr 2026 07:00:00 GMT",Pacote de R$ 10 milhões prevê de ambulâncias no interior de MS  Midiamax,https://news.google.com/rss/articles/CBMipwFBVV95cUxNZmtuUGRfLWQ2Z04yYUUwX1FZblVFV3l5OXV6Z0EtQ2dGZXZFMDB2RmJRNUR5UXN0Z0VWNFN4RndxZENXUkExRC1vTl9HcWMxZHJSODI2dU1udHpFTWRYeHp4R1ZrM3hkRFhVUGNYRGk2MWp1S05GTlpqQ091cFdXRzFYeXlHc2ZsTzJITW5nTWFwYW1JcG9mZEY3ZGZxbWJfc3RONWNfVQ?oc=5
Porto Murtinho,Política e Institucional,Justiça Federal inicia dia 24 serviços de cidadania a trabalhadores rurais e indígenas em Porto Murtinho/MS - trf3.jus.br,trf3.jus.br,"Wed, 19 Nov 2025 08:00:00 GMT",Justiça Federal inicia dia 24 serviços de cidadania a trabalhadores rurais e indígenas em Porto Murtinho/MS  trf3.jus.br,https://news.google.com/rss/articles/CBMitAFBVV95cUxNNHU5MFJzMEliUVR0aHhvY0t2dU5IZUpGWXVLcTR4OFgzZVZQdDc3a0k0VzNzb3NhdFBsS0xFU2t1WEdHSGJVM1NfUnVieVVwcFVpdlI5SnlvR3MwSFVIblhLS0xTSndxSkNVMEJ6OGdGenFvdXVFbnpqY3hjUFo5S3QwaUp3VWNTejVNWjRxcE1PQi1VSHB0am5BaXlYekdXNFBGMnFtS3ZncVFBUGdSbGQ3RG4?oc=5
Porto Murtinho,Política e Institucional,Porto Murtinho: MPMS instaura investigação sobre imóvel abandonado no centro histórico - mpms.mp.br,mpms.mp.br,"Fri, 06 Feb 2026 08:00:00 GMT",Porto Murtinho: MPMS instaura investigação sobre imóvel abandonado no centro histórico  mpms.mp.br,https://news.google.com/rss/articles/CBMiwwFBVV95cUxOUmU3cUFCSUFFM21QRW05Tkowd3VPam50ZExTOWc5SE1YMndiT1NucHdxVjhLNlpBSXB3SmhUT0JJdVA1MFV0SDJZZE1FM0ptdU5jUXZPLTNWa1Mtd3AxU2FPVTlLbHpYczBJaG1tbENRQzBYWmRDSzA1bFpVN3V6eVMtOFJwaDBYU1BqVGNrUW9HWEZ0RkpCbDdCcFVFLWxoLXNsdVAyWFRRN1VUN1Bodjg3alJrLUNIN3FEU2MwNzMtcU0?oc=5
Porto Murtinho,Política e Institucional,"Polícia Civil inaugura a 53ª Sala Lilás do MS, em Japorã - sejusp.ms.gov.br",sejusp.ms.gov.br,"Fri, 24 Oct 2025 07:00:00 GMT","Polícia Civil inaugura a 53ª Sala Lilás do MS, em Japorã  sejusp.ms.gov.br",https://news.google.com/rss/articles/CBMijgFBVV95cUxPbExxTDdpU3U2U1otclpkdE9rRjJnTGNvNHoxd1JMOUNsLVFPUlhFSUFUVUNpb05rN2doZlFqc2FwSmhKTGhMN0JnYzZrN1ZWUFByWUhmMG5KSUFVOHJBQy1HM0xkdlMtbWlXXzZVc0w3Yk1Jb015MGk0c2VCN1ZrVXBaMVU4dXNfTGVGRFpn?oc=5
Ribas do Rio Pardo,Social e Cultura,Sesc comemora 80 anos com grande show de Samuel Rosa em Campo Grande - Midiamax,Midiamax,"Tue, 01 Sep 2026 07:00:00 GMT",Sesc comemora 80 anos com grande show de Samuel Rosa em Campo Grande  Midiamax,https://news.google.com/rss/articles/CBMipgFBVV95cUxQWk01cHdpSFd6dTFOYTRweUJWYmtxQl9WVS1xSk9lS3dqcVFOYVJpa1lFZnloVGtxS1REQ0ZEd3JucWY4U1ZjSG1nLWw3eW04Y0RNUHhLVHhoN25mS0J0TzlXUkI2QmxjWTVFYUc0WXV2WW9ZbkZ3bXowMWNNcVVJc3M5SmxtZ3l6NU1wYzVfemVnbV9TXzRxS2F5M0F1TV9iaE5kM2J3?oc=5
Ribas do Rio Pardo,Social e Cultura,"Neno Razuk destina R$ 5,3 milhões para cidades do interior - capitalnews.com.br",capitalnews.com.br,"Wed, 09 Jul 2025 07:00:00 GMT","Neno Razuk destina R$ 5,3 milhões para cidades do interior  capitalnews.com.br",https://news.google.com/rss/articles/CBMiwAFBVV95cUxPaEhnUG1TSmFvaGwwMF9SZjBDaDk3OFZVbEN6cHZYWlhLc3pUeGNmZkJrOHpqRXpvOVpHaVl6d2thelpXUUptTmVPT3Y5ZGo5c2RjUFh6bUZOUTg0WTV1M1ZoN2ZWS2d0QkFxblRUMHppMWRpVzg2aE1aTTBIMERObTV2Sno0Y01ReXFQWDBqWHZaRmUwSlNxS0lMZ3YtNG5Od3paenNEWE1VbGw2VW1tQU5qbDROVW9ZejZlMlZGU3M?oc=5
Ribas do Rio Pardo,Social e Cultura,Projeto Artesania fomenta cultura e geração de renda no interior por meio do artesanato - fundacaodecultura.ms.gov.br,fundacaodecultura.ms.gov.br,"Fri, 30 Aug 2024 07:00:00 GMT",Projeto Artesania fomenta cultura e geração de renda no interior por meio do artesanato  fundacaodecultura.ms.gov.br,https://news.google.com/rss/articles/CBMixwFBVV95cUxPMS1CRmJSdnVlZS1ZMWtrd3R5ZDctSnhNVlFoeUlsQ1FXUGlYMW93cnhseVRlVTRwclVEQWVvZWZTTmlndEFHaVBLeGswdjMzRjF0NVl2eDMxeVd2Sl9jWVpDZlRmM1dXblZIdEpDbnoyb0RVa2d6aVNlQnRBdG4xSklkMkFBNzVERkNmcjRsQ2VaSDJINEE0emJXQUx3WE1kZWRyTEtscDZzZFlwZmFpeHM2S2lzTmw4d1hWSDBwalRyOXVzbHRj?oc=5
Ribas do Rio Pardo,Social e Cultura,São Gabriel: Conheça o secretariado municipal nomeado pelo prefeito Leocir Montagna - Idest,Idest,"Mon, 06 Jan 2025 08:00:00 GMT",São Gabriel: Conheça o secretariado municipal nomeado pelo prefeito Leocir Montagna  Idest,https://news.google.com/rss/articles/CBMisAFBVV95cUxNY09tRV9Ec3B4MnpXTVotUGhldUpISlhVT1htSEJPNTQ3czlKR2RWUzltWUhraTlsZmR4TjIwUWhtbWZaVXNQb00tOTRkbnRtS25ieGVsRFFKQzJxRkZUX2l0TnEzdzRscHB0QVJnMG1neV85U0dZNU1ZWXlzYmtISXl3S1JRT1M4S3R3clUxME5RaEJrWW1SSS1JZUFETERRQTJvaXNRQmUzRmpiWlM2Zw?oc=5
Ribas do Rio Pardo,Social e Cultura,Fundação Manoel de Barros lança ´10º Concurso de Redação – Um Passeio com Manoel´ - Capivara News,Capivara News,"Fri, 24 Jul 2026 07:00:00 GMT",Fundação Manoel de Barros lança ´10º Concurso de Redação – Um Passeio com Manoel´  Capivara News,https://news.google.com/rss/articles/CBMipAFBVV95cUxPSkdnX1lqNndRc0ktOGpSaS1IbFlHcTlNZ3ZLam1BamdvSUlNRzduYXUwYUg0U2lOYmR0WVJQTllfbUxEdk1KRW5mVE1rM1hoQllfRkhaTmVhQjFldS1aRktaNktrRXVvcTJybnRhUFUxUlVvYjY3bGs5bC0yTE4ybUltOTg5UmJRb1V5OHk4ZGtSMnJaUDgwTGhqRk80anRTOXVGXw?oc=5
Ribas do Rio Pardo,Educação e Negócios,Suzano abre 23 vagas para formação de jovens no setor industrial em MS - diariodigital.com.br,diariodigital.com.br,"Tue, 21 Jul 2026 07:00:00 GMT",Suzano abre 23 vagas para formação de jovens no setor industrial em MS  diariodigital.com.br,https://news.google.com/rss/articles/CBMitwFBVV95cUxOTk1tU3c3ZHZsNThvRkZfdFlGZGVUZURkeVE5WW1mUHFFSmgxbW9EbkJfQkptX2p0MldXSDcybElRV1J4dWpMVnJ4ZEpicDhLRVJ0YnYybHZHSkNKZkJwQ0l6TWI0YnF6UVdpSHp1bEY5dEFCaHUybVhIRHVMSGxoMGk5Z3EwbU1tT2I0bXVHMVFZR2x5eEdjbVV1NnBRUDlTYXd0MUhDeEJBUkxNb0Mxd2trRVFtX1nSAbcBQVVfeXFMTzkxaTJxbC1JcTFsTS01Tk1WWUxleEIzcThTMzBCbjFzWHNWLVZvYVE0RjJISUdRZnN6ZC02ZTdyRmhlbm1IWUoxWVhXaDJmeWpzZUtWcTM3NWRST29kd05YZGw0ekdHQUVuNTNBa3BQM09UQm5ta1NRYU04UnItQjNITXNibFh1cXNaeDN6R3M3aVFtMUxGV0JmVGdVM1llUS1PUDZDbWZKUEZrTHVmU3RVbkRXMklN?oc=5
Ribas do Rio Pardo,Educação e Negócios,"Seu futuro é agora! Senai tem mais de 2,4 mil vagas em cursos em MS - tanamidianavirai.com.br",tanamidianavirai.com.br,"Wed, 01 Jul 2026 07:00:00 GMT","Seu futuro é agora! Senai tem mais de 2,4 mil vagas em cursos em MS  tanamidianavirai.com.br",https://news.google.com/rss/articles/CBMiYkFVX3lxTFBlVDN5NFVxd2RURTFPVXdnRENNRWczYzljX1dKb0dVR2NmSE5ZazFVZFh5OHJYX3F0YU9fM29sd3o0RWFsTnRWNnhLc0xQajhLN21hdmZ5YkVIamtaY0JGcE5B?oc=5
Ribas do Rio Pardo,Educação e Negócios,Suzano abre três processos seletivos para vagas operacionais em Ribas do Rio Pardo - ArapuaNews,ArapuaNews,"Fri, 27 Mar 2026 07:00:00 GMT",Suzano abre três processos seletivos para vagas operacionais em Ribas do Rio Pardo  ArapuaNews,https://news.google.com/rss/articles/CBMirgFBVV95cUxPSDVKSXFfb1h0R2xfUVBQYWg0T3RrQjZ0SGZldGVEcVY3ZDhfNmRfMUxQcUdXMlJvUUpQTUdUVXlkMjlPWWNLcGpja0Q1enp2ZjgtR1o0ZGhpandPWVFTeHdLQTJiZ2VGY3Z6ZmVqSk5CTU5hdVQ1UHZNUG9WemRDMEw0d2ZKbjROcHkzQXpoV1JLWl9XTzB1cEM1WThLbVlsa09vNFdOMUZCYkZ0VVE?oc=5
Ribas do Rio Pardo,Educação e Negócios,GIRO FUNTRAB DE NOTÍCIAS – 03/06/2025 a 16/06/2025 - funtrab.ms.gov.br,funtrab.ms.gov.br,"Tue, 17 Jun 2025 07:00:00 GMT",GIRO FUNTRAB DE NOTÍCIAS – 03/06/2025 a 16/06/2025  funtrab.ms.gov.br,https://news.google.com/rss/articles/CBMihgFBVV95cUxOdThvX3U3ay1qR2dRN04ydUZIM3JZRWVqWU53Yzc2NFlFSWVfbmFHRnlGRkpHbmRaUnNKUDB6SWlIaGZLZHViV0xvNW1QSlBfRVRORHFzMDRuMGlrbmhmZFpacFpLVWt6QzJTMThTMzlCV2hvYVF5eDE3WHhFeWw3RXBHamc2UQ?oc=5
Ribas do Rio Pardo,Educação e Negócios,"Seu futuro é agora! Senai tem mais de 2,4 mil vagas em cursos em MS - G1",G1,"Fri, 03 Jul 2026 07:00:00 GMT","Seu futuro é agora! Senai tem mais de 2,4 mil vagas em cursos em MS  G1",https://news.google.com/rss/articles/CBMi9wFBVV95cUxOODZDTDdEMklNbmNwTG8xQkxaazVINGc5VVRrV1I4YUVBWUdLU0JjMDI0Z2Y3NllyZ0RwSVZyVVpYSDhpVkFYVVFNbFgwcUEzOUJSQTdBdU40T2ZCV3JGSExxMndsdHNHalNzOHlhVTlSQW9peW1pRmdvcHhMYzMzNWF1bklvcnN6cUhid2lzOWZ6ekVBSVVBLURWOXlka2NqTDVzblZNdTBidDViLUV2bURIdjNWX3BLWTlkQ1FqaUIwcnBJQzNYYjVMM2VxT3hTT24zby0xNXlNdllTY3B5T0R1THNhdXM5SlFpNEJrNEo4SDBtZUg40gGGAkFVX3lxTE5lRnNqb2V6MW1CUkRGSUlXVVdZR3JXZ1UtZTdjNlp2RDlCRFRkUERyXzhNY2JRMmFxa1VGWGRPX0dkeHNNQjJLSFVvQnlfbmp2VENOQktTR3lpZElYQzVRZnQ3NjRMcDFJbmo2a0hYQkdZaHpEMlVpbzNoSEpQaW92OWFPbVgtRlZaS3l0MW9xR0Vsd2tib3ktQzJqQ3lqQ1llOFZDU3RxQmZtcXIwUEptMlhYVUdLeVUtbWFlbFp5dmVJVkpoV0V1ek5xU3BpdXdsQjFUTGdFSW5uWlotc1p3RUFQRFM4QlVSUTVseC1fTGJ0eDhpSjNNODhuN2FRQ2MzbXhnMVE?oc=5
Ribas do Rio Pardo,Política e Institucional,Estudo propõe PPP de 35 anos e taxa de lixo para limpeza urbana em Ribas do Rio Pardo - Midiamax,Midiamax,"Wed, 16 Sep 2026 07:00:00 GMT",Estudo propõe PPP de 35 anos e taxa de lixo para limpeza urbana em Ribas do Rio Pardo  Midiamax,https://news.google.com/rss/articles/CBMiuwFBVV95cUxQUS1iMVNNSGppc0FENGxuQV9oX3lvYlluTVUyaU1wQUFUU0RXcUpJYTQwR1lBaWlqb3pTQzRpXzlHbk1SVkpxNE5LX2VMUUROQ1IwUXNzbkFMVFF5STJEVlpEZ2Y1YWdlTlVibWhTaHFrX2hLM2s1WkNia2R4OV9rdGVXQ05HZC1mVTVYeXpJbXJwWmNsd0liamE1QWxKcHVMVG0tS3NfY1JuOVEwN3JVYWhYV0hIc2FNQW1r?oc=5
Ribas do Rio Pardo,Política e Institucional,MPMS arquiva investigação sobre contratação da Prefeitura de Ribas e afasta suspeitas contra prefeito e servidora - Notícias do Cerrado,Notícias do Cerrado,"Wed, 23 Sep 2026 14:51:00 GMT",MPMS arquiva investigação sobre contratação da Prefeitura de Ribas e afasta suspeitas contra prefeito e servidora  Notícias do Cerrado,https://news.google.com/rss/articles/CBMi6AFBVV95cUxOcTlrd0tRVS12ZC1FdUZQRHA3djhxcEtKd05Id3VRd3Q5NUpnRkxEYVoyRmQzTU81NEJ1ZGlOZHBuWmw4bms5TnBHdE9WN3p1Q2VNR000UmRNUlJWNEUxU1d2aXAzU29KbUl5ZmR5VEJhVE9EbEVuck4zN3hzU2ZwRWxPSjh0SmxxY1ZQNnZkYmx5Y0lYZjVfN0JQR0lLN1JyVXl2NVdKX2UtWVdOUEhZMTBlMjJzVDk4S1g5MU9NNGVsMXFkcjFGNFUyanFwX292ZjQwdkNBOVItYXBnYk90MlFvX09KZlh5?oc=5
Ribas do Rio Pardo,Política e Institucional,Prefeitura de Ribas firma parceria para programa que pode reduzir em até 20% os gastos com energia elétrica - Enfoque MS,Enfoque MS,"Tue, 28 Jul 2026 07:00:00 GMT",Prefeitura de Ribas firma parceria para programa que pode reduzir em até 20% os gastos com energia elétrica  Enfoque MS,https://news.google.com/rss/articles/CBMi0gFBVV95cUxOd3ozRG5zZ3VVZ0dYNUt5b3ltQjlCVHh3NHhNQzc0QW9mNE1KMzdUNUdkcFU4RG1wZjRwOTF0cWlBRGVtZ2hjelVuWmZlQ29MVWJHRFA2NDBQTHotWlk1MExWSHZjM1UwTUVqdFlqWGFpamszMHhtYkFJZ1NTUGRZQzIyUVVlUEJTVl9yU0k4dzAxd1NzRWFmQlU5ZjJkdkF5Skp6ZUpLbHBLelNXNkFjVXRQVG9EemZYaG9sRGFPdi00OU9XRF91bk9RYktXV3RBM3fSAdcBQVVfeXFMTnItZFJrUmdhbGRkc2pzZEtGRnVTN1hpWlZ4TzJsZ3BRb3ZKRm1QVUF4R0pOcGtCT3dYZi01QjBVQldLSzdJZFRxckUwMVl5bE5tZXZWVmNCanN2di1YZElaZ0VlYkxwQnVaMHNydTRuLTdhbEc2clQyNUdiRl9FRVQtNnhRSG44R3ZSalZrSldDczlIMmJQdzk2ei1pdTZ6X1hjTTJuOVItUmctcDBTVlFzM190WlEtenJQa1FpNl9QbERwRGNWWC0yb3BFOUxIQ0I2X2hpMms?oc=5
Ribas do Rio Pardo,Política e Institucional,Video: Ribas do Rio Pardo: quando indústria e educação se unem para outra cidade nascer - radio90fm.com.br,radio90fm.com.br,"Tue, 07 Apr 2026 07:00:00 GMT",Video: Ribas do Rio Pardo: quando indústria e educação se unem para outra cidade nascer  radio90fm.com.br,https://news.google.com/rss/articles/CBMixwFBVV95cUxOWFhlR0hneWw0THpvUnJ4cjZhd0FmSnVnR3ZuRFptdXRsalVRX0w2bGhwVGQweFVONFBlSWpkTEp4ejZfUDgyeTI2aGRGLVlyNFZCcjJYckYyckFOQ0lER1dmN05GSkktQm5ieXFLdl85NnFndllhdVFPOXZYWmstSkp3V1FTY0V4VjRabUxrMkRSVG9Mck95QTFnY0Fub0Zodlk5MkZ0aUdaODloeWNpQmM1VElXV1ItLWUxOWxHbTh4ZDJ2M3BN?oc=5
Ribas do Rio Pardo,Política e Institucional,Justiça Federal inicia dia 24 serviços de cidadania a trabalhadores rurais e indígenas em Porto Murtinho/MS - trf3.jus.br,trf3.jus.br,"Wed, 19 Nov 2025 08:00:00 GMT",Justiça Federal inicia dia 24 serviços de cidadania a trabalhadores rurais e indígenas em Porto Murtinho/MS  trf3.jus.br,https://news.google.com/rss/articles/CBMitAFBVV95cUxNNHU5MFJzMEliUVR0aHhvY0t2dU5IZUpGWXVLcTR4OFgzZVZQdDc3a0k0VzNzb3NhdFBsS0xFU2t1WEdHSGJVM1NfUnVieVVwcFVpdlI5SnlvR3MwSFVIblhLS0xTSndxSkNVMEJ6OGdGenFvdXVFbnpqY3hjUFo5S3QwaUp3VWNTejVNWjRxcE1PQi1VSHB0am5BaXlYekdXNFBGMnFtS3ZncVFBUGdSbGQ3RG4?oc=5
Sete Quedas,Social e Cultura,"Cine Sesi atrai público superior a 1,8 mil pessoas em Porto Murtinho - Perfil News - perfilnews.com.br",perfilnews.com.br,"Wed, 16 Apr 2014 07:00:00 GMT","Cine Sesi atrai público superior a 1,8 mil pessoas em Porto Murtinho - Perfil News  perfilnews.com.br",https://news.google.com/rss/articles/CBMirwFBVV95cUxOdUlrOUxwejlxck9ITmFCczVISUhCaUdPNGRpczUzaDZ3Y1RkWFhNYVBQU3NQVVJiTmNDckk0bUtrM3JTRTdjVFlMbmRLMkwyQnpCR1prOTNPUl9hWHdiaEFBYzhBNWF6NHVQZTdDZGRUTHVoR3A1a2NDeWt1V2xFWWVkMWRSSENsLXdmcnZuTml0VUVQX3podUtBMWlxY0ZRRS1KVGZUdGlXc3VEVXBZ0gG0AUFVX3lxTE9qTVJ6QjhUem1PTGp2eWsyNjgzRnRPdFRlLUlBT1A0NUh1NWdNNjk5OVQzNERua0dReDZHbjRmNUZEX0xvQjdUblNkN2kxMzlxVjJ1WUFHMHN4NUVmNm1qNmVuQzlObDBxVjRiaFF5dU1qQlJFMkthb1ZqeDF5emFBQ25QSjFQUS1Wd2c3VHJJYV92bi1NQXM1WXl2WUtRV0dIeXRuUUI1czM5c2dCa3c2REwxdw?oc=5
Sete Quedas,Social e Cultura,Operadores de turismo estrangeiros e nacionais realizam Famtour na Rota Norte - O Pantaneiro,O Pantaneiro,"Fri, 11 Dec 2009 08:00:00 GMT",Operadores de turismo estrangeiros e nacionais realizam Famtour na Rota Norte  O Pantaneiro,https://news.google.com/rss/articles/CBMizAFBVV95cUxPOW9hWHpGX2ZuUHpRWWdHMVR0QkIxLWxQelRtT3RZdi11cW9YV2Z0R1psS0Q5cGh3ZFkzTUZSTXIzNWhDNlF1WDBfNU5IaWQtVWJjc1U5eGNaRHBSVUpYS3NncHdHY0pvVTZiUG9EMXlSaU1QZ1FQTGJ4cFZySlBsRkNVbzh2YVZPaVNvdUM4QjVzX01ucGtTX2x3TUwtSFFZT2xNejFJdFhUek5UZGhHZ1dqcGdzazlFVXM0cGg1YmFOdnEzcFRVQmlCalE?oc=5
Sete Quedas,Educação e Negócios,Concurso Sanesul: Edital publicado com 90 vagas. Iniciais de R$7 mil! - Nova Concursos,Nova Concursos,"Mon, 27 Jan 2025 08:00:00 GMT",Concurso Sanesul: Edital publicado com 90 vagas. Iniciais de R$7 mil!  Nova Concursos,https://news.google.com/rss/articles/CBMidkFVX3lxTE8zTHAzTGN2X0laS1N6SWd5cjk5ejJ3Mjk5ZHBSX0FtNk5jTk1MT3BhblNPNlI1OElHMi1BNUxPc0NPVVBKNlVPdmhtRGlodzBDUFpnd3lhMWpiM0pqSjZTdnhSREd5NVcwTC1KS3U0eVZtZDhOeGc?oc=5
Sete Quedas,Educação e Negócios,Secretaria de Educação-MS abre 415 vagas para Assistente de Atividades Educacionais - Ache Concursos,Ache Concursos,"Tue, 10 Sep 2024 07:00:00 GMT",Secretaria de Educação-MS abre 415 vagas para Assistente de Atividades Educacionais  Ache Concursos,https://news.google.com/rss/articles/CBMi0AFBVV95cUxQR2RPcHZBOGdsUjNsYzM2Q09vVUN3ZW5rdHhnMFJUZ3JiZU5hbVdRemxJZ0NpQm5sby1kQWllVHkyS0JoM0xtWjN0VnA4U0JKdGdQbWJvUDJxeFdxSFUxQ1ZNWGhOLU1CeWhDQVZLaGY2eHhaakZuR0RuN1J0WVNxLV9iaWtnNVZ5eXZ2TzJkVXJsdkM3VnpMTXZ0OTFlYktWRHRzSHNkNG5oSE9JalZuVFZoRVFkVlNzUTJ0a2RtSVNFRXFKQWVNSTdoY254eFRD0gHWAUFVX3lxTE1MVk44Z1J5aXhtQUpvWDhCLWlEMjQ1eG92ZnhnQnVDWmFycEtMc3Q5cjRxOFZId1BSWWJZZkRZdWMzV3VMbzd0LTYyZmQtR0RMeXctSkI2eWZaWXlPaTg2VU5OalVva2IxQUpGOWVrcEZ0Q2hmMTFwaXZha2lRUllIczh6NS15czFMRkthbzlESFlNbnBwU1c4a1lfdC1CcHVBcmtKd094Vlc3WkRLd1dqeDU2R2lYa3JJX01ZaS1yb0RXLVZ0RFkwQmNoa2pYeVg5bFVIWVE?oc=5
Sete Quedas,Política e Institucional,Idosa de 96 anos consegue cirurgia após 50 recusas no MS - Campo Grande News,Campo Grande News,"Sun, 27 Sep 2026 13:35:00 GMT",Idosa de 96 anos consegue cirurgia após 50 recusas no MS  Campo Grande News,https://news.google.com/rss/articles/CBMiygFBVV95cUxOUWJ3eUh1WGZhQ1BSSEVDbmZnUFhnRk5tbVo5ZVhXQk1rbTI2eWtnelZXeUNCTGxIWWpxUV9aWVNNX04tVmNuc0pqM3cyRFFsd0U2WnREWHlqQ3o5MXk4QjBDS3JLeXRwWkY3QmNScUgwVDdMS2dnMXI3cDVvMTJYNWRHckN4dGt0X3NZR2NCWnB6RjMtUDdzYm9uMDdNd1RxWlZUQkpWN2J0Unh2cFFLOXRYZDVTaWFsdXhxWG5wdVJYZlpmdlhIbjd30gHKAUFVX3lxTE5RYnd5SHVYZmFDUFJIRUNuZmdQWGdGTm1tWjllWFdCTWttMjZ5a2d6Vld5Q0JMbEhZanFRX1pZU01fTi1WY25zSmozdzJEUWx3RTZadERYeWpDejkxeThCMENLckt5dHBaRjdCY1JxSDBUN0xLZ2cxcjdwNW8xMlg1ZEdyQ3h0a3Rfc1lHY0JacHpGMy1QN3Nib24wN013VHFaVlRCSlY3YnRSeHZwUUs5dFhkNVNpYWx1eHFYbnB1UlhmWmZ2WEhuN3c?oc=5
Sete Quedas,Política e Institucional,"Com apoio do Cidade Empreendedora, simplificação avança em Sete Quedas e torna abertura de empresas mais rápida - Agência Sebrae de Notícias",Agência Sebrae de Notícias,"Fri, 27 Feb 2026 08:00:00 GMT","Com apoio do Cidade Empreendedora, simplificação avança em Sete Quedas e torna abertura de empresas mais rápida  Agência Sebrae de Notícias",https://news.google.com/rss/articles/CBMi5gFBVV95cUxNdW1ZcE9scDk1SzFmSXgwbnY1M3ItRDk2WHJCaWxTbEROdGQ4Z2JKY0EyR0xvV29KV2RYbDY3X3ZxcWVCYTU5aWdVV2EyYkpIWGRVQWhfQ2RkeXViYnRwcnJhMjZzZmlFRzdJbEhHdS1MT25zQ0J5SjFPcXBtUGplWXhyUy1XdTYyUmtHT0lEUTR0bWVNN19USlczVFp0bUZVVDc1S3FJUjU3c1lRNWNsQnpSWjY0U2c3VnhrTlV2VXU4SmNPSERzSDdEZndmcDNFbmZHUnUtdVdIM0NDM0dRbWt1elBzQQ?oc=5
Sete Quedas,Política e Institucional,"Abastecimento da frota municipal custará R$ 2,9 milhões em Sete Quedas - Midiamax",Midiamax,"Mon, 20 Apr 2026 07:00:00 GMT","Abastecimento da frota municipal custará R$ 2,9 milhões em Sete Quedas  Midiamax",https://news.google.com/rss/articles/CBMitgFBVV95cUxNZV9oYTA2VHNhY1BzeHh3SWhZZlFnN2pPZVJDOEpjemJvOUV5U3NYWl9lMHllUmRlU3FzUHh2aFJTOUgxZTJzRDBSbEROZFhLQmQ5Y1phMHdrN1JUdXUzUktaVjBoUmQ3NmNiU0V5XzBCdWVCNFRUOEtwLVZiY3ZmTDk0dU1Vd1kyTE5aZE52ejVHdG1nMUxDbVVRcGl5MWpUQXVNTXRfb19MQ2hCQ1FiaE5OTVBJdw?oc=5
Sete Quedas,Política e Institucional,Inscrições para processo seletivo da Prefeitura de Sete Quedas terminam às 22h desta sexta-feira - RCN67,RCN67,"Fri, 10 Jul 2026 07:00:00 GMT",Inscrições para processo seletivo da Prefeitura de Sete Quedas terminam às 22h desta sexta-feira  RCN67,https://news.google.com/rss/articles/CBMi0AFBVV95cUxPWmxxd0JKeUZpQWFPMkJpSHF2aFNWSGRMam9sX1FndmdyMXVNRWFzWUlJeUN0clhOeTFFOEMwOGlrSUJuYXRFTXh1eHlXS0tsQVY5aHZIM2JMaG5QLUphMUlCRUlPRHZqVnFWa3FQTkNvT2c5SkRLNURFNHlqUDZ4MXhka0ZNdWNqOENlUUgtRzJYZVlTdWladUVOWlpDTnd6TmRNeGY4MDV2dGJsVDNTeHctVk5KMlplM0VJc3Q5dFpHNUNMQ3ppOVl5VUpSMklw?oc=5
Sete Quedas,Política e Institucional,"Itaipu anuncia investimentos em esporte, educação e infraestrutura para a região oeste do Paraná - GDia",GDia,"Fri, 03 Jul 2026 07:00:00 GMT","Itaipu anuncia investimentos em esporte, educação e infraestrutura para a região oeste do Paraná  GDia",https://news.google.com/rss/articles/CBMixwFBVV95cUxOaDBvSkZXazZrSDM3Y0dZNzhUMFp0SXNhU05hUHoxOXMxVHBxX0pEX1E2U0RTcVIzUG56N3hZajJiUnVkRE8xSmtad3BrUHNndnp5ZUgzRVVfek90N2tHcVJBZUZSOTBKdHBfaFBIVGUtRkdKS3FBNUtDZ0d0QkljYnllcjFmZWhNWG53OXM2VGE5a2NtTTJlbkRfNC1xTk15VXZKVEp3cHJRMVpfTmVka3lWS3FCQXZQYzA3d1h4eUJsQ08weTg4?oc=5
Sonora,Social e Cultura,Turismo de MS busca ampliar roteiros e levar desenvolvimento a novas regiões - - Folha de Campo Grande -,Folha de Campo Grande -,"Fri, 25 Sep 2026 09:35:34 GMT",Turismo de MS busca ampliar roteiros e levar desenvolvimento a novas regiões -  Folha de Campo Grande -,https://news.google.com/rss/articles/CBMirAFBVV95cUxOWUhySzlraUx2UGVzeXd2MDdmX3VUTVRwU0I1S3RUbFFudDhUUmhiWUkwVmR5eTBwd0xpSWk0eXNOSmFyYVdEY1hNa05LRkptY2JZNjlWZEQ0OXl6VXdpMkRrUUdfRGliOWZodHNRYldwalNBZHd2Nl80ZVZQZkZHWEJQeDZpMFBXelhoX196cTZXVkowNGRaamdNMnExNHJ5X3I2QU9kb3VPY0Zu?oc=5
Sonora,Social e Cultura,Sebrae/MS impulsiona movimento pela valorização da cultura pantaneira em Sonora - Agência Sebrae de Notícias,Agência Sebrae de Notícias,"Tue, 04 Aug 2026 07:00:00 GMT",Sebrae/MS impulsiona movimento pela valorização da cultura pantaneira em Sonora  Agência Sebrae de Notícias,https://news.google.com/rss/articles/CBMizwFBVV95cUxPZEZ4TU9kcG42RTZDRXAxZjZONGswZER2enNtZXdEbDFkaDRDd0Nzc3pVMDEta3N3WC1uRHlaMUFQTWRDNFZzVjBzREI3Q1JmNTBINzNfOEZJRVlYZ3YxQVE2UXlmNWcwU2NRa2lWNnA0X2YtTnYteXM5UkJsNHF6eFJfTHJrLXRzUkFSSlpSZjh5MkJNdEVWd0t6VmJKY3ZUbFJXd01yUDNCS3NwTnMxMk5XeE5NS3BWYjRWeXNaZi16RUJSRlQ0WHU5a0ZRRXM?oc=5
Sonora,Social e Cultura,Semana Modos de Acessar 2021 - Sesc São Paulo,Sesc São Paulo,"Fri, 26 Nov 2021 08:00:00 GMT",Semana Modos de Acessar 2021  Sesc São Paulo,https://news.google.com/rss/articles/CBMic0FVX3lxTE9GTGZsVUJyRkF0VFVjN3RIeU1JdGFOTUIzZXQxR0xEeFVEZVlvaDdpRkc0Xzl0bmpDOWFBbDUyd05tOE5WM2JVWTk1WjR2alQzLU1fWlhFbGk4Z1hwN1FjZlZhNGt6UXZSRkJqcFo1bm5BbWc?oc=5
Sonora,Social e Cultura,Orquestra e companhias de dança apresentam 'Lago dos Cisnes' em Cuiabá; entrada é gratuita - G1,G1,"Mon, 22 Jun 2026 07:00:00 GMT",Orquestra e companhias de dança apresentam 'Lago dos Cisnes' em Cuiabá; entrada é gratuita  G1,https://news.google.com/rss/articles/CBMi4gFBVV95cUxQVmhjQTRtT3R5eml6RTJ3elQ4QXdTUjlFUmpUdUtubVViZll4WHBhRktHcDRVWEtFbjhLQjhQVHJaUHRkUjREWjdSdzAwSjNKNGk5eHBkaXlwNldtdDJyc3lUZmtIRDh5bHY4Ynh2Tk5RNzh2aHFCYmxqeFFZdmdtUzg0YzBadG5EOHRWMjhONVd4OEEwY056R2dyaFdPRW5YNmJPRDZSNVp5bnlmNm8yR0VNYUp6OUx1eGZ3NGFoQmZXTThrQVZnTGR6ek01am40ZHAxOEJYZm53Tzhvd21BUldR0gHwAUFVX3lxTE5RTG1HdHUwLUZmYm9kbWVhZkV3ZFhkVEZaRjZGVlAzWTZqYnc4VmhmSVR1Y2MtU2pXQ0x3bzBmUms4QUpoVVl6MWVOVjgxWmJzMl8tLUdXenJGclZ5OVJtQlZvOS1keUhHazFtbEFHQ2JOa0Z3TTh3NDBHMUNVMWtjb01xcnF4Rm11M1lxY3VSQnB4b195ZnlLcHNtQXIwTDJWbHRUUnI3NUtDSHlUNmNOVGNSZUFvUFA1alJpY3Q3S0dOS1FEN20yQkdGMXVEamZ6dlF5bUtNcURYZkd5X2o1amlWM2xNV2liMEo0WWtkWA?oc=5
Sonora,Social e Cultura,Show Diaspora’S de Negoativo e Douglas Din leva sonoridade afromineira para o Brasil - Mangue Jornalismo,Mangue Jornalismo,"Fri, 20 Sep 2024 07:00:00 GMT",Show Diaspora’S de Negoativo e Douglas Din leva sonoridade afromineira para o Brasil  Mangue Jornalismo,https://news.google.com/rss/articles/CBMiswFBVV95cUxOcU1IdHcySEhPT3pJTGV1d3FOeVNIb3pUZFJyWE9IVVJBZlhibDJzNHAzV0g2MzZHY3U2TWpYeGE4b2tKZS10QXVidXp6bUQzM0ZFY2VxVENySkczVzZwcFBVNGI3ZUFrdVpIMHlwN0tVNTVkOEtaZjA1c1l0OTV0RzdJLXl5N0ZWaFFnbWJzdG1rTjZuU2NqUHFXTFRUNVlnZEt6a2lEUEFIeWtGTnF0QlVTZw?oc=5
Sonora,Educação e Negócios,Senai MS abre 2.475 vagas em cursos técnicos e profissionais - Campo Grande News,Campo Grande News,"Thu, 02 Jul 2026 07:00:00 GMT",Senai MS abre 2.475 vagas em cursos técnicos e profissionais  Campo Grande News,https://news.google.com/rss/articles/CBMivwFBVV95cUxOLWwwbUJwdTE2eVNjb194a1QtakdjYjVjanNMbExjdGpkWW1LS1VXYU04d0Q1aUtaMURneVJTV1ZHQTZJNGpLVGM4VEZpT0xYd3lPdXRKYmFLV3lfaHdua1pRV0ZVOWowcE40LWlQUFlva29OcnZGYm1TZjJwZTZMYWE0TGFxVlQ4cWc2dUcxRlR4LXRvMy10SE80d3JyQ3drOTQxaXFsMzdMcmNSeVd6dlNlNFVMamdDTGdBNko5VdIBvwFBVV95cUxQSk03a0tRYnZDZkJFekNrRDA1WllGRnNnQzhuWG9EMms4a0IwaW0tX2NCQmgyVnFCaXdXUW5ibEZrZlFOOGwtQlZTdTd3bFVxTDVpaVdwbUpFU1VaekNqMk9pcTFUX2luTjlSaFZwUDNvSG9OYWlIZ043eHZsblVsT0xPYkNscUViUGtPRS1wWWtwRTFfSFpDemtha1dmU3VLcWV1N2JTczhYN0dMYjdWOWNJTUFpWXV2Q3RmT29HQQ?oc=5
Sonora,Educação e Negócios,Senai MS: 2 mil vagas em cursos técnicos com bolsa de R$ 300; inscreva-se - Campo Grande News,Campo Grande News,"Fri, 13 Feb 2026 08:00:00 GMT",Senai MS: 2 mil vagas em cursos técnicos com bolsa de R$ 300; inscreva-se  Campo Grande News,https://news.google.com/rss/articles/CBMiygFBVV95cUxOWHVYVm1BR1ZyVVlueW43X1VYM3ZFMEU1ZlRfU0xfLTY3bmZFaHM1ZlZXNGFwMzJKRFhPajF1WDI1VjZ6ZWh2QkZacmtMSFlEMEJJOEI5VnN3c1Jab05rUjRCQW1ncUpoNmpBSGZnTlcwRlc5dFl6dXAySEV4bE4xZ1ViVjF2N2x0anBPNmZlTVFMQ014dVJqendPRnJLSlEtMk1vbEtkTUlEUTQzMEpUTWU2dG9ZeWI4eDEzUWtmblBOMmFxVS1SeklB0gHKAUFVX3lxTE1kbU4yTTRfSGxJMkRSUHljYThnRHh4WlppSHkwclI1Q0EyN0VVNVR1aDM2YTBpeWJvZU5hNWtBcnVoQ0xFbTBsTHBjLTg1d2dRTDM4TllLa0lEZXA2TnpPT0cxZWtrWXJtWGZJS0JveEZPVVhnTnFlT3ZfaHo1Q0JMRmt4YjI4QXdtTGQxV2UxSG1SejFEZ0hIOUVGZHNDeTlDeElucE11RG0tUUhaWm9JcHMxV2NydVgxekljWUlRQTdRWjdDVm9wSHc?oc=5
Sonora,Educação e Negócios,Funtrab e Biosul anunciam 2ª Rodada de Empregabilidade do Setor de Bioenergia com mais de 630 vagas em 15 municípios de MS - semadesc.ms.gov.br,semadesc.ms.gov.br,"Tue, 14 Oct 2025 07:00:00 GMT",Funtrab e Biosul anunciam 2ª Rodada de Empregabilidade do Setor de Bioenergia com mais de 630 vagas em 15 municípios de MS  semadesc.ms.gov.br,https://news.google.com/rss/articles/CBMi6gFBVV95cUxOZTcxZHpLaVpBb09zcUpDelJXR21TLWxMbnVDZFM3aTFRRHlwMXBiQVFITGlTZGVCb0dVRVFaeExrR2ZPYzRidm1BTktUdWZQeVdCLUs5LUJMTk5aeXBnUFU4eTN5VlA4TVR5bTBFeTNYRVlQNTVxd1ZrektaanZVYlhkMGdsZktiRHdETGpQNmZzU2ctZ2syUlA4TFU2NVRudkNaeWlxeHFUaTUwN2lGeEJ2V0JNWTE2U2VJaEJFRk43MklSOXY4TzdHV1d6ajRHenRRNGo0Q1F5emN5M0FSNjJqc0dTUThreFE?oc=5
Sonora,Educação e Negócios,GIRO FUNTRAB DE NOTÍCIAS – 03/06/2025 a 16/06/2025 - funtrab.ms.gov.br,funtrab.ms.gov.br,"Tue, 17 Jun 2025 07:00:00 GMT",GIRO FUNTRAB DE NOTÍCIAS – 03/06/2025 a 16/06/2025  funtrab.ms.gov.br,https://news.google.com/rss/articles/CBMihgFBVV95cUxOdThvX3U3ay1qR2dRN04ydUZIM3JZRWVqWU53Yzc2NFlFSWVfbmFHRnlGRkpHbmRaUnNKUDB6SWlIaGZLZHViV0xvNW1QSlBfRVRORHFzMDRuMGlrbmhmZFpacFpLVWt6QzJTMThTMzlCV2hvYVF5eDE3WHhFeWw3RXBHamc2UQ?oc=5
Sonora,Educação e Negócios,CCR MSVia está com 30 vagas de trabalho abertas em municípios de MS - Motiva Rodovias,Motiva Rodovias,"Fri, 01 Aug 2025 13:57:05 GMT",CCR MSVia está com 30 vagas de trabalho abertas em municípios de MS  Motiva Rodovias,https://news.google.com/rss/articles/CBMivwFBVV95cUxOd245czhPYXNyS0ZkMG03UzliYWlkeFFQRThicVNDQnRJZlZxOWo5eG5LM1ItTEJIbjRTTnF1MUEtSVc4MzVfY1JkcURsaDNiRzJkblVxUHhOUWlIS2wxX1ZCUmI5WGNtMlFnQVZadm1Pc05UUEE4X2tYN3Z3cXAwUERkWVdXNUhKU3RPVHEtRGdmWlI5WkV3Y3hST1NWUWlPX0RXU085VE5FNVAwcDNfdnA3Y1NUbDY3MHA3bXBpQQ?oc=5
Sonora,Política e Institucional,Prefeitura de Sonora é investigada por 'contrato carona' com empresa pivô de desvio bilionário em MT - Midiamax,Midiamax,"Sat, 25 Jul 2026 07:00:00 GMT",Prefeitura de Sonora é investigada por 'contrato carona' com empresa pivô de desvio bilionário em MT  Midiamax,https://news.google.com/rss/articles/CBMiugFBVV95cUxNMXNWcnQ0MHZ3YTVQVFhLSWk3dXptV1BPb194TXc0NlEtSFhobU9nNm9mYnRueG50dk9hQ2NmbXdIZjJDblpfUnoyYjAzaFpEcURxZWd3Z3VrNlB2V3BzZDNXbkotdDdwdzNXMEN6d0FUbWg2SjVHX0RaMjVnTlEya2Fac0JnSWpYLUFOXzdOVnFiMEJ5SlpQaGZBMXVJM01OdUVvcFViMGYwT3puWjVOYUF1OUZfY01Qdmc?oc=5
Sonora,Política e Institucional,Templos religiosos deverão respeitar limites de som em Fortaleza - Agência Brasil,Agência Brasil,"Fri, 13 Mar 2026 07:00:00 GMT",Templos religiosos deverão respeitar limites de som em Fortaleza  Agência Brasil,https://news.google.com/rss/articles/CBMi1AFBVV95cUxQT3YyRURrMkxDenQwT3hZbml4OXE5U1dFbEpRMjR2TVY2djRsYnU3MDlzNXFobjF1TE5WZ1RYZXVkc0pNU01kT0xVV3JWRS1NLXV3S19lSlIzOHpqLUlTZjRIbFY3NkU5WWtPTVhpMTd5SlhLVl9TR0w2bmFvUTBWUV95VFg1TTNLSzU2a2sxRF9SWGpHXy0tTENzcm5MaVpxLWtqYVlRSU9raDROZ1lPam1PbnVEYW41cDI3dnNaTVp2YktldHA4MEdGamplQ2lfeFc3bw?oc=5
Sonora,Política e Institucional,Sonora conquista 6º lugar no IQE-MS 2025 e se destaca entre as melhores redes municipais de ensino - Idest,Idest,"Tue, 28 Jul 2026 07:00:00 GMT",Sonora conquista 6º lugar no IQE-MS 2025 e se destaca entre as melhores redes municipais de ensino  Idest,https://news.google.com/rss/articles/CBMixgFBVV95cUxPZDJOU0JVQTJHT0lQRDJPV1dScUFSc3RzSnAzc1lkdFdZeEstZS1XbnlmMmVYNUI1UFB6c2hxaU5oTGdUc0tUaVNrUkJyN25HX1NtYkRkOVQzUHA0STR4QV9kRFFpM242VERfdEFqNjk5RGZTMUowUndfemJBRy1mRzJ1UHJsV0RpbUFzTzI3WVFUYVZyQXBlandDT29WTVVxdkNMem9UT1NSWExSUVJod0lOQVRJeFRHOGRqcjM3a202RFVwQmc?oc=5
Sonora,Política e Institucional,Show nacional é interrompido após fechamento de avenida e som acima do permitido em Cuiabá - G1,G1,"Thu, 14 May 2026 07:00:00 GMT",Show nacional é interrompido após fechamento de avenida e som acima do permitido em Cuiabá  G1,https://news.google.com/rss/articles/CBMi5gFBVV95cUxPSDZ0aDZtcTJOVlV6bWxFR3RKd3ZvOXBpTU52YllvTjNzOFhtU1hWNTNVMmJsNzYweE12SFlVd3NjOExndEZIb0w0NHp0djNuZVVzdElLRWgxeEVzT0ZDWXAwamdfd2dRRkRmcjBNQ3d5dlJpUnVHTmVDVmdORUtNZkdJQUNERzNRa0ZpRzZLUmRwZWtJbE5FOXoyRjd0QU0talN6eU0zWlRtc0pxT001QnNIcVJEMEJKbUZXMXNGazBJdV9qQ213b3dYMkJsYjVFa2REOUFXWWxWUUI2Rlk1YjVodjUwd9IB9AFBVV95cUxQRm12VUlUTGROR21nZTYtU2ZPdHJFSDRsYlZPN1NwbGZ3MzhkS2FmdUlzbmpUNWlDekhZZnQ2a0NGcGt6ZFVlZEJxRFlRM1hCU1NaZGthMVhCT3o4bzAzMXplbkxpZkRPbDJ0RDJqNTdHd0NKTlMyMkEyb2tsYm9uMjBNd2w0TDBDdVNQazBqQnB0ckh5SXZjbHk5X1NvNkZXcW5ycnRtdUstUjV0Q2l6QnJnQ2tRVkJpM2NGaXFRV0Foc0laeFVEa1FGakVzVk1qd3Q2UlEwR21RNEs3TGx2blFVRkdOZUxKcXpVblVEbnptNHU5?oc=5
Sonora,Política e Institucional,Campo Grande descumpre ordem judicial sobre ruído há anos - Campo Grande News,Campo Grande News,"Thu, 02 Jul 2026 07:00:00 GMT",Campo Grande descumpre ordem judicial sobre ruído há anos  Campo Grande News,https://news.google.com/rss/articles/CBMivwFBVV95cUxOZ3hqOWxPT0tCOFlCTmlFQlpQdWFEclpsRnU4WGFyd2dyQW42RUJFQXIxcFA0cUp6LUNyZ1U3VXlnZ1ExelEzN2ROVG1MYmRaU3lUM09oSGFvdHZkZjNqVWdMWDZvNURKYkVaaElCYm1WM245WWZSNkpscktZQ1NKU1hpUVJJZ2RtNFV2YzlDZjNSRU4wdWhNc1hhRUN5NzE4RkwyLTd2ZWJBbEJTaDRnUDVYZmw3el80MUZTVDRWWdIBvwFBVV95cUxPYUU5UFJZcHVzSzQ2aHhETW13VkdLT1Uyb3I1RGNrM2N6eXU2cDJXd0lTSXl6aWJqaTlwcklQLTdPSzNvWUdXSUNTT3Q2NWFLT1dJcUdiSVdLOHk0MmItSWdzTVU5MU1qa1dlazlIUEZQQmhDRHRQWFJGV3ZtTFc1UEdGUXBqVVpBLWVsY0dhYUdSWEx1UENneDR6Q2lIcUVHUFJ3S3JrVmFJYUl0NWFlWVhoNmNZSFVuNHNZUUM5Yw?oc=5
Tacuru,Educação e Negócios,"Sebrae/MS abre processo seletivo com vagas em Campo Grande, Dourados e Corumbá - Agência Sebrae de Notícias",Agência Sebrae de Notícias,"Thu, 03 Jul 2025 07:00:00 GMT","Sebrae/MS abre processo seletivo com vagas em Campo Grande, Dourados e Corumbá  Agência Sebrae de Notícias",https://news.google.com/rss/articles/CBMizAFBVV95cUxNSVAtcEpjaVFLczdnVjVRNUFoM2xRRm04cE9QMVJpbF9zSkdpS0pyc2c1bnI1amNLYWh2NWs1UXg4c1U1OUdGbE1MUU1uSVVZNzVGYy1kWEUxWFRDdVFaX1dveXB4eGw1ekY0dHU0NEw5QUE1ZU80M3lQQ2w1cncxMlZzaDVKN3JISkRUX1VONXpRSGN0WHFJNjFBWklYTXlPQXMwelBuSGhySTh6Vm9nZUdrZHZkTWRuVzdPY1hQMlplQ0RDU1pKQy1hcWk?oc=5
Tacuru,Educação e Negócios,Secretaria de Educação-MS abre 415 vagas para Assistente de Atividades Educacionais - Ache Concursos,Ache Concursos,"Tue, 10 Sep 2024 07:00:00 GMT",Secretaria de Educação-MS abre 415 vagas para Assistente de Atividades Educacionais  Ache Concursos,https://news.google.com/rss/articles/CBMi0AFBVV95cUxQR2RPcHZBOGdsUjNsYzM2Q09vVUN3ZW5rdHhnMFJUZ3JiZU5hbVdRemxJZ0NpQm5sby1kQWllVHkyS0JoM0xtWjN0VnA4U0JKdGdQbWJvUDJxeFdxSFUxQ1ZNWGhOLU1CeWhDQVZLaGY2eHhaakZuR0RuN1J0WVNxLV9iaWtnNVZ5eXZ2TzJkVXJsdkM3VnpMTXZ0OTFlYktWRHRzSHNkNG5oSE9JalZuVFZoRVFkVlNzUTJ0a2RtSVNFRXFKQWVNSTdoY254eFRD0gHWAUFVX3lxTE1MVk44Z1J5aXhtQUpvWDhCLWlEMjQ1eG92ZnhnQnVDWmFycEtMc3Q5cjRxOFZId1BSWWJZZkRZdWMzV3VMbzd0LTYyZmQtR0RMeXctSkI2eWZaWXlPaTg2VU5OalVva2IxQUpGOWVrcEZ0Q2hmMTFwaXZha2lRUllIczh6NS15czFMRkthbzlESFlNbnBwU1c4a1lfdC1CcHVBcmtKd094Vlc3WkRLd1dqeDU2R2lYa3JJX01ZaS1yb0RXLVZ0RFkwQmNoa2pYeVg5bFVIWVE?oc=5
Tacuru,Política e Institucional,Sala do Empreendedor de Tacuru é reinaugurada para apoiar empreendedores urbanos e rurais - Agência Sebrae de Notícias,Agência Sebrae de Notícias,"Thu, 12 Mar 2026 07:00:00 GMT",Sala do Empreendedor de Tacuru é reinaugurada para apoiar empreendedores urbanos e rurais  Agência Sebrae de Notícias,https://news.google.com/rss/articles/CBMi3AFBVV95cUxQRWwyY1AzcjV3b09XVUxtWUVyVXdWNDNzR01OQXAwNkV4S3hEZHVzZ2g4bUZnOHRONUs2TWFjZkk0em9iQUJmX2dyellNRjhxN2o0UmZYZ3J2d085X1FyRnBzVlJQVkF2Yldka0RnajJRS2VUVXRYYnA3REhkaDJjalFMRkFGSTYzRGhUS3RJWW9rNVEwV0R6Z3NKUDRXbmFRSGVEYnJDaFdBdFA1NWxNSGE0bHJweGt1T2N5YjZzRzNkR3ZpdFFmRnpNWW9kc3BsNlVqel9oVmFKWVRf?oc=5
Tacuru,Política e Institucional,"Morre Marcelo Miranda, ex-governador de Mato Grosso do Sul - Diário Corumbaense",Diário Corumbaense,"Tue, 23 Jun 2026 07:00:00 GMT","Morre Marcelo Miranda, ex-governador de Mato Grosso do Sul  Diário Corumbaense",https://news.google.com/rss/articles/CBMiZ0FVX3lxTE9MeTBKc0dVVHpmelMybF9GZGxWQXNreUgxdE5CMzR3eVRoNkxIdmpaazZ3aE5oZkE0R1BNaVZsdms1N2dxdUdzWnQyR1VOMGtyRUlSSFZIX2ZBTzROWkJMVGNIV2ZZRXM?oc=5
Tacuru,Política e Institucional,Educação de Tacuru alcança nota histórica no IDEB 2025 e está entre as melhores de Mato Grosso do Sul - - pautageral.com.br,pautageral.com.br,"Thu, 06 Aug 2026 07:00:00 GMT",Educação de Tacuru alcança nota histórica no IDEB 2025 e está entre as melhores de Mato Grosso do Sul -  pautageral.com.br,https://news.google.com/rss/articles/CBMi1gFBVV95cUxNSGgycnJfMl9SckpXUnJDNVpRLWRWRmFTSG1FTTI1NHA4N3ZHbEE5WkJWeHZNWGRTZnBfV0NaX3NUZ2VXOW5RM3BsSlRBNmRORjlPR1E4T2Y3bHRONHNkS09YX290Y0ttZWVEMUNKZWNjanBWcU1XMDRReUtDU1VqSnpJN01VV3BUX0pJdThhdENveHpqRlowOHEwQzJQMWxFMkpzenl5aGxiV2tyRGVTaTdoZGxYRnpTY09FTURxV19QWTRDSjFjVS1aZTVRdS1KOFdsZHdn0gHbAUFVX3lxTE52VkdWWVR6dHFHdXI3MTVqZ2p5cEN3cUlRaE82MkY3U3lQY0txeW5WZzROMEdKdWRSWVkzeEJKXzVqNDhIdHJIeWs1U1JWV2c1eWhyZmw3WkQ3QVBXU1NNS3lIMk80ZnB5cmRlNC1oZ09jS09hdjR5M2J5bG93MGQxNmtjb3VWb182Vm1hZ2ZKNEpVR1NjaG9FYU0tMDBzc1J4cEx5Rk53M2dqdFlpN1dyWlRWd2dHc2RyanVnd2hlR0tnaTA0dW84UjJtUGl5aUJmX1V2Szd6Q0lDQQ?oc=5
Tacuru,Política e Institucional,Plano de Desenvolvimento Municipal aponta caminhos para fortalecer economia e empreendedorismo em Tacuru - Agência Sebrae de Notícias,Agência Sebrae de Notícias,"Thu, 12 Mar 2026 07:00:00 GMT",Plano de Desenvolvimento Municipal aponta caminhos para fortalecer economia e empreendedorismo em Tacuru  Agência Sebrae de Notícias,https://news.google.com/rss/articles/CBMi8AFBVV95cUxNMF9QeFY4ODhiTGZONkpSY2V5eGtJcXVaZ0pfeTlKU0VUZ1BZMmZLVDZ0Nlc5cTlnRkRqOHBCcEZsc21UX0FIVno3a09ISFFmNmRDTGR6SzdMaXlUcFF2ZGd0TVN0bGhIdk02M2k1Q21HeE40Snl6a2t5dU1JclBxTEZWREtSQmdVN2ZzWVhIZmRWYWFyOFJWZlZUQVYwa1dmOWNqSW9CT1EyVFNpdFFaTWxUSkRGWGJvRHFSNm5qaHVocUpsT1VaLWZiRmxmUEJTMUR0M0FsTzlha25FQlpmVmVEYjRXVHFpMlhlb1R4Smw?oc=5
Tacuru,Política e Institucional,"Governo de MS fará obras em Chapadão e Tacuru, além da sede da Polícia de Trânsito na Capital - ArapuaNews",ArapuaNews,"Thu, 30 Apr 2026 07:00:00 GMT","Governo de MS fará obras em Chapadão e Tacuru, além da sede da Polícia de Trânsito na Capital  ArapuaNews",https://news.google.com/rss/articles/CBMiuwFBVV95cUxNSW1tTVZxZlBjWFJBZ3dHUml2ekdRU0lrRlBFLU5HcmJRYktPT0p3aHJuM0hUN3NmRHpnQ0pBOUhOYUNRMEZOdldkcHFuSEEtQ1V5N3NpNVZ3ZXN4QUlrZm9YRDNYa2JfX1VCeF9nUHpmUnFEM3dqTDBscUVZbkNDbXhXYjNPU2xRQ2NMbEFSREtTaE1jVGdsX1dCcXl2X2l2dGRsMVhQUk1oY3lQeENIWTl3bV9QRl9zS2pV?oc=5
